/* Auto-generated: embedded desktop Assets for RES: fallback (real PC without TOYOS FAT). */
/* Do not edit by hand — regenerate from ToyImage/rootfs/Assets. */
#include "BootTypes.h"

const UINT8 gBmpShell[6966] = {
    0x42, 0x4D, 0x36, 0x1B, 0x00, 0x00, 0x00, 0x00, 0x00, 0x00, 0x36, 0x00, 0x00, 0x00, 0x28, 0x00,
    0x00, 0x00, 0x30, 0x00, 0x00, 0x00, 0x30, 0x00, 0x00, 0x00, 0x01, 0x00, 0x18, 0x00, 0x00, 0x00,
    0x00, 0x00, 0x00, 0x1B, 0x00, 0x00, 0x13, 0x0B, 0x00, 0x00, 0x13, 0x0B, 0x00, 0x00, 0x00, 0x00,
    0x00, 0x00, 0x00, 0x00, 0x00, 0x00, 0x00, 0x00, 0x00, 0x00, 0x00, 0x00, 0x00, 0x00, 0x00, 0x00,
    0x00, 0x00, 0x00, 0x00, 0x00, 0x00, 0x00, 0x00, 0x00, 0x00, 0x00, 0xFF, 0x00, 0x00, 0xFF, 0x00,
    0x00, 0xFF, 0x00, 0x00, 0xFF, 0x00, 0x00, 0xFF, 0x00, 0x00, 0xFF, 0x00, 0x00, 0xFF, 0x00, 0x00,
    0xFF, 0x00, 0x00, 0xFF, 0x00, 0x00, 0xFF, 0x00, 0x00, 0xFF, 0x00, 0x00, 0xFF, 0x00, 0x00, 0xFF,
    0x00, 0x00, 0xFF, 0x00, 0x00, 0xFF, 0x00, 0x00, 0xFF, 0x00, 0x00, 0xFF, 0x00, 0x00, 0xFF, 0x00,
    0x00, 0xFF, 0x00, 0x00, 0xFF, 0x00, 0x00, 0xFF, 0x00, 0x00, 0xFF, 0x00, 0x00, 0xFF, 0x00, 0x00,
    0xFF, 0x00, 0x00, 0xFF, 0x00, 0x00, 0xFF, 0x00, 0x00, 0xFF, 0x00, 0x00, 0xFF, 0x00, 0x00, 0xFF,
    0x00, 0x00, 0xFF, 0x00, 0x00, 0xFF, 0x00, 0x00, 0xFF, 0x00, 0x00, 0xFF, 0x00, 0x00, 0xFF, 0x00,
    0x00, 0x00, 0x00, 0x00, 0x00, 0x00, 0x00, 0x00, 0x00, 0x00, 0x00, 0x00, 0x00, 0x00, 0x00, 0x00,
    0x00, 0x00, 0x00, 0x00, 0x00, 0x00, 0x00, 0x00, 0x00, 0x00, 0x00, 0x00, 0x00, 0x00, 0x00, 0x00,
    0x00, 0x00, 0x00, 0x00, 0x00, 0xFF, 0x00, 0x00, 0xFF, 0x00, 0x00, 0xFF, 0x00, 0x00, 0xFF, 0x00,
    0x00, 0xFF, 0x00, 0x00, 0xFF, 0x00, 0x00, 0xFF, 0x00, 0x00, 0xFF, 0x00, 0x00, 0xFF, 0x00, 0x00,
    0xFF, 0x00, 0x00, 0xFF, 0x00, 0x00, 0xFF, 0x00, 0x00, 0xFF, 0x00, 0x00, 0xFF, 0x00, 0x00, 0xFF,
    0x00, 0x00, 0xFF, 0x00, 0x00, 0xFF, 0x00, 0x00, 0xFF, 0x00, 0x00, 0xFF, 0x00, 0x00, 0xFF, 0x00,
    0x00, 0xFF, 0x00, 0x00, 0xFF, 0x00, 0x00, 0xFF, 0x00, 0x00, 0xFF, 0x00, 0x00, 0xFF, 0x00, 0x00,
    0xFF, 0x00, 0x00, 0xFF, 0x00, 0x00, 0xFF, 0x00, 0x00, 0xFF, 0x00, 0x00, 0xFF, 0x00, 0x00, 0xFF,
    0x00, 0x00, 0xFF, 0x00, 0x00, 0xFF, 0x00, 0x00, 0xFF, 0x00, 0x00, 0xFF, 0x00, 0x00, 0xFF, 0x00,
    0x00, 0xFF, 0x00, 0x00, 0xFF, 0x00, 0x00, 0x00, 0x00, 0x00, 0x00, 0x00, 0x00, 0x00, 0x00, 0x00,
    0x00, 0x00, 0x00, 0x00, 0x00, 0x00, 0x00, 0x00, 0x00, 0x00, 0x00, 0x00, 0x00, 0x00, 0x00, 0xFF,
    0x00, 0x00, 0xFF, 0x00, 0x00, 0xFF, 0x00, 0x00, 0xFF, 0x00, 0x00, 0xFF, 0x00, 0x00, 0xFF, 0x00,
    0x00, 0xFF, 0x00, 0x00, 0xFF, 0x00, 0x00, 0xFF, 0x00, 0x00, 0xFF, 0x00, 0x00, 0xFF, 0x00, 0x00,
    0xFF, 0x00, 0x00, 0xFF, 0x00, 0x00, 0xFF, 0x00, 0x00, 0xFF, 0x00, 0x00, 0xFF, 0x00, 0x00, 0xFF,
    0x00, 0x00, 0xFF, 0x00, 0x00, 0xFF, 0x00, 0x00, 0xFF, 0x00, 0x00, 0xFF, 0x00, 0x00, 0xFF, 0x00,
    0x00, 0xFF, 0x00, 0x00, 0xFF, 0x00, 0x00, 0xFF, 0x00, 0x00, 0xFF, 0x00, 0x00, 0xFF, 0x00, 0x00,
    0xFF, 0x00, 0x00, 0xFF, 0x00, 0x00, 0xFF, 0x00, 0x00, 0xFF, 0x00, 0x00, 0xFF, 0x00, 0x00, 0xFF,
    0x00, 0x00, 0xFF, 0x00, 0x00, 0xFF, 0x00, 0x00, 0xFF, 0x00, 0x00, 0xFF, 0x00, 0x00, 0xFF, 0x00,
    0x00, 0xFF, 0x00, 0x00, 0xFF, 0x00, 0x00, 0xFF, 0x00, 0x00, 0xFF, 0x00, 0x00, 0x00, 0x00, 0x00,
    0x00, 0x00, 0x00, 0x00, 0x00, 0x00, 0x00, 0x00, 0x00, 0x00, 0x00, 0x00, 0xFF, 0x00, 0x00, 0xFF,
    0x00, 0x00, 0xFF, 0x00, 0x00, 0xFF, 0x00, 0x00, 0xFF, 0x00, 0x00, 0xFF, 0x00, 0x00, 0xFF, 0x00,
    0x00, 0xFF, 0x00, 0x00, 0xFF, 0x00, 0x00, 0xFF, 0x00, 0x00, 0xFF, 0x00, 0x00, 0xFF, 0x00, 0x00,
    0xFF, 0x00, 0x00, 0xFF, 0x00, 0x00, 0xFF, 0x00, 0x00, 0xFF, 0x00, 0x00, 0xFF, 0x00, 0x00, 0xFF,
    0x00, 0x00, 0xFF, 0x00, 0x00, 0xFF, 0x00, 0x00, 0xFF, 0x00, 0x00, 0xFF, 0x00, 0x00, 0xFF, 0x00,
    0x00, 0xFF, 0x00, 0x00, 0xFF, 0x00, 0x00, 0xFF, 0x00, 0x00, 0xFF, 0x00, 0x00, 0xFF, 0x00, 0x00,
    0xFF, 0x00, 0x00, 0xFF, 0x00, 0x00, 0xFF, 0x00, 0x00, 0xFF, 0x00, 0x00, 0xFF, 0x00, 0x00, 0xFF,
    0x00, 0x00, 0xFF, 0x00, 0x00, 0xFF, 0x00, 0x00, 0xFF, 0x00, 0x00, 0xFF, 0x00, 0x00, 0xFF, 0x00,
    0x00, 0xFF, 0x00, 0x00, 0xFF, 0x00, 0x00, 0xFF, 0x00, 0x00, 0xFF, 0x00, 0x00, 0xFF, 0x00, 0x00,
    0x00, 0x00, 0x00, 0x00, 0x00, 0x00, 0x00, 0x00, 0x00, 0x00, 0x00, 0x00, 0xFF, 0x00, 0x00, 0xFF,
    0x00, 0x00, 0xFF, 0x00, 0x00, 0xFF, 0x00, 0x00, 0xFF, 0x00, 0x00, 0xFF, 0x00, 0x00, 0xFF, 0x00,
    0x00, 0xFF, 0x00, 0x00, 0xFF, 0x00, 0x00, 0xFF, 0x00, 0x00, 0xFF, 0x00, 0x00, 0xFF, 0x00, 0x00,
    0xFF, 0x00, 0x00, 0xFF, 0x00, 0x00, 0xFF, 0x00, 0x00, 0xFF, 0x00, 0x00, 0xFF, 0x00, 0x00, 0xFF,
    0x00, 0x00, 0xFF, 0x00, 0x00, 0xFF, 0x00, 0x00, 0xFF, 0x00, 0x00, 0xFF, 0x00, 0x00, 0xFF, 0x00,
    0x00, 0xFF, 0x00, 0x00, 0xFF, 0x00, 0x00, 0xFF, 0x00, 0x00, 0xFF, 0x00, 0x00, 0xFF, 0x00, 0x00,
    0xFF, 0x00, 0x00, 0xFF, 0x00, 0x00, 0xFF, 0x00, 0x00, 0xFF, 0x00, 0x00, 0xFF, 0x00, 0x00, 0xFF,
    0x00, 0x00, 0xFF, 0x00, 0x00, 0xFF, 0x00, 0x00, 0xFF, 0x00, 0x00, 0xFF, 0x00, 0x00, 0xFF, 0x00,
    0x00, 0xFF, 0x00, 0x00, 0xFF, 0x00, 0x00, 0xFF, 0x00, 0x00, 0xFF, 0x00, 0x00, 0xFF, 0x00, 0x00,
    0x00, 0x00, 0x00, 0x00, 0x00, 0x00, 0x00, 0x00, 0x00, 0xFF, 0x00, 0x00, 0xFF, 0x00, 0x00, 0xFF,
    0x00, 0x00, 0xFF, 0x00, 0x00, 0xFF, 0x00, 0x00, 0xFF, 0x00, 0x00, 0xFF, 0x00, 0x00, 0xFF, 0x00,
    0x00, 0xFF, 0x00, 0x00, 0xFF, 0x00, 0x00, 0xFF, 0x00, 0x00, 0xFF, 0x00, 0x00, 0xFF, 0x00, 0x00,
    0xFF, 0x00, 0x00, 0xFF, 0x00, 0x00, 0xFF, 0x00, 0x00, 0xFF, 0x00, 0x00, 0xFF, 0x00, 0x00, 0xFF,
    0x00, 0x00, 0xFF, 0x00, 0x00, 0xFF, 0x00, 0x00, 0xFF, 0x00, 0x00, 0xFF, 0x00, 0x00, 0xFF, 0x00,
    0x00, 0xFF, 0x00, 0x00, 0xFF, 0x00, 0x00, 0xFF, 0x00, 0x00, 0xFF, 0x00, 0x00, 0xFF, 0x00, 0x00,
    0xFF, 0x00, 0x00, 0xFF, 0x00, 0x00, 0xFF, 0x00, 0x00, 0xFF, 0x00, 0x00, 0xFF, 0x00, 0x00, 0xFF,
    0x00, 0x00, 0xFF, 0x00, 0x00, 0xFF, 0x00, 0x00, 0xFF, 0x00, 0x00, 0xFF, 0x00, 0x00, 0xFF, 0x00,
    0x00, 0xFF, 0x00, 0x00, 0xFF, 0x00, 0x00, 0xFF, 0x00, 0x00, 0xFF, 0x00, 0x00, 0xFF, 0x00, 0x00,
    0xFF, 0x00, 0x00, 0x00, 0x00, 0x00, 0x00, 0x00, 0x00, 0xFF, 0x00, 0x00, 0xFF, 0x00, 0x00, 0xFF,
    0x00, 0x00, 0xFF, 0x00, 0x00, 0xFF, 0x00, 0x00, 0xFF, 0x00, 0x00, 0xFF, 0x00, 0x00, 0xFF, 0x00,
    0x00, 0xFF, 0x00, 0x00, 0xFF, 0x00, 0x00, 0xFF, 0x00, 0x00, 0xFF, 0x00, 0x00, 0xFF, 0x00, 0x00,
    0xFF, 0x00, 0x00, 0xFF, 0x00, 0x00, 0xFF, 0x00, 0x00, 0xFF, 0x00, 0x00, 0xFF, 0x00, 0x00, 0xFF,
    0x00, 0x00, 0xFF, 0x00, 0x00, 0xFF, 0x00, 0x00, 0xFF, 0x00, 0x00, 0xFF, 0x00, 0x00, 0xFF, 0x00,
    0x00, 0xFF, 0x00, 0x00, 0xFF, 0x00, 0x00, 0xFF, 0x00, 0x00, 0xFF, 0x00, 0x00, 0xFF, 0x00, 0x00,
    0xFF, 0x00, 0x00, 0xFF, 0x00, 0x00, 0xFF, 0x00, 0x00, 0xFF, 0x00, 0x00, 0xFF, 0x00, 0x00, 0xFF,
    0x00, 0x00, 0xFF, 0x00, 0x00, 0xFF, 0x00, 0x00, 0xFF, 0x00, 0x00, 0xFF, 0x00, 0x00, 0xFF, 0x00,
    0x00, 0xFF, 0x00, 0x00, 0xFF, 0x00, 0x00, 0xFF, 0x00, 0x00, 0xFF, 0x00, 0x00, 0xFF, 0x00, 0x00,
    0xFF, 0x00, 0x00, 0x00, 0x00, 0x00, 0xFF, 0x00, 0x00, 0xFF, 0x00, 0x00, 0xFF, 0x00, 0x00, 0xFF,
    0x00, 0x00, 0xFF, 0x00, 0x00, 0xFF, 0x00, 0x00, 0xFF, 0x00, 0x00, 0xFF, 0x00, 0x00, 0xFF, 0x00,
    0x00, 0xFF, 0x00, 0x00, 0xFF, 0x00, 0x00, 0xFF, 0x00, 0x00, 0xFF, 0x00, 0x00, 0xFF, 0x00, 0x00,
    0xFF, 0x00, 0x00, 0xFF, 0x00, 0x00, 0xFF, 0x00, 0x00, 0xFF, 0x00, 0x00, 0xFF, 0x00, 0x00, 0xFF,
    0x00, 0x00, 0xFF, 0x00, 0x00, 0xFF, 0x00, 0x00, 0xFF, 0x00, 0x00, 0xFF, 0x00, 0x00, 0xFF, 0x00,
    0x00, 0xFF, 0x00, 0x00, 0xFF, 0x00, 0x00, 0xFF, 0x00, 0x00, 0xFF, 0x00, 0x00, 0xFF, 0x00, 0x00,
    0xFF, 0x00, 0x00, 0xFF, 0x00, 0x00, 0xFF, 0x00, 0x00, 0xFF, 0x00, 0x00, 0xFF, 0x00, 0x00, 0xFF,
    0x00, 0x00, 0xFF, 0x00, 0x00, 0xFF, 0x00, 0x00, 0xFF, 0x00, 0x00, 0xFF, 0x00, 0x00, 0xFF, 0x00,
    0x00, 0xFF, 0x00, 0x00, 0xFF, 0x00, 0x00, 0xFF, 0x00, 0x00, 0xFF, 0x00, 0x00, 0xFF, 0x00, 0x00,
    0xFF, 0x00, 0x00, 0xFF, 0x00, 0x00, 0xFF, 0x00, 0x00, 0xFF, 0x00, 0x00, 0xFF, 0x00, 0x00, 0xFF,
    0x00, 0x00, 0xFF, 0x00, 0x00, 0xFF, 0x00, 0x00, 0xFF, 0x00, 0x00, 0xFF, 0x00, 0x00, 0xFF, 0x00,
    0x00, 0xFF, 0x00, 0x00, 0xFF, 0x00, 0x00, 0xFF, 0x00, 0x00, 0xFF, 0x00, 0x00, 0xFF, 0x00, 0x00,
    0xFF, 0x00, 0x00, 0xFF, 0x00, 0x00, 0xFF, 0x00, 0x00, 0xFF, 0x00, 0x00, 0xFF, 0x00, 0x00, 0xFF,
    0x00, 0x00, 0xFF, 0x00, 0x00, 0xFF, 0x00, 0x00, 0xFF, 0x00, 0x00, 0xFF, 0x00, 0x00, 0xFF, 0x00,
    0x00, 0xFF, 0x00, 0x00, 0xFF, 0x00, 0x00, 0xFF, 0x00, 0x00, 0xFF, 0x00, 0x00, 0xFF, 0x00, 0x00,
    0xFF, 0x00, 0x00, 0xFF, 0x00, 0x00, 0xFF, 0x00, 0x00, 0xFF, 0x00, 0x00, 0xFF, 0x00, 0x00, 0xFF,
    0x00, 0x00, 0xFF, 0x00, 0x00, 0xFF, 0x00, 0x00, 0xFF, 0x00, 0x00, 0xFF, 0x00, 0x00, 0xFF, 0x00,
    0x00, 0xFF, 0x00, 0x00, 0xFF, 0x00, 0x00, 0xFF, 0x00, 0x00, 0xFF, 0x00, 0x00, 0xFF, 0x00, 0x00,
    0xFF, 0x00, 0x00, 0xFF, 0x00, 0x00, 0xFF, 0x00, 0x00, 0xFF, 0x00, 0x00, 0xFF, 0x00, 0x00, 0xFF,
    0x00, 0x00, 0xFF, 0x00, 0x00, 0xFF, 0x00, 0x00, 0xFF, 0x00, 0x00, 0xFF, 0x00, 0x00, 0xFF, 0x00,
    0x00, 0xFF, 0x00, 0x00, 0xFF, 0x00, 0x00, 0xFF, 0x00, 0x00, 0xFF, 0x00, 0x00, 0xFF, 0x00, 0x00,
    0xFF, 0x00, 0x00, 0xFF, 0x00, 0x00, 0xFF, 0x00, 0x00, 0xFF, 0x00, 0x00, 0xFF, 0x00, 0x00, 0xFF,
    0x00, 0x00, 0xFF, 0x00, 0x00, 0xFF, 0x00, 0x00, 0xFF, 0x00, 0x00, 0xFF, 0x00, 0x00, 0xFF, 0x00,
    0x00, 0xFF, 0x00, 0x00, 0xFF, 0x00, 0x00, 0xFF, 0x00, 0x00, 0xFF, 0x00, 0x00, 0xFF, 0x00, 0x00,
    0xFF, 0x00, 0x00, 0xFF, 0x00, 0x00, 0xFF, 0x00, 0x00, 0xFF, 0x00, 0x00, 0xFF, 0x00, 0x00, 0xFF,
    0x00, 0x00, 0xFF, 0x00, 0x00, 0xFF, 0x00, 0x00, 0xFF, 0x00, 0x00, 0xFF, 0x00, 0x00, 0xFF, 0x00,
    0x00, 0xFF, 0x00, 0x00, 0xFF, 0x00, 0x00, 0xFF, 0x00, 0x00, 0xFF, 0x00, 0x00, 0xFF, 0x00, 0x00,
    0xFF, 0x00, 0x00, 0xFF, 0x00, 0x00, 0xFF, 0x00, 0x00, 0xFF, 0x00, 0x00, 0xFF, 0x00, 0x00, 0xFF,
    0x00, 0x00, 0xFF, 0x00, 0x00, 0xFF, 0x00, 0x00, 0xFF, 0x00, 0x00, 0xFF, 0x00, 0x00, 0xFF, 0x00,
    0x00, 0xFF, 0x00, 0x00, 0xFF, 0x00, 0x00, 0xFF, 0x00, 0x00, 0xFF, 0x00, 0x00, 0xFF, 0x00, 0x00,
    0xFF, 0x00, 0x00, 0xFF, 0x00, 0x00, 0xFF, 0x00, 0x00, 0xFF, 0x00, 0x00, 0xFF, 0x00, 0x00, 0xFF,
    0x00, 0x00, 0xFF, 0x00, 0x00, 0xFF, 0x00, 0x00, 0xFF, 0x00, 0x00, 0xFF, 0x00, 0x00, 0xFF, 0x00,
    0x00, 0xFF, 0x00, 0x00, 0xFF, 0x00, 0x00, 0xFF, 0x00, 0x00, 0xFF, 0x00, 0x00, 0xFF, 0x00, 0x00,
    0xFF, 0x00, 0x00, 0xFF, 0x00, 0x00, 0xFF, 0x00, 0x00, 0xFF, 0x00, 0x00, 0xFF, 0x00, 0x00, 0xFF,
    0x00, 0x00, 0xFF, 0x00, 0x00, 0xFF, 0x00, 0x00, 0xFF, 0x00, 0x00, 0xFF, 0x00, 0x00, 0xFF, 0x00,
    0x00, 0xFF, 0x00, 0x00, 0xFF, 0x00, 0x00, 0xFF, 0x00, 0x00, 0xFF, 0x00, 0x00, 0xFF, 0x00, 0x00,
    0xFF, 0x00, 0x00, 0xFF, 0x00, 0x00, 0xFF, 0x00, 0x00, 0xFF, 0x00, 0x00, 0xFF, 0x00, 0x00, 0xFF,
    0x00, 0x00, 0xFF, 0x00, 0x00, 0xFF, 0x00, 0x00, 0xFF, 0x00, 0x00, 0xFF, 0x00, 0x00, 0xFF, 0x00,
    0x00, 0xFF, 0x00, 0x00, 0xFF, 0x00, 0x00, 0xFF, 0x00, 0x00, 0xFF, 0x00, 0x00, 0xFF, 0x00, 0x00,
    0xFF, 0x00, 0x00, 0xFF, 0x00, 0x00, 0xFF, 0x00, 0x00, 0xFF, 0x00, 0x00, 0xFF, 0x00, 0x00, 0xFF,
    0x00, 0x00, 0xFF, 0x00, 0x00, 0xFF, 0x00, 0x00, 0xFF, 0x00, 0x00, 0xFF, 0x00, 0x00, 0xFF, 0x00,
    0x00, 0xFF, 0x00, 0x00, 0xFF, 0x00, 0x00, 0xFF, 0x00, 0x00, 0xFF, 0x00, 0x00, 0xFF, 0x00, 0x00,
    0xFF, 0x00, 0x00, 0xFF, 0x00, 0x00, 0xFF, 0x00, 0x00, 0xFF, 0x00, 0x00, 0xFF, 0x00, 0x00, 0xFF,
    0x00, 0x00, 0xFF, 0x00, 0x00, 0xFF, 0x00, 0x00, 0xFF, 0x00, 0x00, 0xFF, 0x00, 0x00, 0xFF, 0x00,
    0x00, 0xFF, 0x00, 0x00, 0xFF, 0x00, 0x00, 0xFF, 0x00, 0x00, 0xFF, 0x00, 0x00, 0xFF, 0x00, 0x00,
    0xFF, 0x00, 0x00, 0xFF, 0x00, 0x00, 0xFF, 0x00, 0x00, 0xFF, 0x00, 0x00, 0xFF, 0x00, 0x00, 0xFF,
    0x00, 0x00, 0xFF, 0x00, 0x00, 0xFF, 0x00, 0x00, 0xFF, 0x00, 0x00, 0xFF, 0x00, 0x00, 0xFF, 0x00,
    0x00, 0xFF, 0x00, 0x00, 0xFF, 0x00, 0x00, 0xFF, 0x00, 0x00, 0xFF, 0x00, 0x00, 0xFF, 0x00, 0x00,
    0xFF, 0x00, 0x00, 0xFF, 0x00, 0x00, 0xFF, 0x00, 0x00, 0xFF, 0x00, 0x00, 0xFF, 0x00, 0x00, 0xFF,
    0x00, 0x00, 0xFF, 0x00, 0x00, 0xFF, 0x00, 0x00, 0xFF, 0x00, 0x00, 0xFF, 0x00, 0x00, 0xFF, 0x00,
    0x00, 0xFF, 0x00, 0x00, 0xFF, 0x00, 0x00, 0xFF, 0x00, 0x00, 0xFF, 0x00, 0x00, 0xFF, 0x00, 0x00,
    0xFF, 0x00, 0x00, 0xFF, 0x00, 0x00, 0xFF, 0x00, 0x00, 0xFF, 0x00, 0x00, 0xFF, 0x00, 0x00, 0xFF,
    0x00, 0x00, 0xFF, 0x00, 0x00, 0xFF, 0x00, 0x00, 0xFF, 0x00, 0x00, 0xFF, 0x00, 0x00, 0xFF, 0x00,
    0x00, 0xFF, 0x00, 0x00, 0xFF, 0x00, 0x00, 0xFF, 0x00, 0x00, 0xFF, 0x00, 0x00, 0xFF, 0x00, 0x00,
    0xFF, 0x00, 0x00, 0xFF, 0x00, 0x00, 0xFF, 0x00, 0x00, 0xFF, 0x00, 0x00, 0xFF, 0x00, 0x00, 0xFF,
    0x00, 0x00, 0xFF, 0x00, 0x00, 0xFF, 0x00, 0x00, 0xFF, 0x00, 0x00, 0xFF, 0x00, 0x00, 0xFF, 0x00,
    0x00, 0xFF, 0x00, 0x00, 0xFF, 0x00, 0x00, 0xFF, 0x00, 0x00, 0xFF, 0x00, 0x00, 0xFF, 0x00, 0x00,
    0xFF, 0x00, 0x00, 0xFF, 0x00, 0x00, 0xFF, 0x00, 0x00, 0xFF, 0x00, 0x00, 0xFF, 0x00, 0x00, 0xFF,
    0x00, 0x00, 0xFF, 0x00, 0x00, 0xFF, 0x00, 0x00, 0xFF, 0x00, 0x00, 0xFF, 0x00, 0x00, 0xFF, 0x00,
    0x00, 0xFF, 0x00, 0x00, 0xFF, 0x00, 0x00, 0xFF, 0x00, 0x00, 0xFF, 0x00, 0x00, 0xFF, 0x00, 0x00,
    0xFF, 0x00, 0x00, 0xFF, 0x00, 0x00, 0xFF, 0x00, 0x00, 0xFF, 0x00, 0x00, 0xFF, 0x00, 0x00, 0xFF,
    0x00, 0x00, 0xFF, 0x00, 0x00, 0xFF, 0x00, 0x00, 0xFF, 0x00, 0x00, 0xFF, 0x00, 0x00, 0xFF, 0x00,
    0x00, 0xFF, 0x00, 0x00, 0xFF, 0x00, 0x00, 0xFF, 0x00, 0x00, 0xFF, 0x00, 0x00, 0xFF, 0x00, 0x00,
    0xFF, 0x00, 0x00, 0xFF, 0x00, 0x00, 0xFF, 0x00, 0x00, 0xFF, 0x00, 0x00, 0xFF, 0x00, 0x00, 0xFF,
    0x00, 0x00, 0xFF, 0x00, 0x00, 0xFF, 0x00, 0x00, 0xFF, 0x00, 0x00, 0xFF, 0x00, 0x00, 0xFF, 0x00,
    0x00, 0xFF, 0x00, 0x00, 0xFF, 0x00, 0x00, 0xFF, 0x00, 0x00, 0xFF, 0x00, 0x00, 0xFF, 0x00, 0x00,
    0xFF, 0x00, 0x00, 0xFF, 0x00, 0x00, 0xFF, 0x00, 0x00, 0xFF, 0x00, 0x00, 0xFF, 0x00, 0x00, 0xFF,
    0x00, 0x00, 0xFF, 0x00, 0x00, 0xFF, 0x00, 0x00, 0xFF, 0x00, 0x00, 0xFF, 0x00, 0x00, 0xFF, 0x00,
    0x00, 0xFF, 0x00, 0x00, 0xFF, 0x00, 0x00, 0xFF, 0x00, 0x00, 0xFF, 0x00, 0x00, 0xFF, 0x00, 0x00,
    0xFF, 0x00, 0x00, 0xFF, 0x00, 0x00, 0xFF, 0x00, 0x00, 0xFF, 0x00, 0x00, 0xFF, 0x00, 0x00, 0xFF,
    0x00, 0x00, 0xFF, 0x00, 0x00, 0xFF, 0x00, 0x00, 0xFF, 0x00, 0x00, 0xFF, 0x00, 0x00, 0xFF, 0x00,
    0x00, 0xFF, 0x00, 0x00, 0xFF, 0x00, 0x00, 0xFF, 0x00, 0x00, 0xFF, 0x00, 0x00, 0xFF, 0x00, 0x00,
    0xFF, 0x00, 0x00, 0xFF, 0x00, 0x00, 0xFF, 0x00, 0x00, 0xFF, 0x00, 0x00, 0xFF, 0x00, 0x00, 0xFF,
    0x00, 0x00, 0xFF, 0x00, 0x00, 0xFF, 0x00, 0x00, 0xFF, 0x00, 0x00, 0xFF, 0x00, 0x00, 0xFF, 0x00,
    0x00, 0xFF, 0x00, 0x00, 0xFF, 0x00, 0x00, 0xFF, 0x00, 0x00, 0xFF, 0x00, 0x00, 0xFF, 0x00, 0x00,
    0xFF, 0x00, 0x00, 0xFF, 0x00, 0x00, 0xFF, 0x00, 0x00, 0xFF, 0x00, 0x00, 0xFF, 0x00, 0x00, 0xFF,
    0x00, 0x00, 0xFF, 0x00, 0x00, 0xFF, 0x00, 0x00, 0xFF, 0x17, 0x17, 0xFF, 0x7D, 0x7D, 0xFF, 0x88,
    0x88, 0xFF, 0x88, 0x88, 0xFF, 0x88, 0x88, 0xFF, 0x88, 0x88, 0xFF, 0x88, 0x88, 0xFF, 0x88, 0x88,
    0xFF, 0x88, 0x88, 0xFF, 0x88, 0x88, 0xFF, 0x7D, 0x7D, 0xFF, 0x17, 0x17, 0xFF, 0x00, 0x00, 0xFF,
    0x00, 0x00, 0xFF, 0x00, 0x00, 0xFF, 0x00, 0x00, 0xFF, 0x00, 0x00, 0xFF, 0x00, 0x00, 0xFF, 0x00,
    0x00, 0xFF, 0x00, 0x00, 0xFF, 0x00, 0x00, 0xFF, 0x00, 0x00, 0xFF, 0x00, 0x00, 0xFF, 0x00, 0x00,
    0xFF, 0x00, 0x00, 0xFF, 0x00, 0x00, 0xFF, 0x00, 0x00, 0xFF, 0x00, 0x00, 0xFF, 0x00, 0x00, 0xFF,
    0x00, 0x00, 0xFF, 0x00, 0x00, 0xFF, 0x00, 0x00, 0xFF, 0x00, 0x00, 0xFF, 0x00, 0x00, 0xFF, 0x00,
    0x00, 0xFF, 0x00, 0x00, 0xFF, 0x00, 0x00, 0xFF, 0x00, 0x00, 0xFF, 0x00, 0x00, 0xFF, 0x00, 0x00,
    0xFF, 0x00, 0x00, 0xFF, 0x00, 0x00, 0xFF, 0x00, 0x00, 0xFF, 0x00, 0x00, 0xFF, 0x00, 0x00, 0xFF,
    0x00, 0x00, 0xFF, 0x00, 0x00, 0xFF, 0x00, 0x00, 0xFF, 0x90, 0x90, 0xFF, 0xFF, 0xFF, 0xFF, 0xFF,
    0xFF, 0xFF, 0xFF, 0xFF, 0xFF, 0xFF, 0xFF, 0xFF, 0xFF, 0xFF, 0xFF, 0xFF, 0xFF, 0xFF, 0xFF, 0xFF,
    0xFF, 0xFF, 0xFF, 0xFF, 0xFF, 0xFF, 0xFF, 0xFF, 0xFF, 0xFF, 0x90, 0x90, 0xFF, 0x00, 0x00, 0xFF,
    0x00, 0x00, 0xFF, 0x00, 0x00, 0xFF, 0x00, 0x00, 0xFF, 0x00, 0x00, 0xFF, 0x00, 0x00, 0xFF, 0x00,
    0x00, 0xFF, 0x00, 0x00, 0xFF, 0x00, 0x00, 0xFF, 0x00, 0x00, 0xFF, 0x00, 0x00, 0xFF, 0x00, 0x00,
    0xFF, 0x00, 0x00, 0xFF, 0x00, 0x00, 0xFF, 0x00, 0x00, 0xFF, 0x00, 0x00, 0xFF, 0x00, 0x00, 0xFF,
    0x00, 0x00, 0xFF, 0x00, 0x00, 0xFF, 0x00, 0x00, 0xFF, 0x00, 0x00, 0xFF, 0x00, 0x00, 0xFF, 0x00,
    0x00, 0xFF, 0x00, 0x00, 0xFF, 0x00, 0x00, 0xFF, 0x00, 0x00, 0xFF, 0x00, 0x00, 0xFF, 0x03, 0x03,
    0xFF, 0x33, 0x33, 0xFF, 0x03, 0x03, 0xFF, 0x00, 0x00, 0xFF, 0x00, 0x00, 0xFF, 0x00, 0x00, 0xFF,
    0x00, 0x00, 0xFF, 0x00, 0x00, 0xFF, 0x00, 0x00, 0xFF, 0x36, 0x36, 0xFF, 0xB6, 0xB6, 0xFF, 0xBB,
    0xBB, 0xFF, 0xBB, 0xBB, 0xFF, 0xBB, 0xBB, 0xFF, 0xBB, 0xBB, 0xFF, 0xBB, 0xBB, 0xFF, 0xBB, 0xBB,
    0xFF, 0xBB, 0xBB, 0xFF, 0xBB, 0xBB, 0xFF, 0xB6, 0xB6, 0xFF, 0x36, 0x36, 0xFF, 0x00, 0x00, 0xFF,
    0x00, 0x00, 0xFF, 0x00, 0x00, 0xFF, 0x00, 0x00, 0xFF, 0x00, 0x00, 0xFF, 0x00, 0x00, 0xFF, 0x00,
    0x00, 0xFF, 0x00, 0x00, 0xFF, 0x00, 0x00, 0xFF, 0x00, 0x00, 0xFF, 0x00, 0x00, 0xFF, 0x00, 0x00,
    0xFF, 0x00, 0x00, 0xFF, 0x00, 0x00, 0xFF, 0x00, 0x00, 0xFF, 0x00, 0x00, 0xFF, 0x00, 0x00, 0xFF,
    0x00, 0x00, 0xFF, 0x00, 0x00, 0xFF, 0x00, 0x00, 0xFF, 0x00, 0x00, 0xFF, 0x00, 0x00, 0xFF, 0x00,
    0x00, 0xFF, 0x00, 0x00, 0xFF, 0x00, 0x00, 0xFF, 0x00, 0x00, 0xFF, 0x00, 0x00, 0xFF, 0x7F, 0x7F,
    0xFF, 0xFF, 0xFF, 0xFF, 0xB1, 0xB1, 0xFF, 0x06, 0x06, 0xFF, 0x00, 0x00, 0xFF, 0x00, 0x00, 0xFF,
    0x00, 0x00, 0xFF, 0x00, 0x00, 0xFF, 0x00, 0x00, 0xFF, 0x00, 0x00, 0xFF, 0x00, 0x00, 0xFF, 0x00,
    0x00, 0xFF, 0x00, 0x00, 0xFF, 0x00, 0x00, 0xFF, 0x00, 0x00, 0xFF, 0x00, 0x00, 0xFF, 0x00, 0x00,
    0xFF, 0x00, 0x00, 0xFF, 0x00, 0x00, 0xFF, 0x00, 0x00, 0xFF, 0x00, 0x00, 0xFF, 0x00, 0x00, 0xFF,
    0x00, 0x00, 0xFF, 0x00, 0x00, 0xFF, 0x00, 0x00, 0xFF, 0x00, 0x00, 0xFF, 0x00, 0x00, 0xFF, 0x00,
    0x00, 0xFF, 0x00, 0x00, 0xFF, 0x00, 0x00, 0xFF, 0x00, 0x00, 0xFF, 0x00, 0x00, 0xFF, 0x00, 0x00,
    0xFF, 0x00, 0x00, 0xFF, 0x00, 0x00, 0xFF, 0x00, 0x00, 0xFF, 0x00, 0x00, 0xFF, 0x00, 0x00, 0xFF,
    0x00, 0x00, 0xFF, 0x00, 0x00, 0xFF, 0x00, 0x00, 0xFF, 0x00, 0x00, 0xFF, 0x00, 0x00, 0xFF, 0x00,
    0x00, 0xFF, 0x00, 0x00, 0xFF, 0x00, 0x00, 0xFF, 0x00, 0x00, 0xFF, 0x00, 0x00, 0xFF, 0x5F, 0x5F,
    0xFF, 0xFF, 0xFF, 0xFF, 0xFF, 0xFF, 0xFF, 0xB1, 0xB1, 0xFF, 0x06, 0x06, 0xFF, 0x00, 0x00, 0xFF,
    0x00, 0x00, 0xFF, 0x00, 0x00, 0xFF, 0x00, 0x00, 0xFF, 0x00, 0x00, 0xFF, 0x00, 0x00, 0xFF, 0x00,
    0x00, 0xFF, 0x00, 0x00, 0xFF, 0x00, 0x00, 0xFF, 0x00, 0x00, 0xFF, 0x00, 0x00, 0xFF, 0x00, 0x00,
    0xFF, 0x00, 0x00, 0xFF, 0x00, 0x00, 0xFF, 0x00, 0x00, 0xFF, 0x00, 0x00, 0xFF, 0x00, 0x00, 0xFF,
    0x00, 0x00, 0xFF, 0x00, 0x00, 0xFF, 0x00, 0x00, 0xFF, 0x00, 0x00, 0xFF, 0x00, 0x00, 0xFF, 0x00,
    0x00, 0xFF, 0x00, 0x00, 0xFF, 0x00, 0x00, 0xFF, 0x00, 0x00, 0xFF, 0x00, 0x00, 0xFF, 0x00, 0x00,
    0xFF, 0x00, 0x00, 0xFF, 0x00, 0x00, 0xFF, 0x00, 0x00, 0xFF, 0x00, 0x00, 0xFF, 0x00, 0x00, 0xFF,
    0x00, 0x00, 0xFF, 0x00, 0x00, 0xFF, 0x00, 0x00, 0xFF, 0x00, 0x00, 0xFF, 0x00, 0x00, 0xFF, 0x00,
    0x00, 0xFF, 0x00, 0x00, 0xFF, 0x00, 0x00, 0xFF, 0x00, 0x00, 0xFF, 0x00, 0x00, 0xFF, 0x00, 0x00,
    0xFF, 0x74, 0x74, 0xFF, 0xFF, 0xFF, 0xFF, 0xFF, 0xFF, 0xFF, 0xB6, 0xB6, 0xFF, 0x07, 0x07, 0xFF,
    0x00, 0x00, 0xFF, 0x00, 0x00, 0xFF, 0x00, 0x00, 0xFF, 0x00, 0x00, 0xFF, 0x00, 0x00, 0xFF, 0x00,
    0x00, 0xFF, 0x00, 0x00, 0xFF, 0x00, 0x00, 0xFF, 0x00, 0x00, 0xFF, 0x00, 0x00, 0xFF, 0x00, 0x00,
    0xFF, 0x00, 0x00, 0xFF, 0x00, 0x00, 0xFF, 0x00, 0x00, 0xFF, 0x00, 0x00, 0xFF, 0x00, 0x00, 0xFF,
    0x00, 0x00, 0xFF, 0x00, 0x00, 0xFF, 0x00, 0x00, 0xFF, 0x00, 0x00, 0xFF, 0x00, 0x00, 0xFF, 0x00,
    0x00, 0xFF, 0x00, 0x00, 0xFF, 0x00, 0x00, 0xFF, 0x00, 0x00, 0xFF, 0x00, 0x00, 0xFF, 0x00, 0x00,
    0xFF, 0x00, 0x00, 0xFF, 0x00, 0x00, 0xFF, 0x00, 0x00, 0xFF, 0x00, 0x00, 0xFF, 0x00, 0x00, 0xFF,
    0x00, 0x00, 0xFF, 0x00, 0x00, 0xFF, 0x00, 0x00, 0xFF, 0x00, 0x00, 0xFF, 0x00, 0x00, 0xFF, 0x00,
    0x00, 0xFF, 0x00, 0x00, 0xFF, 0x00, 0x00, 0xFF, 0x00, 0x00, 0xFF, 0x00, 0x00, 0xFF, 0x00, 0x00,
    0xFF, 0x00, 0x00, 0xFF, 0x74, 0x74, 0xFF, 0xFF, 0xFF, 0xFF, 0xFF, 0xFF, 0xFF, 0xB6, 0xB6, 0xFF,
    0x07, 0x07, 0xFF, 0x00, 0x00, 0xFF, 0x00, 0x00, 0xFF, 0x00, 0x00, 0xFF, 0x00, 0x00, 0xFF, 0x00,
    0x00, 0xFF, 0x00, 0x00, 0xFF, 0x00, 0x00, 0xFF, 0x00, 0x00, 0xFF, 0x00, 0x00, 0xFF, 0x00, 0x00,
    0xFF, 0x00, 0x00, 0xFF, 0x00, 0x00, 0xFF, 0x00, 0x00, 0xFF, 0x00, 0x00, 0xFF, 0x00, 0x00, 0xFF,
    0x00, 0x00, 0xFF, 0x00, 0x00, 0xFF, 0x00, 0x00, 0xFF, 0x00, 0x00, 0xFF, 0x00, 0x00, 0xFF, 0x00,
    0x00, 0xFF, 0x00, 0x00, 0xFF, 0x00, 0x00, 0xFF, 0x00, 0x00, 0xFF, 0x00, 0x00, 0xFF, 0x00, 0x00,
    0xFF, 0x00, 0x00, 0xFF, 0x00, 0x00, 0xFF, 0x00, 0x00, 0xFF, 0x00, 0x00, 0xFF, 0x00, 0x00, 0xFF,
    0x00, 0x00, 0xFF, 0x00, 0x00, 0xFF, 0x00, 0x00, 0xFF, 0x00, 0x00, 0xFF, 0x00, 0x00, 0xFF, 0x00,
    0x00, 0xFF, 0x00, 0x00, 0xFF, 0x00, 0x00, 0xFF, 0x00, 0x00, 0xFF, 0x00, 0x00, 0xFF, 0x00, 0x00,
    0xFF, 0x00, 0x00, 0xFF, 0x00, 0x00, 0xFF, 0x74, 0x74, 0xFF, 0xFF, 0xFF, 0xFF, 0xFF, 0xFF, 0xFF,
    0xB6, 0xB6, 0xFF, 0x07, 0x07, 0xFF, 0x00, 0x00, 0xFF, 0x00, 0x00, 0xFF, 0x00, 0x00, 0xFF, 0x00,
    0x00, 0xFF, 0x00, 0x00, 0xFF, 0x00, 0x00, 0xFF, 0x00, 0x00, 0xFF, 0x00, 0x00, 0xFF, 0x00, 0x00,
    0xFF, 0x00, 0x00, 0xFF, 0x00, 0x00, 0xFF, 0x00, 0x00, 0xFF, 0x00, 0x00, 0xFF, 0x00, 0x00, 0xFF,
    0x00, 0x00, 0xFF, 0x00, 0x00, 0xFF, 0x00, 0x00, 0xFF, 0x00, 0x00, 0xFF, 0x00, 0x00, 0xFF, 0x00,
    0x00, 0xFF, 0x00, 0x00, 0xFF, 0x00, 0x00, 0xFF, 0x00, 0x00, 0xFF, 0x00, 0x00, 0xFF, 0x00, 0x00,
    0xFF, 0x00, 0x00, 0xFF, 0x00, 0x00, 0xFF, 0x00, 0x00, 0xFF, 0x00, 0x00, 0xFF, 0x00, 0x00, 0xFF,
    0x00, 0x00, 0xFF, 0x00, 0x00, 0xFF, 0x00, 0x00, 0xFF, 0x00, 0x00, 0xFF, 0x24, 0x24, 0xFF, 0x24,
    0x24, 0xFF, 0x24, 0x24, 0xFF, 0x24, 0x24, 0xFF, 0x24, 0x24, 0xFF, 0x24, 0x24, 0xFF, 0x24, 0x24,
    0xFF, 0x24, 0x24, 0xFF, 0x24, 0x24, 0xFF, 0x24, 0x24, 0xFF, 0x88, 0x88, 0xFF, 0xFF, 0xFF, 0xFF,
    0xFF, 0xFF, 0xFF, 0xC0, 0xC0, 0xFF, 0x2A, 0x2A, 0xFF, 0x24, 0x24, 0xFF, 0x24, 0x24, 0xFF, 0x24,
    0x24, 0xFF, 0x24, 0x24, 0xFF, 0x24, 0x24, 0xFF, 0x24, 0x24, 0xFF, 0x24, 0x24, 0xFF, 0x24, 0x24,
    0xFF, 0x24, 0x24, 0xFF, 0x24, 0x24, 0xFF, 0x24, 0x24, 0xFF, 0x24, 0x24, 0xFF, 0x24, 0x24, 0xFF,
    0x24, 0x24, 0xFF, 0x24, 0x24, 0xFF, 0x24, 0x24, 0xFF, 0x24, 0x24, 0xFF, 0x24, 0x24, 0xFF, 0x24,
    0x24, 0xFF, 0x00, 0x00, 0xFF, 0x00, 0x00, 0xFF, 0x00, 0x00, 0xFF, 0x00, 0x00, 0xFF, 0x00, 0x00,
    0xFF, 0x00, 0x00, 0xFF, 0x00, 0x00, 0xFF, 0x00, 0x00, 0xFF, 0x00, 0x00, 0xFF, 0x00, 0x00, 0xFF,
    0x00, 0x00, 0xFF, 0x00, 0x00, 0xFF, 0x24, 0x24, 0xFF, 0x24, 0x24, 0xFF, 0x24, 0x24, 0xFF, 0x24,
    0x24, 0xFF, 0x24, 0x24, 0xFF, 0x24, 0x24, 0xFF, 0x24, 0x24, 0xFF, 0x24, 0x24, 0xFF, 0x24, 0x24,
    0xFF, 0x24, 0x24, 0xFF, 0x24, 0x24, 0xFF, 0x24, 0x24, 0xFF, 0x24, 0x24, 0xFF, 0x8B, 0x8B, 0xFF,
    0xFF, 0xFF, 0xFF, 0xFF, 0xFF, 0xFF, 0xBC, 0xBC, 0xFF, 0x28, 0x28, 0xFF, 0x24, 0x24, 0xFF, 0x24,
    0x24, 0xFF, 0x24, 0x24, 0xFF, 0x24, 0x24, 0xFF, 0x24, 0x24, 0xFF, 0x24, 0x24, 0xFF, 0x24, 0x24,
    0xFF, 0x24, 0x24, 0xFF, 0x24, 0x24, 0xFF, 0x24, 0x24, 0xFF, 0x24, 0x24, 0xFF, 0x24, 0x24, 0xFF,
    0x24, 0x24, 0xFF, 0x24, 0x24, 0xFF, 0x24, 0x24, 0xFF, 0x24, 0x24, 0xFF, 0x24, 0x24, 0xFF, 0x24,
    0x24, 0xFF, 0x24, 0x24, 0xFF, 0x24, 0x24, 0xFF, 0x00, 0x00, 0xFF, 0x00, 0x00, 0xFF, 0x00, 0x00,
    0xFF, 0x00, 0x00, 0xFF, 0x00, 0x00, 0xFF, 0x00, 0x00, 0xFF, 0x00, 0x00, 0xFF, 0x00, 0x00, 0xFF,
    0x00, 0x00, 0xFF, 0x24, 0x24, 0xFF, 0x24, 0x24, 0xFF, 0x24, 0x24, 0xFF, 0x24, 0x24, 0xFF, 0x24,
    0x24, 0xFF, 0x24, 0x24, 0xFF, 0x24, 0x24, 0xFF, 0x24, 0x24, 0xFF, 0x24, 0x24, 0xFF, 0x24, 0x24,
    0xFF, 0x24, 0x24, 0xFF, 0x24, 0x24, 0xFF, 0x24, 0x24, 0xFF, 0x24, 0x24, 0xFF, 0x24, 0x24, 0xFF,
    0xA9, 0xA9, 0xFF, 0xFF, 0xFF, 0xFF, 0xFF, 0xFF, 0xFF, 0x69, 0x69, 0xFF, 0x24, 0x24, 0xFF, 0x24,
    0x24, 0xFF, 0x24, 0x24, 0xFF, 0x24, 0x24, 0xFF, 0x24, 0x24, 0xFF, 0x24, 0x24, 0xFF, 0x24, 0x24,
    0xFF, 0x24, 0x24, 0xFF, 0x24, 0x24, 0xFF, 0x24, 0x24, 0xFF, 0x24, 0x24, 0xFF, 0x24, 0x24, 0xFF,
    0x24, 0x24, 0xFF, 0x24, 0x24, 0xFF, 0x24, 0x24, 0xFF, 0x24, 0x24, 0xFF, 0x24, 0x24, 0xFF, 0x24,
    0x24, 0xFF, 0x24, 0x24, 0xFF, 0x24, 0x24, 0xFF, 0x24, 0x24, 0xFF, 0x00, 0x00, 0xFF, 0x00, 0x00,
    0xFF, 0x00, 0x00, 0xFF, 0x00, 0x00, 0xFF, 0x00, 0x00, 0xFF, 0x00, 0x00, 0xFF, 0x00, 0x00, 0xFF,
    0x24, 0x24, 0xFF, 0x24, 0x24, 0xFF, 0x24, 0x24, 0xFF, 0x24, 0x24, 0xFF, 0x24, 0x24, 0xFF, 0x24,
    0x24, 0xFF, 0x24, 0x24, 0xFF, 0x24, 0x24, 0xFF, 0x24, 0x24, 0xFF, 0x24, 0x24, 0xFF, 0x24, 0x24,
    0xFF, 0x24, 0x24, 0xFF, 0x24, 0x24, 0xFF, 0x24, 0x24, 0xFF, 0x24, 0x24, 0xFF, 0x5D, 0x5D, 0xFF,
    0xF6, 0xF6, 0xFF, 0xFF, 0xFF, 0xFF, 0xE0, 0xE0, 0xFF, 0x35, 0x35, 0xFF, 0x24, 0x24, 0xFF, 0x24,
    0x24, 0xFF, 0x24, 0x24, 0xFF, 0x24, 0x24, 0xFF, 0x24, 0x24, 0xFF, 0x24, 0x24, 0xFF, 0x24, 0x24,
    0xFF, 0x24, 0x24, 0xFF, 0x24, 0x24, 0xFF, 0x24, 0x24, 0xFF, 0x24, 0x24, 0xFF, 0x24, 0x24, 0xFF,
    0x24, 0x24, 0xFF, 0x24, 0x24, 0xFF, 0x24, 0x24, 0xFF, 0x24, 0x24, 0xFF, 0x24, 0x24, 0xFF, 0x24,
    0x24, 0xFF, 0x24, 0x24, 0xFF, 0x24, 0x24, 0xFF, 0x24, 0x24, 0xFF, 0x24, 0x24, 0xFF, 0x00, 0x00,
    0xFF, 0x00, 0x00, 0xFF, 0x00, 0x00, 0xFF, 0x00, 0x00, 0xFF, 0x00, 0x00, 0xFF, 0x24, 0x24, 0xFF,
    0x24, 0x24, 0xFF, 0x24, 0x24, 0xFF, 0x24, 0x24, 0xFF, 0x24, 0x24, 0xFF, 0x24, 0x24, 0xFF, 0x24,
    0x24, 0xFF, 0x24, 0x24, 0xFF, 0x24, 0x24, 0xFF, 0x24, 0x24, 0xFF, 0x24, 0x24, 0xFF, 0x24, 0x24,
    0xFF, 0x24, 0x24, 0xFF, 0x24, 0x24, 0xFF, 0x24, 0x24, 0xFF, 0x58, 0x58, 0xFF, 0xF5, 0xF5, 0xFF,
    0xFF, 0xFF, 0xFF, 0xE4, 0xE4, 0xFF, 0x3F, 0x3F, 0xFF, 0x24, 0x24, 0xFF, 0x24, 0x24, 0xFF, 0x24,
    0x24, 0xFF, 0x24, 0x24, 0xFF, 0x24, 0x24, 0xFF, 0x24, 0x24, 0xFF, 0x24, 0x24, 0xFF, 0x24, 0x24,
    0xFF, 0x24, 0x24, 0xFF, 0x24, 0x24, 0xFF, 0x24, 0x24, 0xFF, 0x24, 0x24, 0xFF, 0x24, 0x24, 0xFF,
    0x24, 0x24, 0xFF, 0x24, 0x24, 0xFF, 0x24, 0x24, 0xFF, 0x24, 0x24, 0xFF, 0x24, 0x24, 0xFF, 0x24,
    0x24, 0xFF, 0x24, 0x24, 0xFF, 0x24, 0x24, 0xFF, 0x24, 0x24, 0xFF, 0x24, 0x24, 0xFF, 0x24, 0x24,
    0xFF, 0x00, 0x00, 0xFF, 0x00, 0x00, 0xFF, 0x00, 0x00, 0xFF, 0x00, 0x00, 0xFF, 0x24, 0x24, 0xFF,
    0x24, 0x24, 0xFF, 0x24, 0x24, 0xFF, 0x24, 0x24, 0xFF, 0x24, 0x24, 0xFF, 0x24, 0x24, 0xFF, 0x24,
    0x24, 0xFF, 0x24, 0x24, 0xFF, 0x24, 0x24, 0xFF, 0x24, 0x24, 0xFF, 0x24, 0x24, 0xFF, 0x24, 0x24,
    0xFF, 0x24, 0x24, 0xFF, 0x24, 0x24, 0xFF, 0x58, 0x58, 0xFF, 0xF5, 0xF5, 0xFF, 0xFF, 0xFF, 0xFF,
    0xE4, 0xE4, 0xFF, 0x3F, 0x3F, 0xFF, 0x24, 0x24, 0xFF, 0x24, 0x24, 0xFF, 0x24, 0x24, 0xFF, 0x24,
    0x24, 0xFF, 0x24, 0x24, 0xFF, 0x24, 0x24, 0xFF, 0x24, 0x24, 0xFF, 0x24, 0x24, 0xFF, 0x24, 0x24,
    0xFF, 0x24, 0x24, 0xFF, 0x24, 0x24, 0xFF, 0x24, 0x24, 0xFF, 0x24, 0x24, 0xFF, 0x24, 0x24, 0xFF,
    0x24, 0x24, 0xFF, 0x24, 0x24, 0xFF, 0x24, 0x24, 0xFF, 0x24, 0x24, 0xFF, 0x24, 0x24, 0xFF, 0x24,
    0x24, 0xFF, 0x24, 0x24, 0xFF, 0x24, 0x24, 0xFF, 0x24, 0x24, 0xFF, 0x24, 0x24, 0xFF, 0x24, 0x24,
    0xFF, 0x00, 0x00, 0xFF, 0x00, 0x00, 0xFF, 0x00, 0x00, 0xFF, 0x24, 0x24, 0xFF, 0x24, 0x24, 0xFF,
    0x24, 0x24, 0xFF, 0x24, 0x24, 0xFF, 0x24, 0x24, 0xFF, 0x24, 0x24, 0xFF, 0x24, 0x24, 0xFF, 0x24,
    0x24, 0xFF, 0x24, 0x24, 0xFF, 0x24, 0x24, 0xFF, 0x24, 0x24, 0xFF, 0x24, 0x24, 0xFF, 0x24, 0x24,
    0xFF, 0x24, 0x24, 0xFF, 0x58, 0x58, 0xFF, 0xF5, 0xF5, 0xFF, 0xFF, 0xFF, 0xFF, 0xE4, 0xE4, 0xFF,
    0x3F, 0x3F, 0xFF, 0x24, 0x24, 0xFF, 0x24, 0x24, 0xFF, 0x24, 0x24, 0xFF, 0x24, 0x24, 0xFF, 0x24,
    0x24, 0xFF, 0x24, 0x24, 0xFF, 0x24, 0x24, 0xFF, 0x24, 0x24, 0xFF, 0x24, 0x24, 0xFF, 0x24, 0x24,
    0xFF, 0x24, 0x24, 0xFF, 0x24, 0x24, 0xFF, 0x24, 0x24, 0xFF, 0x24, 0x24, 0xFF, 0x24, 0x24, 0xFF,
    0x24, 0x24, 0xFF, 0x24, 0x24, 0xFF, 0x24, 0x24, 0xFF, 0x24, 0x24, 0xFF, 0x24, 0x24, 0xFF, 0x24,
    0x24, 0xFF, 0x24, 0x24, 0xFF, 0x24, 0x24, 0xFF, 0x24, 0x24, 0xFF, 0x24, 0x24, 0xFF, 0x24, 0x24,
    0xFF, 0x24, 0x24, 0xFF, 0x00, 0x00, 0xFF, 0x00, 0x00, 0xFF, 0x24, 0x24, 0xFF, 0x24, 0x24, 0xFF,
    0x24, 0x24, 0xFF, 0x24, 0x24, 0xFF, 0x24, 0x24, 0xFF, 0x24, 0x24, 0xFF, 0x24, 0x24, 0xFF, 0x24,
    0x24, 0xFF, 0x24, 0x24, 0xFF, 0x24, 0x24, 0xFF, 0x24, 0x24, 0xFF, 0x24, 0x24, 0xFF, 0x24, 0x24,
    0xFF, 0x58, 0x58, 0xFF, 0xF5, 0xF5, 0xFF, 0xFF, 0xFF, 0xFF, 0xE4, 0xE4, 0xFF, 0x3F, 0x3F, 0xFF,
    0x24, 0x24, 0xFF, 0x24, 0x24, 0xFF, 0x24, 0x24, 0xFF, 0x24, 0x24, 0xFF, 0x24, 0x24, 0xFF, 0x24,
    0x24, 0xFF, 0x24, 0x24, 0xFF, 0x24, 0x24, 0xFF, 0x24, 0x24, 0xFF, 0x24, 0x24, 0xFF, 0x24, 0x24,
    0xFF, 0x24, 0x24, 0xFF, 0x24, 0x24, 0xFF, 0x24, 0x24, 0xFF, 0x24, 0x24, 0xFF, 0x24, 0x24, 0xFF,
    0x24, 0x24, 0xFF, 0x24, 0x24, 0xFF, 0x24, 0x24, 0xFF, 0x24, 0x24, 0xFF, 0x24, 0x24, 0xFF, 0x24,
    0x24, 0xFF, 0x24, 0x24, 0xFF, 0x24, 0x24, 0xFF, 0x24, 0x24, 0xFF, 0x24, 0x24, 0xFF, 0x24, 0x24,
    0xFF, 0x24, 0x24, 0xFF, 0x00, 0x00, 0xFF, 0x00, 0x00, 0xFF, 0x24, 0x24, 0xFF, 0x24, 0x24, 0xFF,
    0x24, 0x24, 0xFF, 0x24, 0x24, 0xFF, 0x24, 0x24, 0xFF, 0x24, 0x24, 0xFF, 0x24, 0x24, 0xFF, 0x24,
    0x24, 0xFF, 0x24, 0x24, 0xFF, 0x24, 0x24, 0xFF, 0x24, 0x24, 0xFF, 0x24, 0x24, 0xFF, 0x56, 0x56,
    0xFF, 0xF6, 0xF6, 0xFF, 0xFF, 0xFF, 0xFF, 0xE0, 0xE0, 0xFF, 0x3C, 0x3C, 0xFF, 0x24, 0x24, 0xFF,
    0x24, 0x24, 0xFF, 0x24, 0x24, 0xFF, 0x24, 0x24, 0xFF, 0x24, 0x24, 0xFF, 0x24, 0x24, 0xFF, 0x24,
    0x24, 0xFF, 0x24, 0x24, 0xFF, 0x24, 0x24, 0xFF, 0x24, 0x24, 0xFF, 0x24, 0x24, 0xFF, 0x24, 0x24,
    0xFF, 0x24, 0x24, 0xFF, 0x24, 0x24, 0xFF, 0x24, 0x24, 0xFF, 0x24, 0x24, 0xFF, 0x24, 0x24, 0xFF,
    0x24, 0x24, 0xFF, 0x24, 0x24, 0xFF, 0x24, 0x24, 0xFF, 0x24, 0x24, 0xFF, 0x24, 0x24, 0xFF, 0x24,
    0x24, 0xFF, 0x24, 0x24, 0xFF, 0x24, 0x24, 0xFF, 0x24, 0x24, 0xFF, 0x24, 0x24, 0xFF, 0x24, 0x24,
    0xFF, 0x24, 0x24, 0xFF, 0x00, 0x00, 0xFF, 0x00, 0x00, 0xFF, 0x24, 0x24, 0xFF, 0x24, 0x24, 0xFF,
    0x24, 0x24, 0xFF, 0x24, 0x24, 0xFF, 0x24, 0x24, 0xFF, 0x24, 0x24, 0xFF, 0x24, 0x24, 0xFF, 0x24,
    0x24, 0xFF, 0x24, 0x24, 0xFF, 0x24, 0x24, 0xFF, 0x24, 0x24, 0xFF, 0x24, 0x24, 0xFF, 0xA0, 0xA0,
    0xFF, 0xFF, 0xFF, 0xFF, 0xE0, 0xE0, 0xFF, 0x3C, 0x3C, 0xFF, 0x24, 0x24, 0xFF, 0x24, 0x24, 0xFF,
    0x24, 0x24, 0xFF, 0x24, 0x24, 0xFF, 0x24, 0x24, 0xFF, 0x24, 0x24, 0xFF, 0x24, 0x24, 0xFF, 0x24,
    0x24, 0xFF, 0x24, 0x24, 0xFF, 0x24, 0x24, 0xFF, 0x24, 0x24, 0xFF, 0x24, 0x24, 0xFF, 0x24, 0x24,
    0xFF, 0x24, 0x24, 0xFF, 0x24, 0x24, 0xFF, 0x24, 0x24, 0xFF, 0x24, 0x24, 0xFF, 0x24, 0x24, 0xFF,
    0x24, 0x24, 0xFF, 0x24, 0x24, 0xFF, 0x24, 0x24, 0xFF, 0x24, 0x24, 0xFF, 0x24, 0x24, 0xFF, 0x24,
    0x24, 0xFF, 0x24, 0x24, 0xFF, 0x24, 0x24, 0xFF, 0x24, 0x24, 0xFF, 0x24, 0x24, 0xFF, 0x24, 0x24,
    0xFF, 0x24, 0x24, 0xFF, 0x00, 0x00, 0xFF, 0x00, 0x00, 0xFF, 0x24, 0x24, 0xFF, 0x24, 0x24, 0xFF,
    0x24, 0x24, 0xFF, 0x24, 0x24, 0xFF, 0x24, 0x24, 0xFF, 0x24, 0x24, 0xFF, 0x24, 0x24, 0xFF, 0x24,
    0x24, 0xFF, 0x24, 0x24, 0xFF, 0x24, 0x24, 0xFF, 0x24, 0x24, 0xFF, 0x24, 0x24, 0xFF, 0x38, 0x38,
    0xFF, 0x85, 0x85, 0xFF, 0x39, 0x39, 0xFF, 0x24, 0x24, 0xFF, 0x24, 0x24, 0xFF, 0x24, 0x24, 0xFF,
    0x24, 0x24, 0xFF, 0x24, 0x24, 0xFF, 0x24, 0x24, 0xFF, 0x24, 0x24, 0xFF, 0x24, 0x24, 0xFF, 0x24,
    0x24, 0xFF, 0x24, 0x24, 0xFF, 0x24, 0x24, 0xFF, 0x24, 0x24, 0xFF, 0x24, 0x24, 0xFF, 0x24, 0x24,
    0xFF, 0x24, 0x24, 0xFF, 0x24, 0x24, 0xFF, 0x24, 0x24, 0xFF, 0x24, 0x24, 0xFF, 0x24, 0x24, 0xFF,
    0x24, 0x24, 0xFF, 0x24, 0x24, 0xFF, 0x24, 0x24, 0xFF, 0x24, 0x24, 0xFF, 0x24, 0x24, 0xFF, 0x24,
    0x24, 0xFF, 0x24, 0x24, 0xFF, 0x24, 0x24, 0xFF, 0x24, 0x24, 0xFF, 0x24, 0x24, 0xFF, 0x24, 0x24,
    0xFF, 0x24, 0x24, 0xFF, 0x00, 0x00, 0xFF, 0x00, 0x00, 0xFF, 0x24, 0x24, 0xFF, 0x24, 0x24, 0xFF,
    0x24, 0x24, 0xFF, 0x24, 0x24, 0xFF, 0x24, 0x24, 0xFF, 0x24, 0x24, 0xFF, 0x24, 0x24, 0xFF, 0x24,
    0x24, 0xFF, 0x24, 0x24, 0xFF, 0x24, 0x24, 0xFF, 0x24, 0x24, 0xFF, 0x24, 0x24, 0xFF, 0x24, 0x24,
    0xFF, 0x24, 0x24, 0xFF, 0x24, 0x24, 0xFF, 0x24, 0x24, 0xFF, 0x24, 0x24, 0xFF, 0x24, 0x24, 0xFF,
    0x24, 0x24, 0xFF, 0x24, 0x24, 0xFF, 0x24, 0x24, 0xFF, 0x24, 0x24, 0xFF, 0x24, 0x24, 0xFF, 0x24,
    0x24, 0xFF, 0x24, 0x24, 0xFF, 0x24, 0x24, 0xFF, 0x24, 0x24, 0xFF, 0x24, 0x24, 0xFF, 0x24, 0x24,
    0xFF, 0x24, 0x24, 0xFF, 0x24, 0x24, 0xFF, 0x24, 0x24, 0xFF, 0x24, 0x24, 0xFF, 0x24, 0x24, 0xFF,
    0x24, 0x24, 0xFF, 0x24, 0x24, 0xFF, 0x24, 0x24, 0xFF, 0x24, 0x24, 0xFF, 0x24, 0x24, 0xFF, 0x24,
    0x24, 0xFF, 0x24, 0x24, 0xFF, 0x24, 0x24, 0xFF, 0x24, 0x24, 0xFF, 0x24, 0x24, 0xFF, 0x24, 0x24,
    0xFF, 0x24, 0x24, 0xFF, 0x00, 0x00, 0xFF, 0x00, 0x00, 0xFF, 0x24, 0x24, 0xFF, 0x24, 0x24, 0xFF,
    0x24, 0x24, 0xFF, 0x24, 0x24, 0xFF, 0x24, 0x24, 0xFF, 0x24, 0x24, 0xFF, 0x24, 0x24, 0xFF, 0x24,
    0x24, 0xFF, 0x24, 0x24, 0xFF, 0x24, 0x24, 0xFF, 0x24, 0x24, 0xFF, 0x24, 0x24, 0xFF, 0x24, 0x24,
    0xFF, 0x24, 0x24, 0xFF, 0x24, 0x24, 0xFF, 0x24, 0x24, 0xFF, 0x24, 0x24, 0xFF, 0x24, 0x24, 0xFF,
    0x24, 0x24, 0xFF, 0x24, 0x24, 0xFF, 0x24, 0x24, 0xFF, 0x24, 0x24, 0xFF, 0x24, 0x24, 0xFF, 0x24,
    0x24, 0xFF, 0x24, 0x24, 0xFF, 0x24, 0x24, 0xFF, 0x24, 0x24, 0xFF, 0x24, 0x24, 0xFF, 0x24, 0x24,
    0xFF, 0x24, 0x24, 0xFF, 0x24, 0x24, 0xFF, 0x24, 0x24, 0xFF, 0x24, 0x24, 0xFF, 0x24, 0x24, 0xFF,
    0x24, 0x24, 0xFF, 0x24, 0x24, 0xFF, 0x24, 0x24, 0xFF, 0x24, 0x24, 0xFF, 0x24, 0x24, 0xFF, 0x24,
    0x24, 0xFF, 0x24, 0x24, 0xFF, 0x24, 0x24, 0xFF, 0x24, 0x24, 0xFF, 0x24, 0x24, 0xFF, 0x24, 0x24,
    0xFF, 0x24, 0x24, 0xFF, 0x00, 0x00, 0xFF, 0x00, 0x00, 0xFF, 0x24, 0x24, 0xFF, 0x24, 0x24, 0xFF,
    0x24, 0x24, 0xFF, 0x24, 0x24, 0xFF, 0x24, 0x24, 0xFF, 0x24, 0x24, 0xFF, 0x24, 0x24, 0xFF, 0x24,
    0x24, 0xFF, 0x24, 0x24, 0xFF, 0x24, 0x24, 0xFF, 0x24, 0x24, 0xFF, 0x24, 0x24, 0xFF, 0x24, 0x24,
    0xFF, 0x24, 0x24, 0xFF, 0x24, 0x24, 0xFF, 0x24, 0x24, 0xFF, 0x24, 0x24, 0xFF, 0x24, 0x24, 0xFF,
    0x24, 0x24, 0xFF, 0x24, 0x24, 0xFF, 0x24, 0x24, 0xFF, 0x24, 0x24, 0xFF, 0x24, 0x24, 0xFF, 0x24,
    0x24, 0xFF, 0x24, 0x24, 0xFF, 0x24, 0x24, 0xFF, 0x24, 0x24, 0xFF, 0x24, 0x24, 0xFF, 0x24, 0x24,
    0xFF, 0x24, 0x24, 0xFF, 0x24, 0x24, 0xFF, 0x24, 0x24, 0xFF, 0x24, 0x24, 0xFF, 0x24, 0x24, 0xFF,
    0x24, 0x24, 0xFF, 0x24, 0x24, 0xFF, 0x24, 0x24, 0xFF, 0x24, 0x24, 0xFF, 0x24, 0x24, 0xFF, 0x24,
    0x24, 0xFF, 0x24, 0x24, 0xFF, 0x24, 0x24, 0xFF, 0x24, 0x24, 0xFF, 0x24, 0x24, 0xFF, 0x24, 0x24,
    0xFF, 0x24, 0x24, 0xFF, 0x00, 0x00, 0xFF, 0x00, 0x00, 0xFF, 0x24, 0x24, 0xFF, 0x24, 0x24, 0xFF,
    0x24, 0x24, 0xFF, 0x24, 0x24, 0xFF, 0x24, 0x24, 0xFF, 0x24, 0x24, 0xFF, 0x24, 0x24, 0xFF, 0x24,
    0x24, 0xFF, 0x24, 0x24, 0xFF, 0x24, 0x24, 0xFF, 0x24, 0x24, 0xFF, 0x24, 0x24, 0xFF, 0x24, 0x24,
    0xFF, 0x24, 0x24, 0xFF, 0x24, 0x24, 0xFF, 0x24, 0x24, 0xFF, 0x24, 0x24, 0xFF, 0x24, 0x24, 0xFF,
    0x24, 0x24, 0xFF, 0x24, 0x24, 0xFF, 0x24, 0x24, 0xFF, 0x24, 0x24, 0xFF, 0x24, 0x24, 0xFF, 0x24,
    0x24, 0xFF, 0x24, 0x24, 0xFF, 0x24, 0x24, 0xFF, 0x24, 0x24, 0xFF, 0x24, 0x24, 0xFF, 0x24, 0x24,
    0xFF, 0x24, 0x24, 0xFF, 0x24, 0x24, 0xFF, 0x24, 0x24, 0xFF, 0x24, 0x24, 0xFF, 0x24, 0x24, 0xFF,
    0x24, 0x24, 0xFF, 0x24, 0x24, 0xFF, 0x24, 0x24, 0xFF, 0x24, 0x24, 0xFF, 0x24, 0x24, 0xFF, 0x24,
    0x24, 0xFF, 0x24, 0x24, 0xFF, 0x24, 0x24, 0xFF, 0x24, 0x24, 0xFF, 0x24, 0x24, 0xFF, 0x24, 0x24,
    0xFF, 0x24, 0x24, 0xFF, 0x00, 0x00, 0xFF, 0x00, 0x00, 0xFF, 0x24, 0x24, 0xFF, 0x24, 0x24, 0xFF,
    0x24, 0x24, 0xFF, 0x24, 0x24, 0xFF, 0x24, 0x24, 0xFF, 0x24, 0x24, 0xFF, 0x24, 0x24, 0xFF, 0x24,
    0x24, 0xFF, 0x24, 0x24, 0xFF, 0x24, 0x24, 0xFF, 0x24, 0x24, 0xFF, 0x24, 0x24, 0xFF, 0x24, 0x24,
    0xFF, 0x24, 0x24, 0xFF, 0x24, 0x24, 0xFF, 0x24, 0x24, 0xFF, 0x24, 0x24, 0xFF, 0x24, 0x24, 0xFF,
    0x24, 0x24, 0xFF, 0x24, 0x24, 0xFF, 0x24, 0x24, 0xFF, 0x24, 0x24, 0xFF, 0x24, 0x24, 0xFF, 0x24,
    0x24, 0xFF, 0x24, 0x24, 0xFF, 0x24, 0x24, 0xFF, 0x24, 0x24, 0xFF, 0x24, 0x24, 0xFF, 0x24, 0x24,
    0xFF, 0x24, 0x24, 0xFF, 0x24, 0x24, 0xFF, 0x24, 0x24, 0xFF, 0x24, 0x24, 0xFF, 0x24, 0x24, 0xFF,
    0x24, 0x24, 0xFF, 0x24, 0x24, 0xFF, 0x24, 0x24, 0xFF, 0x24, 0x24, 0xFF, 0x24, 0x24, 0xFF, 0x24,
    0x24, 0xFF, 0x24, 0x24, 0xFF, 0x24, 0x24, 0xFF, 0x24, 0x24, 0xFF, 0x24, 0x24, 0xFF, 0x24, 0x24,
    0xFF, 0x24, 0x24, 0xFF, 0x00, 0x00, 0xFF, 0x00, 0x00, 0xFF, 0x24, 0x24, 0xFF, 0x24, 0x24, 0xFF,
    0x24, 0x24, 0xFF, 0x24, 0x24, 0xFF, 0x24, 0x24, 0xFF, 0x24, 0x24, 0xFF, 0x24, 0x24, 0xFF, 0x24,
    0x24, 0xFF, 0x24, 0x24, 0xFF, 0x24, 0x24, 0xFF, 0x24, 0x24, 0xFF, 0x24, 0x24, 0xFF, 0x24, 0x24,
    0xFF, 0x24, 0x24, 0xFF, 0x24, 0x24, 0xFF, 0x24, 0x24, 0xFF, 0x24, 0x24, 0xFF, 0x24, 0x24, 0xFF,
    0x24, 0x24, 0xFF, 0x24, 0x24, 0xFF, 0x24, 0x24, 0xFF, 0x24, 0x24, 0xFF, 0x24, 0x24, 0xFF, 0x24,
    0x24, 0xFF, 0x24, 0x24, 0xFF, 0x24, 0x24, 0xFF, 0x24, 0x24, 0xFF, 0x24, 0x24, 0xFF, 0x24, 0x24,
    0xFF, 0x24, 0x24, 0xFF, 0x24, 0x24, 0xFF, 0x24, 0x24, 0xFF, 0x24, 0x24, 0xFF, 0x24, 0x24, 0xFF,
    0x24, 0x24, 0xFF, 0x24, 0x24, 0xFF, 0x24, 0x24, 0xFF, 0x24, 0x24, 0xFF, 0x24, 0x24, 0xFF, 0x24,
    0x24, 0xFF, 0x24, 0x24, 0xFF, 0x24, 0x24, 0xFF, 0x24, 0x24, 0xFF, 0x24, 0x24, 0xFF, 0x24, 0x24,
    0xFF, 0x24, 0x24, 0xFF, 0x00, 0x00, 0xFF, 0x00, 0x00, 0xFF, 0x24, 0x24, 0xFF, 0x24, 0x24, 0xFF,
    0x24, 0x24, 0xFF, 0x24, 0x24, 0xFF, 0x24, 0x24, 0xFF, 0x24, 0x24, 0xFF, 0x24, 0x24, 0xFF, 0x24,
    0x24, 0xFF, 0x24, 0x24, 0xFF, 0x24, 0x24, 0xFF, 0x24, 0x24, 0xFF, 0x24, 0x24, 0xFF, 0x24, 0x24,
    0xFF, 0x24, 0x24, 0xFF, 0x24, 0x24, 0xFF, 0x24, 0x24, 0xFF, 0x24, 0x24, 0xFF, 0x24, 0x24, 0xFF,
    0x24, 0x24, 0xFF, 0x24, 0x24, 0xFF, 0x24, 0x24, 0xFF, 0x24, 0x24, 0xFF, 0x24, 0x24, 0xFF, 0x24,
    0x24, 0xFF, 0x24, 0x24, 0xFF, 0x24, 0x24, 0xFF, 0x24, 0x24, 0xFF, 0x24, 0x24, 0xFF, 0x24, 0x24,
    0xFF, 0x24, 0x24, 0xFF, 0x24, 0x24, 0xFF, 0x24, 0x24, 0xFF, 0x24, 0x24, 0xFF, 0x24, 0x24, 0xFF,
    0x24, 0x24, 0xFF, 0x24, 0x24, 0xFF, 0x24, 0x24, 0xFF, 0x24, 0x24, 0xFF, 0x24, 0x24, 0xFF, 0x24,
    0x24, 0xFF, 0x24, 0x24, 0xFF, 0x24, 0x24, 0xFF, 0x24, 0x24, 0xFF, 0x24, 0x24, 0xFF, 0x24, 0x24,
    0xFF, 0x24, 0x24, 0xFF, 0x00, 0x00, 0x00, 0x00, 0x00, 0xFF, 0x00, 0x00, 0xFF, 0x24, 0x24, 0xFF,
    0x24, 0x24, 0xFF, 0x24, 0x24, 0xFF, 0x24, 0x24, 0xFF, 0x24, 0x24, 0xFF, 0x24, 0x24, 0xFF, 0x24,
    0x24, 0xFF, 0x24, 0x24, 0xFF, 0x24, 0x24, 0xFF, 0x24, 0x24, 0xFF, 0x24, 0x24, 0xFF, 0x24, 0x24,
    0xFF, 0x24, 0x24, 0xFF, 0x24, 0x24, 0xFF, 0x24, 0x24, 0xFF, 0x24, 0x24, 0xFF, 0x24, 0x24, 0xFF,
    0x24, 0x24, 0xFF, 0x24, 0x24, 0xFF, 0x24, 0x24, 0xFF, 0x24, 0x24, 0xFF, 0x24, 0x24, 0xFF, 0x24,
    0x24, 0xFF, 0x24, 0x24, 0xFF, 0x24, 0x24, 0xFF, 0x24, 0x24, 0xFF, 0x24, 0x24, 0xFF, 0x24, 0x24,
    0xFF, 0x24, 0x24, 0xFF, 0x24, 0x24, 0xFF, 0x24, 0x24, 0xFF, 0x24, 0x24, 0xFF, 0x24, 0x24, 0xFF,
    0x24, 0x24, 0xFF, 0x24, 0x24, 0xFF, 0x24, 0x24, 0xFF, 0x24, 0x24, 0xFF, 0x24, 0x24, 0xFF, 0x24,
    0x24, 0xFF, 0x24, 0x24, 0xFF, 0x24, 0x24, 0xFF, 0x24, 0x24, 0xFF, 0x24, 0x24, 0xFF, 0x24, 0x24,
    0xFF, 0x00, 0x00, 0x00, 0x00, 0x00, 0x00, 0x00, 0x00, 0xFF, 0x00, 0x00, 0xFF, 0x24, 0x24, 0xFF,
    0x24, 0x24, 0xFF, 0x24, 0x24, 0xFF, 0x24, 0x24, 0xFF, 0x24, 0x24, 0xFF, 0x24, 0x24, 0xFF, 0x24,
    0x24, 0xFF, 0x24, 0x24, 0xFF, 0x24, 0x24, 0xFF, 0x24, 0x24, 0xFF, 0x24, 0x24, 0xFF, 0x24, 0x24,
    0xFF, 0x24, 0x24, 0xFF, 0x24, 0x24, 0xFF, 0x24, 0x24, 0xFF, 0x24, 0x24, 0xFF, 0x24, 0x24, 0xFF,
    0x24, 0x24, 0xFF, 0x24, 0x24, 0xFF, 0x24, 0x24, 0xFF, 0x24, 0x24, 0xFF, 0x24, 0x24, 0xFF, 0x24,
    0x24, 0xFF, 0x24, 0x24, 0xFF, 0x24, 0x24, 0xFF, 0x24, 0x24, 0xFF, 0x24, 0x24, 0xFF, 0x24, 0x24,
    0xFF, 0x24, 0x24, 0xFF, 0x24, 0x24, 0xFF, 0x24, 0x24, 0xFF, 0x24, 0x24, 0xFF, 0x24, 0x24, 0xFF,
    0x24, 0x24, 0xFF, 0x24, 0x24, 0xFF, 0x24, 0x24, 0xFF, 0x24, 0x24, 0xFF, 0x24, 0x24, 0xFF, 0x24,
    0x24, 0xFF, 0x24, 0x24, 0xFF, 0x24, 0x24, 0xFF, 0x24, 0x24, 0xFF, 0x24, 0x24, 0xFF, 0x24, 0x24,
    0xFF, 0x00, 0x00, 0x00, 0x00, 0x00, 0x00, 0x00, 0x00, 0x00, 0x00, 0x00, 0xFF, 0x00, 0x00, 0xFF,
    0x24, 0x24, 0xFF, 0x24, 0x24, 0xFF, 0x24, 0x24, 0xFF, 0x24, 0x24, 0xFF, 0x24, 0x24, 0xFF, 0x24,
    0x24, 0xFF, 0x24, 0x24, 0xFF, 0x24, 0x24, 0xFF, 0x24, 0x24, 0xFF, 0x24, 0x24, 0xFF, 0x24, 0x24,
    0xFF, 0x24, 0x24, 0xFF, 0x24, 0x24, 0xFF, 0x24, 0x24, 0xFF, 0x24, 0x24, 0xFF, 0x24, 0x24, 0xFF,
    0x24, 0x24, 0xFF, 0x24, 0x24, 0xFF, 0x24, 0x24, 0xFF, 0x24, 0x24, 0xFF, 0x24, 0x24, 0xFF, 0x24,
    0x24, 0xFF, 0x24, 0x24, 0xFF, 0x24, 0x24, 0xFF, 0x24, 0x24, 0xFF, 0x24, 0x24, 0xFF, 0x24, 0x24,
    0xFF, 0x24, 0x24, 0xFF, 0x24, 0x24, 0xFF, 0x24, 0x24, 0xFF, 0x24, 0x24, 0xFF, 0x24, 0x24, 0xFF,
    0x24, 0x24, 0xFF, 0x24, 0x24, 0xFF, 0x24, 0x24, 0xFF, 0x24, 0x24, 0xFF, 0x24, 0x24, 0xFF, 0x24,
    0x24, 0xFF, 0x24, 0x24, 0xFF, 0x24, 0x24, 0xFF, 0x24, 0x24, 0xFF, 0x24, 0x24, 0xFF, 0x00, 0x00,
    0x00, 0x00, 0x00, 0x00, 0x00, 0x00, 0x00, 0x00, 0x00, 0x00, 0x00, 0x00, 0xFF, 0x00, 0x00, 0xFF,
    0x00, 0x00, 0xFF, 0x24, 0x24, 0xFF, 0x24, 0x24, 0xFF, 0x24, 0x24, 0xFF, 0x24, 0x24, 0xFF, 0x24,
    0x24, 0xFF, 0x24, 0x24, 0xFF, 0x24, 0x24, 0xFF, 0x24, 0x24, 0xFF, 0x24, 0x24, 0xFF, 0x24, 0x24,
    0xFF, 0x24, 0x24, 0xFF, 0x24, 0x24, 0xFF, 0x24, 0x24, 0xFF, 0x24, 0x24, 0xFF, 0x24, 0x24, 0xFF,
    0x24, 0x24, 0xFF, 0x24, 0x24, 0xFF, 0x24, 0x24, 0xFF, 0x24, 0x24, 0xFF, 0x24, 0x24, 0xFF, 0x24,
    0x24, 0xFF, 0x24, 0x24, 0xFF, 0x24, 0x24, 0xFF, 0x24, 0x24, 0xFF, 0x24, 0x24, 0xFF, 0x24, 0x24,
    0xFF, 0x24, 0x24, 0xFF, 0x24, 0x24, 0xFF, 0x24, 0x24, 0xFF, 0x24, 0x24, 0xFF, 0x24, 0x24, 0xFF,
    0x24, 0x24, 0xFF, 0x24, 0x24, 0xFF, 0x24, 0x24, 0xFF, 0x24, 0x24, 0xFF, 0x24, 0x24, 0xFF, 0x24,
    0x24, 0xFF, 0x24, 0x24, 0xFF, 0x24, 0x24, 0xFF, 0x24, 0x24, 0xFF, 0x00, 0x00, 0xFF, 0x00, 0x00,
    0x00, 0x00, 0x00, 0x00, 0x00, 0x00, 0x00, 0x00, 0x00, 0x00, 0x00, 0x00, 0x00, 0x00, 0x00, 0xFF,
    0x00, 0x00, 0xFF, 0x00, 0x00, 0xFF, 0x24, 0x24, 0xFF, 0x24, 0x24, 0xFF, 0x24, 0x24, 0xFF, 0x24,
    0x24, 0xFF, 0x24, 0x24, 0xFF, 0x24, 0x24, 0xFF, 0x24, 0x24, 0xFF, 0x24, 0x24, 0xFF, 0x24, 0x24,
    0xFF, 0x24, 0x24, 0xFF, 0x24, 0x24, 0xFF, 0x24, 0x24, 0xFF, 0x24, 0x24, 0xFF, 0x24, 0x24, 0xFF,
    0x24, 0x24, 0xFF, 0x24, 0x24, 0xFF, 0x24, 0x24, 0xFF, 0x24, 0x24, 0xFF, 0x24, 0x24, 0xFF, 0x24,
    0x24, 0xFF, 0x24, 0x24, 0xFF, 0x24, 0x24, 0xFF, 0x24, 0x24, 0xFF, 0x24, 0x24, 0xFF, 0x24, 0x24,
    0xFF, 0x24, 0x24, 0xFF, 0x24, 0x24, 0xFF, 0x24, 0x24, 0xFF, 0x24, 0x24, 0xFF, 0x24, 0x24, 0xFF,
    0x24, 0x24, 0xFF, 0x24, 0x24, 0xFF, 0x24, 0x24, 0xFF, 0x24, 0x24, 0xFF, 0x24, 0x24, 0xFF, 0x24,
    0x24, 0xFF, 0x24, 0x24, 0xFF, 0x24, 0x24, 0xFF, 0x00, 0x00, 0xFF, 0x00, 0x00, 0x00, 0x00, 0x00,
    0x00, 0x00, 0x00, 0x00, 0x00, 0x00, 0x00, 0x00, 0x00, 0x00, 0x00, 0x00, 0x00, 0x00, 0x00, 0x00,
    0x00, 0x00, 0x00, 0x00, 0x00, 0xFF, 0x00, 0x00, 0xFF, 0x00, 0x00, 0xFF, 0x24, 0x24, 0xFF, 0x24,
    0x24, 0xFF, 0x24, 0x24, 0xFF, 0x24, 0x24, 0xFF, 0x24, 0x24, 0xFF, 0x24, 0x24, 0xFF, 0x24, 0x24,
    0xFF, 0x24, 0x24, 0xFF, 0x24, 0x24, 0xFF, 0x24, 0x24, 0xFF, 0x24, 0x24, 0xFF, 0x24, 0x24, 0xFF,
    0x24, 0x24, 0xFF, 0x24, 0x24, 0xFF, 0x24, 0x24, 0xFF, 0x24, 0x24, 0xFF, 0x24, 0x24, 0xFF, 0x24,
    0x24, 0xFF, 0x24, 0x24, 0xFF, 0x24, 0x24, 0xFF, 0x24, 0x24, 0xFF, 0x24, 0x24, 0xFF, 0x24, 0x24,
    0xFF, 0x24, 0x24, 0xFF, 0x24, 0x24, 0xFF, 0x24, 0x24, 0xFF, 0x24, 0x24, 0xFF, 0x24, 0x24, 0xFF,
    0x24, 0x24, 0xFF, 0x24, 0x24, 0xFF, 0x24, 0x24, 0xFF, 0x24, 0x24, 0xFF, 0x24, 0x24, 0xFF, 0x24,
    0x24, 0xFF, 0x00, 0x00, 0xFF, 0x00, 0x00, 0x00, 0x00, 0x00, 0x00, 0x00, 0x00, 0x00, 0x00, 0x00,
    0x00, 0x00, 0x00, 0x00, 0x00, 0x00, 0x00, 0x00, 0x00, 0x00, 0x00, 0x00, 0x00, 0x00, 0x00, 0x00,
    0x00, 0x00, 0x00, 0x00, 0x00, 0x00, 0x00, 0x00, 0x00, 0x00, 0x00, 0xFF, 0x00, 0x00, 0xFF, 0x00,
    0x00, 0xFF, 0x00, 0x00, 0xFF, 0x00, 0x00, 0xFF, 0x00, 0x00, 0xFF, 0x00, 0x00, 0xFF, 0x00, 0x00,
    0xFF, 0x00, 0x00, 0xFF, 0x00, 0x00, 0xFF, 0x00, 0x00, 0xFF, 0x00, 0x00, 0xFF, 0x00, 0x00, 0xFF,
    0x00, 0x00, 0xFF, 0x00, 0x00, 0xFF, 0x00, 0x00, 0xFF, 0x00, 0x00, 0xFF, 0x00, 0x00, 0xFF, 0x00,
    0x00, 0xFF, 0x00, 0x00, 0xFF, 0x00, 0x00, 0xFF, 0x00, 0x00, 0xFF, 0x00, 0x00, 0xFF, 0x00, 0x00,
    0xFF, 0x00, 0x00, 0xFF, 0x00, 0x00, 0xFF, 0x00, 0x00, 0xFF, 0x00, 0x00, 0xFF, 0x00, 0x00, 0xFF,
    0x00, 0x00, 0xFF, 0x00, 0x00, 0xFF, 0x00, 0x00, 0xFF, 0x00, 0x00, 0xFF, 0x00, 0x00, 0xFF, 0x00,
    0x00, 0x00, 0x00, 0x00, 0x00, 0x00, 0x00, 0x00, 0x00, 0x00, 0x00, 0x00, 0x00, 0x00, 0x00, 0x00,
    0x00, 0x00, 0x00, 0x00, 0x00, 0x00,
};
const UINT32 gBmpShellSize = 6966;

const UINT8 gBmpSet[6966] = {
    0x42, 0x4D, 0x36, 0x1B, 0x00, 0x00, 0x00, 0x00, 0x00, 0x00, 0x36, 0x00, 0x00, 0x00, 0x28, 0x00,
    0x00, 0x00, 0x30, 0x00, 0x00, 0x00, 0x30, 0x00, 0x00, 0x00, 0x01, 0x00, 0x18, 0x00, 0x00, 0x00,
    0x00, 0x00, 0x00, 0x1B, 0x00, 0x00, 0x13, 0x0B, 0x00, 0x00, 0x13, 0x0B, 0x00, 0x00, 0x00, 0x00,
    0x00, 0x00, 0x00, 0x00, 0x00, 0x00, 0x00, 0x00, 0x00, 0x00, 0x00, 0x00, 0x00, 0x00, 0x00, 0x00,
    0x00, 0x00, 0x00, 0x00, 0x00, 0x00, 0x00, 0x00, 0x00, 0x00, 0x00, 0x80, 0x60, 0x60, 0x80, 0x60,
    0x60, 0x80, 0x60, 0x60, 0x80, 0x60, 0x60, 0x80, 0x60, 0x60, 0x80, 0x60, 0x60, 0x80, 0x60, 0x60,
    0x80, 0x60, 0x60, 0x80, 0x60, 0x60, 0x80, 0x60, 0x60, 0x80, 0x60, 0x60, 0x80, 0x60, 0x60, 0x80,
    0x60, 0x60, 0x80, 0x60, 0x60, 0x80, 0x60, 0x60, 0x80, 0x60, 0x60, 0x80, 0x60, 0x60, 0x80, 0x60,
    0x60, 0x80, 0x60, 0x60, 0x80, 0x60, 0x60, 0x80, 0x60, 0x60, 0x80, 0x60, 0x60, 0x80, 0x60, 0x60,
    0x80, 0x60, 0x60, 0x80, 0x60, 0x60, 0x80, 0x60, 0x60, 0x80, 0x60, 0x60, 0x80, 0x60, 0x60, 0x80,
    0x60, 0x60, 0x80, 0x60, 0x60, 0x80, 0x60, 0x60, 0x80, 0x60, 0x60, 0x80, 0x60, 0x60, 0x80, 0x60,
    0x60, 0x00, 0x00, 0x00, 0x00, 0x00, 0x00, 0x00, 0x00, 0x00, 0x00, 0x00, 0x00, 0x00, 0x00, 0x00,
    0x00, 0x00, 0x00, 0x00, 0x00, 0x00, 0x00, 0x00, 0x00, 0x00, 0x00, 0x00, 0x00, 0x00, 0x00, 0x00,
    0x00, 0x00, 0x00, 0x00, 0x00, 0x80, 0x60, 0x60, 0x80, 0x60, 0x60, 0x80, 0x60, 0x60, 0x80, 0x60,
    0x60, 0x80, 0x60, 0x60, 0x80, 0x60, 0x60, 0x80, 0x60, 0x60, 0x80, 0x60, 0x60, 0x80, 0x60, 0x60,
    0x80, 0x60, 0x60, 0x80, 0x60, 0x60, 0x80, 0x60, 0x60, 0x80, 0x60, 0x60, 0x80, 0x60, 0x60, 0x80,
    0x60, 0x60, 0x80, 0x60, 0x60, 0x80, 0x60, 0x60, 0x80, 0x60, 0x60, 0x80, 0x60, 0x60, 0x80, 0x60,
    0x60, 0x80, 0x60, 0x60, 0x80, 0x60, 0x60, 0x80, 0x60, 0x60, 0x80, 0x60, 0x60, 0x80, 0x60, 0x60,
    0x80, 0x60, 0x60, 0x80, 0x60, 0x60, 0x80, 0x60, 0x60, 0x80, 0x60, 0x60, 0x80, 0x60, 0x60, 0x80,
    0x60, 0x60, 0x80, 0x60, 0x60, 0x80, 0x60, 0x60, 0x80, 0x60, 0x60, 0x80, 0x60, 0x60, 0x80, 0x60,
    0x60, 0x80, 0x60, 0x60, 0x80, 0x60, 0x60, 0x00, 0x00, 0x00, 0x00, 0x00, 0x00, 0x00, 0x00, 0x00,
    0x00, 0x00, 0x00, 0x00, 0x00, 0x00, 0x00, 0x00, 0x00, 0x00, 0x00, 0x00, 0x00, 0x00, 0x00, 0x80,
    0x60, 0x60, 0x80, 0x60, 0x60, 0x80, 0x60, 0x60, 0x80, 0x60, 0x60, 0x80, 0x60, 0x60, 0x80, 0x60,
    0x60, 0x80, 0x60, 0x60, 0x80, 0x60, 0x60, 0x80, 0x60, 0x60, 0x80, 0x60, 0x60, 0x80, 0x60, 0x60,
    0x80, 0x60, 0x60, 0x80, 0x60, 0x60, 0x80, 0x60, 0x60, 0x80, 0x60, 0x60, 0x80, 0x60, 0x60, 0x80,
    0x60, 0x60, 0x80, 0x60, 0x60, 0x80, 0x60, 0x60, 0x80, 0x60, 0x60, 0x80, 0x60, 0x60, 0x80, 0x60,
    0x60, 0x80, 0x60, 0x60, 0x80, 0x60, 0x60, 0x80, 0x60, 0x60, 0x80, 0x60, 0x60, 0x80, 0x60, 0x60,
    0x80, 0x60, 0x60, 0x80, 0x60, 0x60, 0x80, 0x60, 0x60, 0x80, 0x60, 0x60, 0x80, 0x60, 0x60, 0x80,
    0x60, 0x60, 0x80, 0x60, 0x60, 0x80, 0x60, 0x60, 0x80, 0x60, 0x60, 0x80, 0x60, 0x60, 0x80, 0x60,
    0x60, 0x80, 0x60, 0x60, 0x80, 0x60, 0x60, 0x80, 0x60, 0x60, 0x80, 0x60, 0x60, 0x00, 0x00, 0x00,
    0x00, 0x00, 0x00, 0x00, 0x00, 0x00, 0x00, 0x00, 0x00, 0x00, 0x00, 0x00, 0x80, 0x60, 0x60, 0x80,
    0x60, 0x60, 0x80, 0x60, 0x60, 0x80, 0x60, 0x60, 0x80, 0x60, 0x60, 0x80, 0x60, 0x60, 0x80, 0x60,
    0x60, 0x80, 0x60, 0x60, 0x80, 0x60, 0x60, 0x80, 0x60, 0x60, 0x80, 0x60, 0x60, 0x80, 0x60, 0x60,
    0x80, 0x60, 0x60, 0x80, 0x60, 0x60, 0x80, 0x60, 0x60, 0x80, 0x60, 0x60, 0x80, 0x60, 0x60, 0x80,
    0x60, 0x60, 0x80, 0x60, 0x60, 0x80, 0x60, 0x60, 0x80, 0x60, 0x60, 0x80, 0x60, 0x60, 0x80, 0x60,
    0x60, 0x80, 0x60, 0x60, 0x80, 0x60, 0x60, 0x80, 0x60, 0x60, 0x80, 0x60, 0x60, 0x80, 0x60, 0x60,
    0x80, 0x60, 0x60, 0x80, 0x60, 0x60, 0x80, 0x60, 0x60, 0x80, 0x60, 0x60, 0x80, 0x60, 0x60, 0x80,
    0x60, 0x60, 0x80, 0x60, 0x60, 0x80, 0x60, 0x60, 0x80, 0x60, 0x60, 0x80, 0x60, 0x60, 0x80, 0x60,
    0x60, 0x80, 0x60, 0x60, 0x80, 0x60, 0x60, 0x80, 0x60, 0x60, 0x80, 0x60, 0x60, 0x80, 0x60, 0x60,
    0x00, 0x00, 0x00, 0x00, 0x00, 0x00, 0x00, 0x00, 0x00, 0x00, 0x00, 0x00, 0x80, 0x60, 0x60, 0x80,
    0x60, 0x60, 0x80, 0x60, 0x60, 0x80, 0x60, 0x60, 0x80, 0x60, 0x60, 0x80, 0x60, 0x60, 0x80, 0x60,
    0x60, 0x80, 0x60, 0x60, 0x80, 0x60, 0x60, 0x80, 0x60, 0x60, 0x80, 0x60, 0x60, 0x80, 0x60, 0x60,
    0x80, 0x60, 0x60, 0x80, 0x60, 0x60, 0x80, 0x60, 0x60, 0x80, 0x60, 0x60, 0x80, 0x60, 0x60, 0x80,
    0x60, 0x60, 0x80, 0x60, 0x60, 0x80, 0x60, 0x60, 0x80, 0x60, 0x60, 0x80, 0x60, 0x60, 0x80, 0x60,
    0x60, 0x80, 0x60, 0x60, 0x80, 0x60, 0x60, 0x80, 0x60, 0x60, 0x80, 0x60, 0x60, 0x80, 0x60, 0x60,
    0x80, 0x60, 0x60, 0x80, 0x60, 0x60, 0x80, 0x60, 0x60, 0x80, 0x60, 0x60, 0x80, 0x60, 0x60, 0x80,
    0x60, 0x60, 0x80, 0x60, 0x60, 0x80, 0x60, 0x60, 0x80, 0x60, 0x60, 0x80, 0x60, 0x60, 0x80, 0x60,
    0x60, 0x80, 0x60, 0x60, 0x80, 0x60, 0x60, 0x80, 0x60, 0x60, 0x80, 0x60, 0x60, 0x80, 0x60, 0x60,
    0x00, 0x00, 0x00, 0x00, 0x00, 0x00, 0x00, 0x00, 0x00, 0x80, 0x60, 0x60, 0x80, 0x60, 0x60, 0x80,
    0x60, 0x60, 0x80, 0x60, 0x60, 0x80, 0x60, 0x60, 0x80, 0x60, 0x60, 0x80, 0x60, 0x60, 0x80, 0x60,
    0x60, 0x80, 0x60, 0x60, 0x80, 0x60, 0x60, 0x80, 0x60, 0x60, 0x80, 0x60, 0x60, 0x80, 0x60, 0x60,
    0x80, 0x60, 0x60, 0x80, 0x60, 0x60, 0x80, 0x60, 0x60, 0x80, 0x60, 0x60, 0x80, 0x60, 0x60, 0x80,
    0x60, 0x60, 0x80, 0x60, 0x60, 0x80, 0x60, 0x60, 0x80, 0x60, 0x60, 0x80, 0x60, 0x60, 0x80, 0x60,
    0x60, 0x80, 0x60, 0x60, 0x80, 0x60, 0x60, 0x80, 0x60, 0x60, 0x80, 0x60, 0x60, 0x80, 0x60, 0x60,
    0x80, 0x60, 0x60, 0x80, 0x60, 0x60, 0x80, 0x60, 0x60, 0x80, 0x60, 0x60, 0x80, 0x60, 0x60, 0x80,
    0x60, 0x60, 0x80, 0x60, 0x60, 0x80, 0x60, 0x60, 0x80, 0x60, 0x60, 0x80, 0x60, 0x60, 0x80, 0x60,
    0x60, 0x80, 0x60, 0x60, 0x80, 0x60, 0x60, 0x80, 0x60, 0x60, 0x80, 0x60, 0x60, 0x80, 0x60, 0x60,
    0x80, 0x60, 0x60, 0x00, 0x00, 0x00, 0x00, 0x00, 0x00, 0x80, 0x60, 0x60, 0x80, 0x60, 0x60, 0x80,
    0x60, 0x60, 0x80, 0x60, 0x60, 0x80, 0x60, 0x60, 0x80, 0x60, 0x60, 0x80, 0x60, 0x60, 0x80, 0x60,
    0x60, 0x80, 0x60, 0x60, 0x80, 0x60, 0x60, 0x80, 0x60, 0x60, 0x80, 0x60, 0x60, 0x80, 0x60, 0x60,
    0x80, 0x60, 0x60, 0x80, 0x60, 0x60, 0x80, 0x60, 0x60, 0x80, 0x60, 0x60, 0x80, 0x60, 0x60, 0x80,
    0x60, 0x60, 0x80, 0x60, 0x60, 0x80, 0x60, 0x60, 0x80, 0x60, 0x60, 0x80, 0x60, 0x60, 0x80, 0x60,
    0x60, 0x80, 0x60, 0x60, 0x80, 0x60, 0x60, 0x80, 0x60, 0x60, 0x80, 0x60, 0x60, 0x80, 0x60, 0x60,
    0x80, 0x60, 0x60, 0x80, 0x60, 0x60, 0x80, 0x60, 0x60, 0x80, 0x60, 0x60, 0x80, 0x60, 0x60, 0x80,
    0x60, 0x60, 0x80, 0x60, 0x60, 0x80, 0x60, 0x60, 0x80, 0x60, 0x60, 0x80, 0x60, 0x60, 0x80, 0x60,
    0x60, 0x80, 0x60, 0x60, 0x80, 0x60, 0x60, 0x80, 0x60, 0x60, 0x80, 0x60, 0x60, 0x80, 0x60, 0x60,
    0x80, 0x60, 0x60, 0x00, 0x00, 0x00, 0x80, 0x60, 0x60, 0x80, 0x60, 0x60, 0x80, 0x60, 0x60, 0x80,
    0x60, 0x60, 0x80, 0x60, 0x60, 0x80, 0x60, 0x60, 0x80, 0x60, 0x60, 0x80, 0x60, 0x60, 0x80, 0x60,
    0x60, 0x80, 0x60, 0x60, 0x80, 0x60, 0x60, 0x80, 0x60, 0x60, 0x80, 0x60, 0x60, 0x80, 0x60, 0x60,
    0x80, 0x60, 0x60, 0x80, 0x60, 0x60, 0x80, 0x60, 0x60, 0x80, 0x60, 0x60, 0x80, 0x60, 0x60, 0x80,
    0x60, 0x60, 0x80, 0x60, 0x60, 0x80, 0x60, 0x60, 0x80, 0x60, 0x60, 0x80, 0x60, 0x60, 0x80, 0x60,
    0x60, 0x80, 0x60, 0x60, 0x80, 0x60, 0x60, 0x80, 0x60, 0x60, 0x80, 0x60, 0x60, 0x80, 0x60, 0x60,
    0x80, 0x60, 0x60, 0x80, 0x60, 0x60, 0x80, 0x60, 0x60, 0x80, 0x60, 0x60, 0x80, 0x60, 0x60, 0x80,
    0x60, 0x60, 0x80, 0x60, 0x60, 0x80, 0x60, 0x60, 0x80, 0x60, 0x60, 0x80, 0x60, 0x60, 0x80, 0x60,
    0x60, 0x80, 0x60, 0x60, 0x80, 0x60, 0x60, 0x80, 0x60, 0x60, 0x80, 0x60, 0x60, 0x80, 0x60, 0x60,
    0x80, 0x60, 0x60, 0x80, 0x60, 0x60, 0x80, 0x60, 0x60, 0x80, 0x60, 0x60, 0x80, 0x60, 0x60, 0x80,
    0x60, 0x60, 0x80, 0x60, 0x60, 0x80, 0x60, 0x60, 0x80, 0x60, 0x60, 0x80, 0x60, 0x60, 0x80, 0x60,
    0x60, 0x80, 0x60, 0x60, 0x80, 0x60, 0x60, 0x80, 0x60, 0x60, 0x80, 0x60, 0x60, 0x80, 0x60, 0x60,
    0x80, 0x60, 0x60, 0x80, 0x60, 0x60, 0x80, 0x60, 0x60, 0x80, 0x60, 0x60, 0x80, 0x60, 0x60, 0x80,
    0x60, 0x60, 0x80, 0x60, 0x60, 0x80, 0x60, 0x60, 0x80, 0x60, 0x60, 0x80, 0x60, 0x60, 0x80, 0x60,
    0x60, 0x80, 0x60, 0x60, 0x80, 0x60, 0x60, 0x80, 0x60, 0x60, 0x80, 0x60, 0x60, 0x80, 0x60, 0x60,
    0x80, 0x60, 0x60, 0x80, 0x60, 0x60, 0x80, 0x60, 0x60, 0x80, 0x60, 0x60, 0x80, 0x60, 0x60, 0x80,
    0x60, 0x60, 0x80, 0x60, 0x60, 0x80, 0x60, 0x60, 0x80, 0x60, 0x60, 0x80, 0x60, 0x60, 0x80, 0x60,
    0x60, 0x80, 0x60, 0x60, 0x80, 0x60, 0x60, 0x80, 0x60, 0x60, 0x80, 0x60, 0x60, 0x80, 0x60, 0x60,
    0x80, 0x60, 0x60, 0x80, 0x60, 0x60, 0x80, 0x60, 0x60, 0x80, 0x60, 0x60, 0x80, 0x60, 0x60, 0x80,
    0x60, 0x60, 0x80, 0x60, 0x60, 0x80, 0x60, 0x60, 0x80, 0x60, 0x60, 0x80, 0x60, 0x60, 0x80, 0x60,
    0x60, 0x80, 0x60, 0x60, 0x80, 0x60, 0x60, 0x80, 0x60, 0x60, 0x80, 0x60, 0x60, 0x80, 0x60, 0x60,
    0x80, 0x60, 0x60, 0x80, 0x60, 0x60, 0x80, 0x60, 0x60, 0x80, 0x60, 0x60, 0x80, 0x60, 0x60, 0x80,
    0x60, 0x60, 0x80, 0x60, 0x60, 0x80, 0x60, 0x60, 0x80, 0x60, 0x60, 0x80, 0x60, 0x60, 0x80, 0x60,
    0x60, 0x80, 0x60, 0x60, 0x80, 0x60, 0x60, 0x80, 0x60, 0x60, 0x80, 0x60, 0x60, 0x80, 0x60, 0x60,
    0x80, 0x60, 0x60, 0x80, 0x60, 0x60, 0x80, 0x60, 0x60, 0x80, 0x60, 0x60, 0x80, 0x60, 0x60, 0x80,
    0x60, 0x60, 0x80, 0x60, 0x60, 0x80, 0x60, 0x60, 0x80, 0x60, 0x60, 0x80, 0x60, 0x60, 0x80, 0x60,
    0x60, 0x80, 0x60, 0x60, 0x80, 0x60, 0x60, 0x80, 0x60, 0x60, 0x80, 0x60, 0x60, 0x80, 0x60, 0x60,
    0x80, 0x60, 0x60, 0x80, 0x60, 0x60, 0x80, 0x60, 0x60, 0x80, 0x60, 0x60, 0x80, 0x60, 0x60, 0x80,
    0x60, 0x60, 0x80, 0x60, 0x60, 0x80, 0x60, 0x60, 0x80, 0x60, 0x60, 0x80, 0x60, 0x60, 0x80, 0x60,
    0x60, 0x80, 0x60, 0x60, 0x80, 0x60, 0x60, 0x80, 0x60, 0x60, 0x80, 0x60, 0x60, 0x80, 0x60, 0x60,
    0x80, 0x60, 0x60, 0x80, 0x60, 0x60, 0x80, 0x60, 0x60, 0x80, 0x60, 0x60, 0x80, 0x60, 0x60, 0x80,
    0x60, 0x60, 0x80, 0x60, 0x60, 0x80, 0x60, 0x60, 0x80, 0x60, 0x60, 0x80, 0x60, 0x60, 0x80, 0x60,
    0x60, 0x80, 0x60, 0x60, 0x80, 0x60, 0x60, 0x80, 0x60, 0x60, 0x80, 0x60, 0x60, 0x80, 0x60, 0x60,
    0x80, 0x60, 0x60, 0x80, 0x60, 0x60, 0x80, 0x60, 0x60, 0x80, 0x60, 0x60, 0x80, 0x60, 0x60, 0x80,
    0x60, 0x60, 0x80, 0x60, 0x60, 0x80, 0x60, 0x60, 0x80, 0x60, 0x60, 0x80, 0x60, 0x60, 0x80, 0x60,
    0x60, 0x80, 0x60, 0x60, 0x80, 0x60, 0x60, 0x80, 0x60, 0x60, 0x80, 0x60, 0x60, 0x80, 0x60, 0x60,
    0x80, 0x60, 0x60, 0x80, 0x60, 0x60, 0x80, 0x60, 0x60, 0x80, 0x60, 0x60, 0x80, 0x60, 0x60, 0x80,
    0x60, 0x60, 0x80, 0x60, 0x60, 0x80, 0x60, 0x60, 0x80, 0x60, 0x60, 0x80, 0x60, 0x60, 0x80, 0x60,
    0x60, 0x80, 0x60, 0x60, 0x80, 0x60, 0x60, 0x80, 0x60, 0x60, 0x80, 0x60, 0x60, 0x80, 0x60, 0x60,
    0x80, 0x60, 0x60, 0x80, 0x60, 0x60, 0x80, 0x60, 0x60, 0x80, 0x60, 0x60, 0x80, 0x60, 0x60, 0x80,
    0x60, 0x60, 0x80, 0x60, 0x60, 0x80, 0x60, 0x60, 0x80, 0x60, 0x60, 0x80, 0x60, 0x60, 0x80, 0x60,
    0x60, 0x80, 0x60, 0x60, 0x80, 0x60, 0x60, 0x80, 0x60, 0x60, 0x80, 0x60, 0x60, 0x80, 0x60, 0x60,
    0x80, 0x60, 0x60, 0x80, 0x60, 0x60, 0x80, 0x60, 0x60, 0x80, 0x60, 0x60, 0x80, 0x60, 0x60, 0x80,
    0x60, 0x60, 0x80, 0x60, 0x60, 0x80, 0x60, 0x60, 0x80, 0x60, 0x60, 0x80, 0x60, 0x60, 0x80, 0x60,
    0x60, 0x80, 0x60, 0x60, 0x80, 0x60, 0x60, 0x80, 0x60, 0x60, 0x80, 0x60, 0x60, 0x80, 0x60, 0x60,
    0x80, 0x60, 0x60, 0x80, 0x60, 0x60, 0x80, 0x60, 0x60, 0x80, 0x60, 0x60, 0x80, 0x60, 0x60, 0x80,
    0x60, 0x60, 0x80, 0x60, 0x60, 0x80, 0x60, 0x60, 0x80, 0x60, 0x60, 0x80, 0x60, 0x60, 0x80, 0x60,
    0x60, 0x80, 0x60, 0x60, 0x80, 0x60, 0x60, 0x80, 0x60, 0x60, 0x80, 0x60, 0x60, 0x80, 0x60, 0x60,
    0x80, 0x60, 0x60, 0x80, 0x60, 0x60, 0x80, 0x60, 0x60, 0x80, 0x60, 0x60, 0x80, 0x60, 0x60, 0x80,
    0x60, 0x60, 0x80, 0x60, 0x60, 0xA1, 0x89, 0x89, 0xD9, 0xD0, 0xD0, 0xEC, 0xE7, 0xE7, 0xD9, 0xCF,
    0xCF, 0xA0, 0x88, 0x88, 0x80, 0x60, 0x60, 0x80, 0x60, 0x60, 0x80, 0x60, 0x60, 0x80, 0x60, 0x60,
    0x80, 0x60, 0x60, 0x80, 0x60, 0x60, 0x80, 0x60, 0x60, 0x80, 0x60, 0x60, 0x80, 0x60, 0x60, 0x80,
    0x60, 0x60, 0x80, 0x60, 0x60, 0x80, 0x60, 0x60, 0x80, 0x60, 0x60, 0x80, 0x60, 0x60, 0x80, 0x60,
    0x60, 0x80, 0x60, 0x60, 0x80, 0x60, 0x60, 0x80, 0x60, 0x60, 0x80, 0x60, 0x60, 0x80, 0x60, 0x60,
    0x80, 0x60, 0x60, 0x80, 0x60, 0x60, 0x80, 0x60, 0x60, 0x80, 0x60, 0x60, 0x80, 0x60, 0x60, 0x80,
    0x60, 0x60, 0x80, 0x60, 0x60, 0x80, 0x60, 0x60, 0x80, 0x60, 0x60, 0x80, 0x60, 0x60, 0x80, 0x60,
    0x60, 0x80, 0x60, 0x60, 0x80, 0x60, 0x60, 0x80, 0x60, 0x60, 0x80, 0x60, 0x60, 0x80, 0x60, 0x60,
    0x80, 0x60, 0x60, 0x80, 0x60, 0x60, 0x80, 0x60, 0x60, 0x80, 0x60, 0x60, 0x80, 0x60, 0x60, 0x80,
    0x60, 0x60, 0xAE, 0x9A, 0x9A, 0xFE, 0xFE, 0xFE, 0xFF, 0xFF, 0xFF, 0xFF, 0xFF, 0xFF, 0xFF, 0xFF,
    0xFF, 0xFE, 0xFE, 0xFE, 0xAD, 0x98, 0x98, 0x80, 0x60, 0x60, 0x80, 0x60, 0x60, 0x80, 0x60, 0x60,
    0x80, 0x60, 0x60, 0x80, 0x60, 0x60, 0x80, 0x60, 0x60, 0x80, 0x60, 0x60, 0x80, 0x60, 0x60, 0x80,
    0x60, 0x60, 0x80, 0x60, 0x60, 0x80, 0x60, 0x60, 0x80, 0x60, 0x60, 0x80, 0x60, 0x60, 0x80, 0x60,
    0x60, 0x80, 0x60, 0x60, 0x80, 0x60, 0x60, 0x80, 0x60, 0x60, 0x80, 0x60, 0x60, 0x80, 0x60, 0x60,
    0x80, 0x60, 0x60, 0x80, 0x60, 0x60, 0x80, 0x60, 0x60, 0x80, 0x60, 0x60, 0x80, 0x60, 0x60, 0x80,
    0x60, 0x60, 0x80, 0x60, 0x60, 0x80, 0x60, 0x60, 0x80, 0x60, 0x60, 0x80, 0x60, 0x60, 0x80, 0x60,
    0x60, 0x80, 0x60, 0x60, 0x80, 0x60, 0x60, 0x80, 0x60, 0x60, 0x80, 0x60, 0x60, 0x80, 0x60, 0x60,
    0x80, 0x60, 0x60, 0x80, 0x60, 0x60, 0x80, 0x60, 0x60, 0x80, 0x60, 0x60, 0x80, 0x60, 0x60, 0x85,
    0x66, 0x66, 0xF7, 0xF5, 0xF5, 0xFF, 0xFF, 0xFF, 0xE3, 0xDC, 0xDC, 0xB6, 0xA3, 0xA3, 0xE4, 0xDD,
    0xDD, 0xFF, 0xFF, 0xFF, 0xF6, 0xF4, 0xF4, 0x84, 0x65, 0x65, 0x80, 0x60, 0x60, 0x80, 0x60, 0x60,
    0x80, 0x60, 0x60, 0x80, 0x60, 0x60, 0x80, 0x60, 0x60, 0x80, 0x60, 0x60, 0x80, 0x60, 0x60, 0x80,
    0x60, 0x60, 0x80, 0x60, 0x60, 0x80, 0x60, 0x60, 0x80, 0x60, 0x60, 0x80, 0x60, 0x60, 0x80, 0x60,
    0x60, 0x80, 0x60, 0x60, 0x80, 0x60, 0x60, 0x80, 0x60, 0x60, 0x80, 0x60, 0x60, 0x80, 0x60, 0x60,
    0x80, 0x60, 0x60, 0x80, 0x60, 0x60, 0x80, 0x60, 0x60, 0x80, 0x60, 0x60, 0x80, 0x60, 0x60, 0x80,
    0x60, 0x60, 0x80, 0x60, 0x60, 0x80, 0x60, 0x60, 0x80, 0x60, 0x60, 0x80, 0x60, 0x60, 0x80, 0x60,
    0x60, 0x80, 0x60, 0x60, 0x80, 0x60, 0x60, 0x80, 0x60, 0x60, 0x80, 0x60, 0x60, 0x80, 0x60, 0x60,
    0x80, 0x60, 0x60, 0x80, 0x60, 0x60, 0x80, 0x60, 0x60, 0x80, 0x60, 0x60, 0x80, 0x60, 0x60, 0x9E,
    0x86, 0x86, 0xFF, 0xFF, 0xFF, 0xFF, 0xFE, 0xFE, 0x8A, 0x6C, 0x6C, 0x80, 0x60, 0x60, 0x8B, 0x6E,
    0x6E, 0xFF, 0xFE, 0xFE, 0xFF, 0xFF, 0xFF, 0x9D, 0x85, 0x85, 0x80, 0x60, 0x60, 0x80, 0x60, 0x60,
    0x80, 0x60, 0x60, 0x80, 0x60, 0x60, 0x80, 0x60, 0x60, 0x80, 0x60, 0x60, 0x80, 0x60, 0x60, 0x80,
    0x60, 0x60, 0x80, 0x60, 0x60, 0x80, 0x60, 0x60, 0x80, 0x60, 0x60, 0x80, 0x60, 0x60, 0x80, 0x60,
    0x60, 0x80, 0x60, 0x60, 0x80, 0x60, 0x60, 0x80, 0x60, 0x60, 0x80, 0x60, 0x60, 0x80, 0x60, 0x60,
    0x80, 0x60, 0x60, 0x80, 0x60, 0x60, 0x80, 0x60, 0x60, 0x80, 0x60, 0x60, 0x80, 0x60, 0x60, 0x80,
    0x60, 0x60, 0x80, 0x60, 0x60, 0x80, 0x60, 0x60, 0x80, 0x60, 0x60, 0x80, 0x60, 0x60, 0x80, 0x60,
    0x60, 0x80, 0x60, 0x60, 0x80, 0x60, 0x60, 0x80, 0x60, 0x60, 0x80, 0x60, 0x60, 0x80, 0x60, 0x60,
    0x99, 0x80, 0x80, 0xBE, 0xAE, 0xAE, 0xC0, 0xB0, 0xB0, 0xA0, 0x88, 0x88, 0x8E, 0x72, 0x72, 0xDA,
    0xD1, 0xD1, 0xFF, 0xFF, 0xFF, 0xEB, 0xE5, 0xE5, 0x80, 0x60, 0x60, 0x80, 0x60, 0x60, 0x80, 0x60,
    0x60, 0xEC, 0xE7, 0xE7, 0xFF, 0xFF, 0xFF, 0xD9, 0xD0, 0xD0, 0x8E, 0x71, 0x71, 0xA0, 0x89, 0x89,
    0xC1, 0xB1, 0xB1, 0xBE, 0xAE, 0xAE, 0x98, 0x7F, 0x7F, 0x80, 0x60, 0x60, 0x80, 0x60, 0x60, 0x80,
    0x60, 0x60, 0x80, 0x60, 0x60, 0x80, 0x60, 0x60, 0x80, 0x60, 0x60, 0x80, 0x60, 0x60, 0x80, 0x60,
    0x60, 0x80, 0x60, 0x60, 0x80, 0x60, 0x60, 0x80, 0x60, 0x60, 0x80, 0x60, 0x60, 0x80, 0x60, 0x60,
    0x80, 0x60, 0x60, 0x80, 0x60, 0x60, 0x80, 0x60, 0x60, 0x80, 0x60, 0x60, 0x80, 0x60, 0x60, 0x80,
    0x60, 0x60, 0x80, 0x60, 0x60, 0x80, 0x60, 0x60, 0x80, 0x60, 0x60, 0x80, 0x60, 0x60, 0x80, 0x60,
    0x60, 0x80, 0x60, 0x60, 0x80, 0x60, 0x60, 0x80, 0x60, 0x60, 0x80, 0x60, 0x60, 0xC2, 0xB3, 0xB3,
    0xFF, 0xFE, 0xFE, 0xFF, 0xFF, 0xFF, 0xFF, 0xFF, 0xFF, 0xFF, 0xFF, 0xFF, 0xFF, 0xFF, 0xFF, 0xFF,
    0xFF, 0xFF, 0xFF, 0xFF, 0xFF, 0xAE, 0x9A, 0x9A, 0x80, 0x60, 0x60, 0x80, 0x60, 0x60, 0x80, 0x60,
    0x60, 0xB0, 0x9C, 0x9C, 0xFF, 0xFF, 0xFF, 0xFF, 0xFF, 0xFF, 0xFF, 0xFF, 0xFF, 0xFF, 0xFF, 0xFF,
    0xFF, 0xFF, 0xFF, 0xFF, 0xFF, 0xFF, 0xFF, 0xFE, 0xFE, 0xC0, 0xB0, 0xB0, 0x80, 0x60, 0x60, 0x80,
    0x60, 0x60, 0x80, 0x60, 0x60, 0x80, 0x60, 0x60, 0x80, 0x60, 0x60, 0x80, 0x60, 0x60, 0x80, 0x60,
    0x60, 0x80, 0x60, 0x60, 0x80, 0x60, 0x60, 0x80, 0x60, 0x60, 0x80, 0x60, 0x60, 0x80, 0x60, 0x60,
    0x80, 0x60, 0x60, 0x80, 0x60, 0x60, 0x80, 0x60, 0x60, 0x80, 0x60, 0x60, 0x80, 0x60, 0x60, 0x80,
    0x60, 0x60, 0x80, 0x60, 0x60, 0x80, 0x60, 0x60, 0x80, 0x60, 0x60, 0x80, 0x60, 0x60, 0x80, 0x60,
    0x60, 0x80, 0x60, 0x60, 0x80, 0x60, 0x60, 0x80, 0x60, 0x60, 0xA3, 0x8C, 0x8C, 0xFF, 0xFF, 0xFF,
    0xFF, 0xFF, 0xFF, 0xEA, 0xE5, 0xE5, 0xE6, 0xE0, 0xE0, 0xFF, 0xFF, 0xFF, 0xFF, 0xFF, 0xFF, 0xF7,
    0xF4, 0xF4, 0xB4, 0xA1, 0xA1, 0x80, 0x60, 0x60, 0x80, 0x60, 0x60, 0x80, 0x60, 0x60, 0x80, 0x60,
    0x60, 0x80, 0x60, 0x60, 0xB5, 0xA3, 0xA3, 0xF7, 0xF5, 0xF5, 0xFF, 0xFF, 0xFF, 0xFF, 0xFF, 0xFF,
    0xE6, 0xDF, 0xDF, 0xEB, 0xE6, 0xE6, 0xFF, 0xFF, 0xFF, 0xFF, 0xFF, 0xFF, 0xA2, 0x8A, 0x8A, 0x80,
    0x60, 0x60, 0x80, 0x60, 0x60, 0x80, 0x60, 0x60, 0x80, 0x60, 0x60, 0x80, 0x60, 0x60, 0x80, 0x60,
    0x60, 0x80, 0x60, 0x60, 0x80, 0x60, 0x60, 0x80, 0x60, 0x60, 0x80, 0x60, 0x60, 0x80, 0x60, 0x60,
    0x80, 0x60, 0x60, 0x80, 0x60, 0x60, 0x80, 0x60, 0x60, 0x80, 0x60, 0x60, 0x80, 0x60, 0x60, 0x80,
    0x60, 0x60, 0x80, 0x60, 0x60, 0x80, 0x60, 0x60, 0x80, 0x60, 0x60, 0x80, 0x60, 0x60, 0x80, 0x60,
    0x60, 0x80, 0x60, 0x60, 0x80, 0x60, 0x60, 0x80, 0x60, 0x60, 0xCF, 0xC3, 0xC3, 0xFF, 0xFF, 0xFF,
    0xE0, 0xD8, 0xD8, 0x81, 0x61, 0x61, 0x80, 0x60, 0x60, 0x8C, 0x70, 0x70, 0x96, 0x7B, 0x7B, 0x83,
    0x64, 0x64, 0x80, 0x60, 0x60, 0x80, 0x60, 0x60, 0x80, 0x60, 0x60, 0x80, 0x60, 0x60, 0x80, 0x60,
    0x60, 0x80, 0x60, 0x60, 0x80, 0x60, 0x60, 0x83, 0x64, 0x64, 0x96, 0x7C, 0x7C, 0x8C, 0x70, 0x70,
    0x80, 0x60, 0x60, 0x81, 0x62, 0x62, 0xE1, 0xDA, 0xDA, 0xFF, 0xFF, 0xFF, 0xCE, 0xC2, 0xC2, 0x80,
    0x60, 0x60, 0x80, 0x60, 0x60, 0x80, 0x60, 0x60, 0x80, 0x60, 0x60, 0x80, 0x60, 0x60, 0x80, 0x60,
    0x60, 0x80, 0x60, 0x60, 0x80, 0x60, 0x60, 0x80, 0x60, 0x60, 0x80, 0x60, 0x60, 0x80, 0x60, 0x60,
    0x80, 0x60, 0x60, 0x80, 0x60, 0x60, 0x80, 0x60, 0x60, 0x80, 0x60, 0x60, 0x80, 0x60, 0x60, 0x80,
    0x60, 0x60, 0x80, 0x60, 0x60, 0x80, 0x60, 0x60, 0x80, 0x60, 0x60, 0x80, 0x60, 0x60, 0x80, 0x60,
    0x60, 0x80, 0x60, 0x60, 0x80, 0x60, 0x60, 0x80, 0x60, 0x60, 0xD7, 0xCD, 0xCD, 0xFF, 0xFF, 0xFF,
    0xCC, 0xBF, 0xBF, 0x80, 0x60, 0x60, 0x80, 0x60, 0x60, 0x80, 0x60, 0x60, 0x80, 0x60, 0x60, 0x80,
    0x60, 0x60, 0x84, 0x66, 0x66, 0xBF, 0xAF, 0xAF, 0xE9, 0xE4, 0xE4, 0xFA, 0xF9, 0xF9, 0xE9, 0xE4,
    0xE4, 0xBF, 0xAF, 0xAF, 0x84, 0x66, 0x66, 0x80, 0x60, 0x60, 0x80, 0x60, 0x60, 0x80, 0x60, 0x60,
    0x80, 0x60, 0x60, 0x80, 0x60, 0x60, 0xCE, 0xC1, 0xC1, 0xFF, 0xFF, 0xFF, 0xD5, 0xCB, 0xCB, 0x80,
    0x60, 0x60, 0x80, 0x60, 0x60, 0x80, 0x60, 0x60, 0x80, 0x60, 0x60, 0x80, 0x60, 0x60, 0x80, 0x60,
    0x60, 0x80, 0x60, 0x60, 0x80, 0x60, 0x60, 0x80, 0x60, 0x60, 0x80, 0x60, 0x60, 0x80, 0x60, 0x60,
    0x80, 0x60, 0x60, 0x80, 0x60, 0x60, 0x80, 0x60, 0x60, 0x80, 0x60, 0x60, 0x80, 0x60, 0x60, 0x80,
    0x60, 0x60, 0x80, 0x60, 0x60, 0x80, 0x60, 0x60, 0x80, 0x60, 0x60, 0x80, 0x60, 0x60, 0x80, 0x60,
    0x60, 0x80, 0x60, 0x60, 0x80, 0x60, 0x60, 0x80, 0x60, 0x60, 0xBB, 0xAA, 0xAA, 0xFF, 0xFF, 0xFF,
    0xFB, 0xF9, 0xF9, 0xA6, 0x8F, 0x8F, 0x80, 0x60, 0x60, 0x80, 0x60, 0x60, 0x80, 0x60, 0x60, 0x83,
    0x64, 0x64, 0xE6, 0xDF, 0xDF, 0xFF, 0xFF, 0xFF, 0xFF, 0xFF, 0xFF, 0xFF, 0xFF, 0xFF, 0xFF, 0xFF,
    0xFF, 0xFF, 0xFF, 0xFF, 0xE6, 0xDF, 0xDF, 0x83, 0x64, 0x64, 0x80, 0x60, 0x60, 0x80, 0x60, 0x60,
    0x80, 0x60, 0x60, 0xA7, 0x91, 0x91, 0xFB, 0xF9, 0xF9, 0xFF, 0xFF, 0xFF, 0xBA, 0xA8, 0xA8, 0x80,
    0x60, 0x60, 0x80, 0x60, 0x60, 0x80, 0x60, 0x60, 0x80, 0x60, 0x60, 0x80, 0x60, 0x60, 0x80, 0x60,
    0x60, 0x80, 0x60, 0x60, 0x80, 0x60, 0x60, 0x80, 0x60, 0x60, 0x80, 0x60, 0x60, 0x80, 0x60, 0x60,
    0x80, 0x60, 0x60, 0x80, 0x60, 0x60, 0x80, 0x60, 0x60, 0x80, 0x60, 0x60, 0x80, 0x60, 0x60, 0x80,
    0x60, 0x60, 0x80, 0x60, 0x60, 0x80, 0x60, 0x60, 0x80, 0x60, 0x60, 0x80, 0x60, 0x60, 0x80, 0x60,
    0x60, 0x80, 0x60, 0x60, 0x80, 0x60, 0x60, 0x80, 0x60, 0x60, 0x87, 0x69, 0x69, 0xED, 0xE8, 0xE8,
    0xFF, 0xFF, 0xFF, 0xFC, 0xFB, 0xFB, 0x97, 0x7D, 0x7D, 0x80, 0x60, 0x60, 0x80, 0x60, 0x60, 0xC3,
    0xB4, 0xB4, 0xFF, 0xFF, 0xFF, 0xFC, 0xFB, 0xFB, 0xC0, 0xB0, 0xB0, 0xA5, 0x8F, 0x8F, 0xC0, 0xB0,
    0xB0, 0xFC, 0xFB, 0xFB, 0xFF, 0xFF, 0xFF, 0xC2, 0xB3, 0xB3, 0x80, 0x60, 0x60, 0x80, 0x60, 0x60,
    0x98, 0x7F, 0x7F, 0xFD, 0xFC, 0xFC, 0xFF, 0xFF, 0xFF, 0xEC, 0xE7, 0xE7, 0x86, 0x68, 0x68, 0x80,
    0x60, 0x60, 0x80, 0x60, 0x60, 0x80, 0x60, 0x60, 0x80, 0x60, 0x60, 0x80, 0x60, 0x60, 0x80, 0x60,
    0x60, 0x80, 0x60, 0x60, 0x80, 0x60, 0x60, 0x80, 0x60, 0x60, 0x80, 0x60, 0x60, 0x80, 0x60, 0x60,
    0x80, 0x60, 0x60, 0x80, 0x60, 0x60, 0x80, 0x60, 0x60, 0x80, 0x60, 0x60, 0x80, 0x60, 0x60, 0x80,
    0x60, 0x60, 0x80, 0x60, 0x60, 0x80, 0x60, 0x60, 0x80, 0x60, 0x60, 0x92, 0x76, 0x76, 0x92, 0x76,
    0x76, 0x92, 0x76, 0x76, 0x92, 0x76, 0x76, 0x92, 0x76, 0x76, 0x92, 0x76, 0x76, 0x9B, 0x82, 0x82,
    0xEE, 0xEA, 0xEA, 0xFF, 0xFF, 0xFF, 0xD5, 0xCA, 0xCA, 0x92, 0x76, 0x76, 0x92, 0x76, 0x76, 0xF2,
    0xEF, 0xEF, 0xFF, 0xFF, 0xFF, 0xC7, 0xB8, 0xB8, 0x92, 0x76, 0x76, 0x92, 0x76, 0x76, 0x92, 0x76,
    0x76, 0xC7, 0xB9, 0xB9, 0xFF, 0xFF, 0xFF, 0xF1, 0xEE, 0xEE, 0x92, 0x76, 0x76, 0x92, 0x76, 0x76,
    0xD6, 0xCC, 0xCC, 0xFF, 0xFF, 0xFF, 0xED, 0xE8, 0xE8, 0x9B, 0x81, 0x81, 0x92, 0x76, 0x76, 0x92,
    0x76, 0x76, 0x92, 0x76, 0x76, 0x92, 0x76, 0x76, 0x92, 0x76, 0x76, 0x92, 0x76, 0x76, 0x92, 0x76,
    0x76, 0x80, 0x60, 0x60, 0x80, 0x60, 0x60, 0x80, 0x60, 0x60, 0x80, 0x60, 0x60, 0x80, 0x60, 0x60,
    0x80, 0x60, 0x60, 0x80, 0x60, 0x60, 0x80, 0x60, 0x60, 0x80, 0x60, 0x60, 0x80, 0x60, 0x60, 0x80,
    0x60, 0x60, 0x80, 0x60, 0x60, 0x92, 0x76, 0x76, 0x92, 0x76, 0x76, 0x92, 0x76, 0x76, 0x92, 0x76,
    0x76, 0x92, 0x76, 0x76, 0x92, 0x76, 0x76, 0x92, 0x76, 0x76, 0x92, 0x76, 0x76, 0x92, 0x76, 0x76,
    0xCA, 0xBC, 0xBC, 0xFF, 0xFF, 0xFF, 0xE4, 0xDD, 0xDD, 0x92, 0x76, 0x76, 0x92, 0x76, 0x76, 0xFC,
    0xFC, 0xFC, 0xFF, 0xFF, 0xFF, 0xAF, 0x9B, 0x9B, 0x92, 0x76, 0x76, 0x92, 0x76, 0x76, 0x92, 0x76,
    0x76, 0xB0, 0x9C, 0x9C, 0xFF, 0xFF, 0xFF, 0xFC, 0xFC, 0xFC, 0x92, 0x76, 0x76, 0x92, 0x76, 0x76,
    0xE5, 0xDE, 0xDE, 0xFF, 0xFF, 0xFF, 0xC9, 0xBB, 0xBB, 0x92, 0x76, 0x76, 0x92, 0x76, 0x76, 0x92,
    0x76, 0x76, 0x92, 0x76, 0x76, 0x92, 0x76, 0x76, 0x92, 0x76, 0x76, 0x92, 0x76, 0x76, 0x92, 0x76,
    0x76, 0x92, 0x76, 0x76, 0x92, 0x76, 0x76, 0x80, 0x60, 0x60, 0x80, 0x60, 0x60, 0x80, 0x60, 0x60,
    0x80, 0x60, 0x60, 0x80, 0x60, 0x60, 0x80, 0x60, 0x60, 0x80, 0x60, 0x60, 0x80, 0x60, 0x60, 0x80,
    0x60, 0x60, 0x92, 0x76, 0x76, 0x92, 0x76, 0x76, 0x92, 0x76, 0x76, 0x92, 0x76, 0x76, 0x92, 0x76,
    0x76, 0x92, 0x76, 0x76, 0x92, 0x76, 0x76, 0x92, 0x76, 0x76, 0x92, 0x76, 0x76, 0x9B, 0x81, 0x81,
    0xED, 0xE8, 0xE8, 0xFF, 0xFF, 0xFF, 0xD5, 0xCA, 0xCA, 0x92, 0x76, 0x76, 0x92, 0x76, 0x76, 0xF2,
    0xEF, 0xEF, 0xFF, 0xFF, 0xFF, 0xC7, 0xB8, 0xB8, 0x92, 0x76, 0x76, 0x92, 0x76, 0x76, 0x92, 0x76,
    0x76, 0xC7, 0xB9, 0xB9, 0xFF, 0xFF, 0xFF, 0xF1, 0xEE, 0xEE, 0x92, 0x76, 0x76, 0x92, 0x76, 0x76,
    0xD7, 0xCC, 0xCC, 0xFF, 0xFF, 0xFF, 0xEC, 0xE7, 0xE7, 0x9B, 0x81, 0x81, 0x92, 0x76, 0x76, 0x92,
    0x76, 0x76, 0x92, 0x76, 0x76, 0x92, 0x76, 0x76, 0x92, 0x76, 0x76, 0x92, 0x76, 0x76, 0x92, 0x76,
    0x76, 0x92, 0x76, 0x76, 0x92, 0x76, 0x76, 0x92, 0x76, 0x76, 0x80, 0x60, 0x60, 0x80, 0x60, 0x60,
    0x80, 0x60, 0x60, 0x80, 0x60, 0x60, 0x80, 0x60, 0x60, 0x80, 0x60, 0x60, 0x80, 0x60, 0x60, 0x92,
    0x76, 0x76, 0x92, 0x76, 0x76, 0x92, 0x76, 0x76, 0x92, 0x76, 0x76, 0x92, 0x76, 0x76, 0x92, 0x76,
    0x76, 0x92, 0x76, 0x76, 0x92, 0x76, 0x76, 0x92, 0x76, 0x76, 0x98, 0x7D, 0x7D, 0xEE, 0xEA, 0xEA,
    0xFF, 0xFF, 0xFF, 0xFD, 0xFC, 0xFC, 0xA7, 0x90, 0x90, 0x92, 0x76, 0x76, 0x92, 0x76, 0x76, 0xCB,
    0xBE, 0xBE, 0xFF, 0xFF, 0xFF, 0xFC, 0xFB, 0xFB, 0xC9, 0xBB, 0xBB, 0xB2, 0x9E, 0x9E, 0xC9, 0xBB,
    0xBB, 0xFC, 0xFB, 0xFB, 0xFF, 0xFF, 0xFF, 0xCB, 0xBD, 0xBD, 0x92, 0x76, 0x76, 0x92, 0x76, 0x76,
    0xA8, 0x91, 0x91, 0xFD, 0xFD, 0xFD, 0xFF, 0xFF, 0xFF, 0xED, 0xE8, 0xE8, 0x97, 0x7C, 0x7C, 0x92,
    0x76, 0x76, 0x92, 0x76, 0x76, 0x92, 0x76, 0x76, 0x92, 0x76, 0x76, 0x92, 0x76, 0x76, 0x92, 0x76,
    0x76, 0x92, 0x76, 0x76, 0x92, 0x76, 0x76, 0x92, 0x76, 0x76, 0x92, 0x76, 0x76, 0x80, 0x60, 0x60,
    0x80, 0x60, 0x60, 0x80, 0x60, 0x60, 0x80, 0x60, 0x60, 0x80, 0x60, 0x60, 0x92, 0x76, 0x76, 0x92,
    0x76, 0x76, 0x92, 0x76, 0x76, 0x92, 0x76, 0x76, 0x92, 0x76, 0x76, 0x92, 0x76, 0x76, 0x92, 0x76,
    0x76, 0x92, 0x76, 0x76, 0x92, 0x76, 0x76, 0x92, 0x76, 0x76, 0xC4, 0xB5, 0xB5, 0xFF, 0xFF, 0xFF,
    0xFC, 0xFB, 0xFB, 0xB4, 0xA0, 0xA0, 0x92, 0x76, 0x76, 0x92, 0x76, 0x76, 0x92, 0x76, 0x76, 0x95,
    0x7A, 0x7A, 0xE9, 0xE4, 0xE4, 0xFF, 0xFF, 0xFF, 0xFF, 0xFF, 0xFF, 0xFF, 0xFF, 0xFF, 0xFF, 0xFF,
    0xFF, 0xFF, 0xFF, 0xFF, 0xE9, 0xE4, 0xE4, 0x95, 0x7A, 0x7A, 0x92, 0x76, 0x76, 0x92, 0x76, 0x76,
    0x92, 0x76, 0x76, 0xB5, 0xA2, 0xA2, 0xFC, 0xFB, 0xFB, 0xFF, 0xFF, 0xFF, 0xC3, 0xB3, 0xB3, 0x92,
    0x76, 0x76, 0x92, 0x76, 0x76, 0x92, 0x76, 0x76, 0x92, 0x76, 0x76, 0x92, 0x76, 0x76, 0x92, 0x76,
    0x76, 0x92, 0x76, 0x76, 0x92, 0x76, 0x76, 0x92, 0x76, 0x76, 0x92, 0x76, 0x76, 0x92, 0x76, 0x76,
    0x80, 0x60, 0x60, 0x80, 0x60, 0x60, 0x80, 0x60, 0x60, 0x80, 0x60, 0x60, 0x92, 0x76, 0x76, 0x92,
    0x76, 0x76, 0x92, 0x76, 0x76, 0x92, 0x76, 0x76, 0x92, 0x76, 0x76, 0x92, 0x76, 0x76, 0x92, 0x76,
    0x76, 0x92, 0x76, 0x76, 0x92, 0x76, 0x76, 0x92, 0x76, 0x76, 0xDD, 0xD4, 0xD4, 0xFF, 0xFF, 0xFF,
    0xD4, 0xC9, 0xC9, 0x92, 0x76, 0x76, 0x92, 0x76, 0x76, 0x92, 0x76, 0x76, 0x92, 0x76, 0x76, 0x92,
    0x76, 0x76, 0x96, 0x7B, 0x7B, 0xC8, 0xBA, 0xBA, 0xED, 0xE8, 0xE8, 0xFB, 0xFA, 0xFA, 0xEC, 0xE7,
    0xE7, 0xC8, 0xBA, 0xBA, 0x96, 0x7B, 0x7B, 0x92, 0x76, 0x76, 0x92, 0x76, 0x76, 0x92, 0x76, 0x76,
    0x92, 0x76, 0x76, 0x92, 0x76, 0x76, 0xD5, 0xCA, 0xCA, 0xFF, 0xFF, 0xFF, 0xDB, 0xD2, 0xD2, 0x92,
    0x76, 0x76, 0x92, 0x76, 0x76, 0x92, 0x76, 0x76, 0x92, 0x76, 0x76, 0x92, 0x76, 0x76, 0x92, 0x76,
    0x76, 0x92, 0x76, 0x76, 0x92, 0x76, 0x76, 0x92, 0x76, 0x76, 0x92, 0x76, 0x76, 0x92, 0x76, 0x76,
    0x80, 0x60, 0x60, 0x80, 0x60, 0x60, 0x80, 0x60, 0x60, 0x92, 0x76, 0x76, 0x92, 0x76, 0x76, 0x92,
    0x76, 0x76, 0x92, 0x76, 0x76, 0x92, 0x76, 0x76, 0x92, 0x76, 0x76, 0x92, 0x76, 0x76, 0x92, 0x76,
    0x76, 0x92, 0x76, 0x76, 0x92, 0x76, 0x76, 0x92, 0x76, 0x76, 0xD6, 0xCC, 0xCC, 0xFF, 0xFF, 0xFF,
    0xE4, 0xDD, 0xDD, 0x93, 0x77, 0x77, 0x92, 0x76, 0x76, 0x9B, 0x81, 0x81, 0xA1, 0x89, 0x89, 0x94,
    0x78, 0x78, 0x92, 0x76, 0x76, 0x92, 0x76, 0x76, 0x92, 0x76, 0x76, 0x92, 0x76, 0x76, 0x92, 0x76,
    0x76, 0x92, 0x76, 0x76, 0x92, 0x76, 0x76, 0x94, 0x79, 0x79, 0xA2, 0x8A, 0x8A, 0x9B, 0x81, 0x81,
    0x92, 0x76, 0x76, 0x93, 0x77, 0x77, 0xE5, 0xDE, 0xDE, 0xFF, 0xFF, 0xFF, 0xD5, 0xCA, 0xCA, 0x92,
    0x76, 0x76, 0x92, 0x76, 0x76, 0x92, 0x76, 0x76, 0x92, 0x76, 0x76, 0x92, 0x76, 0x76, 0x92, 0x76,
    0x76, 0x92, 0x76, 0x76, 0x92, 0x76, 0x76, 0x92, 0x76, 0x76, 0x92, 0x76, 0x76, 0x92, 0x76, 0x76,
    0x92, 0x76, 0x76, 0x80, 0x60, 0x60, 0x80, 0x60, 0x60, 0x92, 0x76, 0x76, 0x92, 0x76, 0x76, 0x92,
    0x76, 0x76, 0x92, 0x76, 0x76, 0x92, 0x76, 0x76, 0x92, 0x76, 0x76, 0x92, 0x76, 0x76, 0x92, 0x76,
    0x76, 0x92, 0x76, 0x76, 0x92, 0x76, 0x76, 0x92, 0x76, 0x76, 0xB0, 0x9C, 0x9C, 0xFF, 0xFF, 0xFF,
    0xFF, 0xFF, 0xFF, 0xEC, 0xE7, 0xE7, 0xE8, 0xE2, 0xE2, 0xFF, 0xFF, 0xFF, 0xFF, 0xFF, 0xFF, 0xF7,
    0xF5, 0xF5, 0xBE, 0xAD, 0xAD, 0x92, 0x76, 0x76, 0x92, 0x76, 0x76, 0x92, 0x76, 0x76, 0x92, 0x76,
    0x76, 0x92, 0x76, 0x76, 0xBF, 0xAE, 0xAE, 0xF7, 0xF5, 0xF5, 0xFF, 0xFF, 0xFF, 0xFF, 0xFE, 0xFE,
    0xE7, 0xE1, 0xE1, 0xEC, 0xE7, 0xE7, 0xFF, 0xFF, 0xFF, 0xFF, 0xFF, 0xFF, 0xAF, 0x9B, 0x9B, 0x92,
    0x76, 0x76, 0x92, 0x76, 0x76, 0x92, 0x76, 0x76, 0x92, 0x76, 0x76, 0x92, 0x76, 0x76, 0x92, 0x76,
    0x76, 0x92, 0x76, 0x76, 0x92, 0x76, 0x76, 0x92, 0x76, 0x76, 0x92, 0x76, 0x76, 0x92, 0x76, 0x76,
    0x92, 0x76, 0x76, 0x80, 0x60, 0x60, 0x80, 0x60, 0x60, 0x92, 0x76, 0x76, 0x92, 0x76, 0x76, 0x92,
    0x76, 0x76, 0x92, 0x76, 0x76, 0x92, 0x76, 0x76, 0x92, 0x76, 0x76, 0x92, 0x76, 0x76, 0x92, 0x76,
    0x76, 0x92, 0x76, 0x76, 0x92, 0x76, 0x76, 0x92, 0x76, 0x76, 0x92, 0x76, 0x76, 0xCB, 0xBE, 0xBE,
    0xFF, 0xFE, 0xFE, 0xFF, 0xFF, 0xFF, 0xFF, 0xFF, 0xFF, 0xFF, 0xFF, 0xFF, 0xFF, 0xFF, 0xFF, 0xFF,
    0xFF, 0xFF, 0xFF, 0xFF, 0xFF, 0xB8, 0xA6, 0xA6, 0x92, 0x76, 0x76, 0x92, 0x76, 0x76, 0x92, 0x76,
    0x76, 0xBA, 0xA9, 0xA9, 0xFF, 0xFF, 0xFF, 0xFF, 0xFF, 0xFF, 0xFF, 0xFF, 0xFF, 0xFF, 0xFF, 0xFF,
    0xFF, 0xFF, 0xFF, 0xFF, 0xFF, 0xFF, 0xFF, 0xFE, 0xFE, 0xCB, 0xBD, 0xBD, 0x92, 0x76, 0x76, 0x92,
    0x76, 0x76, 0x92, 0x76, 0x76, 0x92, 0x76, 0x76, 0x92, 0x76, 0x76, 0x92, 0x76, 0x76, 0x92, 0x76,
    0x76, 0x92, 0x76, 0x76, 0x92, 0x76, 0x76, 0x92, 0x76, 0x76, 0x92, 0x76, 0x76, 0x92, 0x76, 0x76,
    0x92, 0x76, 0x76, 0x80, 0x60, 0x60, 0x80, 0x60, 0x60, 0x92, 0x76, 0x76, 0x92, 0x76, 0x76, 0x92,
    0x76, 0x76, 0x92, 0x76, 0x76, 0x92, 0x76, 0x76, 0x92, 0x76, 0x76, 0x92, 0x76, 0x76, 0x92, 0x76,
    0x76, 0x92, 0x76, 0x76, 0x92, 0x76, 0x76, 0x92, 0x76, 0x76, 0x92, 0x76, 0x76, 0x92, 0x76, 0x76,
    0xA9, 0x92, 0x92, 0xC8, 0xBA, 0xBA, 0xCA, 0xBC, 0xBC, 0xAF, 0x9A, 0x9A, 0x9F, 0x87, 0x87, 0xE1,
    0xD9, 0xD9, 0xFF, 0xFF, 0xFF, 0xED, 0xE8, 0xE8, 0x92, 0x76, 0x76, 0x92, 0x76, 0x76, 0x92, 0x76,
    0x76, 0xEE, 0xEA, 0xEA, 0xFF, 0xFF, 0xFF, 0xDF, 0xD7, 0xD7, 0x9F, 0x87, 0x87, 0xAF, 0x9A, 0x9A,
    0xCA, 0xBC, 0xBC, 0xC8, 0xBA, 0xBA, 0xA8, 0x92, 0x92, 0x92, 0x76, 0x76, 0x92, 0x76, 0x76, 0x92,
    0x76, 0x76, 0x92, 0x76, 0x76, 0x92, 0x76, 0x76, 0x92, 0x76, 0x76, 0x92, 0x76, 0x76, 0x92, 0x76,
    0x76, 0x92, 0x76, 0x76, 0x92, 0x76, 0x76, 0x92, 0x76, 0x76, 0x92, 0x76, 0x76, 0x92, 0x76, 0x76,
    0x92, 0x76, 0x76, 0x80, 0x60, 0x60, 0x80, 0x60, 0x60, 0x92, 0x76, 0x76, 0x92, 0x76, 0x76, 0x92,
    0x76, 0x76, 0x92, 0x76, 0x76, 0x92, 0x76, 0x76, 0x92, 0x76, 0x76, 0x92, 0x76, 0x76, 0x92, 0x76,
    0x76, 0x92, 0x76, 0x76, 0x92, 0x76, 0x76, 0x92, 0x76, 0x76, 0x92, 0x76, 0x76, 0x92, 0x76, 0x76,
    0x92, 0x76, 0x76, 0x92, 0x76, 0x76, 0x92, 0x76, 0x76, 0x92, 0x76, 0x76, 0x92, 0x76, 0x76, 0xAD,
    0x97, 0x97, 0xFF, 0xFF, 0xFF, 0xFF, 0xFE, 0xFE, 0x9A, 0x80, 0x80, 0x92, 0x76, 0x76, 0x9B, 0x81,
    0x81, 0xFF, 0xFE, 0xFE, 0xFF, 0xFF, 0xFF, 0xAB, 0x96, 0x96, 0x92, 0x76, 0x76, 0x92, 0x76, 0x76,
    0x92, 0x76, 0x76, 0x92, 0x76, 0x76, 0x92, 0x76, 0x76, 0x92, 0x76, 0x76, 0x92, 0x76, 0x76, 0x92,
    0x76, 0x76, 0x92, 0x76, 0x76, 0x92, 0x76, 0x76, 0x92, 0x76, 0x76, 0x92, 0x76, 0x76, 0x92, 0x76,
    0x76, 0x92, 0x76, 0x76, 0x92, 0x76, 0x76, 0x92, 0x76, 0x76, 0x92, 0x76, 0x76, 0x92, 0x76, 0x76,
    0x92, 0x76, 0x76, 0x80, 0x60, 0x60, 0x80, 0x60, 0x60, 0x92, 0x76, 0x76, 0x92, 0x76, 0x76, 0x92,
    0x76, 0x76, 0x92, 0x76, 0x76, 0x92, 0x76, 0x76, 0x92, 0x76, 0x76, 0x92, 0x76, 0x76, 0x92, 0x76,
    0x76, 0x92, 0x76, 0x76, 0x92, 0x76, 0x76, 0x92, 0x76, 0x76, 0x92, 0x76, 0x76, 0x92, 0x76, 0x76,
    0x92, 0x76, 0x76, 0x92, 0x76, 0x76, 0x92, 0x76, 0x76, 0x92, 0x76, 0x76, 0x92, 0x76, 0x76, 0x96,
    0x7B, 0x7B, 0xF9, 0xF7, 0xF7, 0xFF, 0xFF, 0xFF, 0xE6, 0xDF, 0xDF, 0xC0, 0xAF, 0xAF, 0xE7, 0xE0,
    0xE0, 0xFF, 0xFF, 0xFF, 0xF8, 0xF6, 0xF6, 0x95, 0x7A, 0x7A, 0x92, 0x76, 0x76, 0x92, 0x76, 0x76,
    0x92, 0x76, 0x76, 0x92, 0x76, 0x76, 0x92, 0x76, 0x76, 0x92, 0x76, 0x76, 0x92, 0x76, 0x76, 0x92,
    0x76, 0x76, 0x92, 0x76, 0x76, 0x92, 0x76, 0x76, 0x92, 0x76, 0x76, 0x92, 0x76, 0x76, 0x92, 0x76,
    0x76, 0x92, 0x76, 0x76, 0x92, 0x76, 0x76, 0x92, 0x76, 0x76, 0x92, 0x76, 0x76, 0x92, 0x76, 0x76,
    0x92, 0x76, 0x76, 0x80, 0x60, 0x60, 0x80, 0x60, 0x60, 0x92, 0x76, 0x76, 0x92, 0x76, 0x76, 0x92,
    0x76, 0x76, 0x92, 0x76, 0x76, 0x92, 0x76, 0x76, 0x92, 0x76, 0x76, 0x92, 0x76, 0x76, 0x92, 0x76,
    0x76, 0x92, 0x76, 0x76, 0x92, 0x76, 0x76, 0x92, 0x76, 0x76, 0x92, 0x76, 0x76, 0x92, 0x76, 0x76,
    0x92, 0x76, 0x76, 0x92, 0x76, 0x76, 0x92, 0x76, 0x76, 0x92, 0x76, 0x76, 0x92, 0x76, 0x76, 0x92,
    0x76, 0x76, 0xBB, 0xAA, 0xAA, 0xFF, 0xFE, 0xFE, 0xFF, 0xFF, 0xFF, 0xFF, 0xFF, 0xFF, 0xFF, 0xFF,
    0xFF, 0xFF, 0xFE, 0xFE, 0xBA, 0xA9, 0xA9, 0x92, 0x76, 0x76, 0x92, 0x76, 0x76, 0x92, 0x76, 0x76,
    0x92, 0x76, 0x76, 0x92, 0x76, 0x76, 0x92, 0x76, 0x76, 0x92, 0x76, 0x76, 0x92, 0x76, 0x76, 0x92,
    0x76, 0x76, 0x92, 0x76, 0x76, 0x92, 0x76, 0x76, 0x92, 0x76, 0x76, 0x92, 0x76, 0x76, 0x92, 0x76,
    0x76, 0x92, 0x76, 0x76, 0x92, 0x76, 0x76, 0x92, 0x76, 0x76, 0x92, 0x76, 0x76, 0x92, 0x76, 0x76,
    0x92, 0x76, 0x76, 0x80, 0x60, 0x60, 0x80, 0x60, 0x60, 0x92, 0x76, 0x76, 0x92, 0x76, 0x76, 0x92,
    0x76, 0x76, 0x92, 0x76, 0x76, 0x92, 0x76, 0x76, 0x92, 0x76, 0x76, 0x92, 0x76, 0x76, 0x92, 0x76,
    0x76, 0x92, 0x76, 0x76, 0x92, 0x76, 0x76, 0x92, 0x76, 0x76, 0x92, 0x76, 0x76, 0x92, 0x76, 0x76,
    0x92, 0x76, 0x76, 0x92, 0x76, 0x76, 0x92, 0x76, 0x76, 0x92, 0x76, 0x76, 0x92, 0x76, 0x76, 0x92,
    0x76, 0x76, 0x92, 0x76, 0x76, 0xB0, 0x9C, 0x9C, 0xDF, 0xD7, 0xD7, 0xEF, 0xEB, 0xEB, 0xDF, 0xD7,
    0xD7, 0xAF, 0x9B, 0x9B, 0x92, 0x76, 0x76, 0x92, 0x76, 0x76, 0x92, 0x76, 0x76, 0x92, 0x76, 0x76,
    0x92, 0x76, 0x76, 0x92, 0x76, 0x76, 0x92, 0x76, 0x76, 0x92, 0x76, 0x76, 0x92, 0x76, 0x76, 0x92,
    0x76, 0x76, 0x92, 0x76, 0x76, 0x92, 0x76, 0x76, 0x92, 0x76, 0x76, 0x92, 0x76, 0x76, 0x92, 0x76,
    0x76, 0x92, 0x76, 0x76, 0x92, 0x76, 0x76, 0x92, 0x76, 0x76, 0x92, 0x76, 0x76, 0x92, 0x76, 0x76,
    0x92, 0x76, 0x76, 0x80, 0x60, 0x60, 0x80, 0x60, 0x60, 0x92, 0x76, 0x76, 0x92, 0x76, 0x76, 0x92,
    0x76, 0x76, 0x92, 0x76, 0x76, 0x92, 0x76, 0x76, 0x92, 0x76, 0x76, 0x92, 0x76, 0x76, 0x92, 0x76,
    0x76, 0x92, 0x76, 0x76, 0x92, 0x76, 0x76, 0x92, 0x76, 0x76, 0x92, 0x76, 0x76, 0x92, 0x76, 0x76,
    0x92, 0x76, 0x76, 0x92, 0x76, 0x76, 0x92, 0x76, 0x76, 0x92, 0x76, 0x76, 0x92, 0x76, 0x76, 0x92,
    0x76, 0x76, 0x92, 0x76, 0x76, 0x92, 0x76, 0x76, 0x92, 0x76, 0x76, 0x92, 0x76, 0x76, 0x92, 0x76,
    0x76, 0x92, 0x76, 0x76, 0x92, 0x76, 0x76, 0x92, 0x76, 0x76, 0x92, 0x76, 0x76, 0x92, 0x76, 0x76,
    0x92, 0x76, 0x76, 0x92, 0x76, 0x76, 0x92, 0x76, 0x76, 0x92, 0x76, 0x76, 0x92, 0x76, 0x76, 0x92,
    0x76, 0x76, 0x92, 0x76, 0x76, 0x92, 0x76, 0x76, 0x92, 0x76, 0x76, 0x92, 0x76, 0x76, 0x92, 0x76,
    0x76, 0x92, 0x76, 0x76, 0x92, 0x76, 0x76, 0x92, 0x76, 0x76, 0x92, 0x76, 0x76, 0x92, 0x76, 0x76,
    0x92, 0x76, 0x76, 0x80, 0x60, 0x60, 0x80, 0x60, 0x60, 0x92, 0x76, 0x76, 0x92, 0x76, 0x76, 0x92,
    0x76, 0x76, 0x92, 0x76, 0x76, 0x92, 0x76, 0x76, 0x92, 0x76, 0x76, 0x92, 0x76, 0x76, 0x92, 0x76,
    0x76, 0x92, 0x76, 0x76, 0x92, 0x76, 0x76, 0x92, 0x76, 0x76, 0x92, 0x76, 0x76, 0x92, 0x76, 0x76,
    0x92, 0x76, 0x76, 0x92, 0x76, 0x76, 0x92, 0x76, 0x76, 0x92, 0x76, 0x76, 0x92, 0x76, 0x76, 0x92,
    0x76, 0x76, 0x92, 0x76, 0x76, 0x92, 0x76, 0x76, 0x92, 0x76, 0x76, 0x92, 0x76, 0x76, 0x92, 0x76,
    0x76, 0x92, 0x76, 0x76, 0x92, 0x76, 0x76, 0x92, 0x76, 0x76, 0x92, 0x76, 0x76, 0x92, 0x76, 0x76,
    0x92, 0x76, 0x76, 0x92, 0x76, 0x76, 0x92, 0x76, 0x76, 0x92, 0x76, 0x76, 0x92, 0x76, 0x76, 0x92,
    0x76, 0x76, 0x92, 0x76, 0x76, 0x92, 0x76, 0x76, 0x92, 0x76, 0x76, 0x92, 0x76, 0x76, 0x92, 0x76,
    0x76, 0x92, 0x76, 0x76, 0x92, 0x76, 0x76, 0x92, 0x76, 0x76, 0x92, 0x76, 0x76, 0x92, 0x76, 0x76,
    0x92, 0x76, 0x76, 0x80, 0x60, 0x60, 0x80, 0x60, 0x60, 0x92, 0x76, 0x76, 0x92, 0x76, 0x76, 0x92,
    0x76, 0x76, 0x92, 0x76, 0x76, 0x92, 0x76, 0x76, 0x92, 0x76, 0x76, 0x92, 0x76, 0x76, 0x92, 0x76,
    0x76, 0x92, 0x76, 0x76, 0x92, 0x76, 0x76, 0x92, 0x76, 0x76, 0x92, 0x76, 0x76, 0x92, 0x76, 0x76,
    0x92, 0x76, 0x76, 0x92, 0x76, 0x76, 0x92, 0x76, 0x76, 0x92, 0x76, 0x76, 0x92, 0x76, 0x76, 0x92,
    0x76, 0x76, 0x92, 0x76, 0x76, 0x92, 0x76, 0x76, 0x92, 0x76, 0x76, 0x92, 0x76, 0x76, 0x92, 0x76,
    0x76, 0x92, 0x76, 0x76, 0x92, 0x76, 0x76, 0x92, 0x76, 0x76, 0x92, 0x76, 0x76, 0x92, 0x76, 0x76,
    0x92, 0x76, 0x76, 0x92, 0x76, 0x76, 0x92, 0x76, 0x76, 0x92, 0x76, 0x76, 0x92, 0x76, 0x76, 0x92,
    0x76, 0x76, 0x92, 0x76, 0x76, 0x92, 0x76, 0x76, 0x92, 0x76, 0x76, 0x92, 0x76, 0x76, 0x92, 0x76,
    0x76, 0x92, 0x76, 0x76, 0x92, 0x76, 0x76, 0x92, 0x76, 0x76, 0x92, 0x76, 0x76, 0x92, 0x76, 0x76,
    0x92, 0x76, 0x76, 0x80, 0x60, 0x60, 0x80, 0x60, 0x60, 0x92, 0x76, 0x76, 0x92, 0x76, 0x76, 0x92,
    0x76, 0x76, 0x92, 0x76, 0x76, 0x92, 0x76, 0x76, 0x92, 0x76, 0x76, 0x92, 0x76, 0x76, 0x92, 0x76,
    0x76, 0x92, 0x76, 0x76, 0x92, 0x76, 0x76, 0x92, 0x76, 0x76, 0x92, 0x76, 0x76, 0x92, 0x76, 0x76,
    0x92, 0x76, 0x76, 0x92, 0x76, 0x76, 0x92, 0x76, 0x76, 0x92, 0x76, 0x76, 0x92, 0x76, 0x76, 0x92,
    0x76, 0x76, 0x92, 0x76, 0x76, 0x92, 0x76, 0x76, 0x92, 0x76, 0x76, 0x92, 0x76, 0x76, 0x92, 0x76,
    0x76, 0x92, 0x76, 0x76, 0x92, 0x76, 0x76, 0x92, 0x76, 0x76, 0x92, 0x76, 0x76, 0x92, 0x76, 0x76,
    0x92, 0x76, 0x76, 0x92, 0x76, 0x76, 0x92, 0x76, 0x76, 0x92, 0x76, 0x76, 0x92, 0x76, 0x76, 0x92,
    0x76, 0x76, 0x92, 0x76, 0x76, 0x92, 0x76, 0x76, 0x92, 0x76, 0x76, 0x92, 0x76, 0x76, 0x92, 0x76,
    0x76, 0x92, 0x76, 0x76, 0x92, 0x76, 0x76, 0x92, 0x76, 0x76, 0x92, 0x76, 0x76, 0x92, 0x76, 0x76,
    0x92, 0x76, 0x76, 0x80, 0x60, 0x60, 0x00, 0x00, 0x00, 0x80, 0x60, 0x60, 0x92, 0x76, 0x76, 0x92,
    0x76, 0x76, 0x92, 0x76, 0x76, 0x92, 0x76, 0x76, 0x92, 0x76, 0x76, 0x92, 0x76, 0x76, 0x92, 0x76,
    0x76, 0x92, 0x76, 0x76, 0x92, 0x76, 0x76, 0x92, 0x76, 0x76, 0x92, 0x76, 0x76, 0x92, 0x76, 0x76,
    0x92, 0x76, 0x76, 0x92, 0x76, 0x76, 0x92, 0x76, 0x76, 0x92, 0x76, 0x76, 0x92, 0x76, 0x76, 0x92,
    0x76, 0x76, 0x92, 0x76, 0x76, 0x92, 0x76, 0x76, 0x92, 0x76, 0x76, 0x92, 0x76, 0x76, 0x92, 0x76,
    0x76, 0x92, 0x76, 0x76, 0x92, 0x76, 0x76, 0x92, 0x76, 0x76, 0x92, 0x76, 0x76, 0x92, 0x76, 0x76,
    0x92, 0x76, 0x76, 0x92, 0x76, 0x76, 0x92, 0x76, 0x76, 0x92, 0x76, 0x76, 0x92, 0x76, 0x76, 0x92,
    0x76, 0x76, 0x92, 0x76, 0x76, 0x92, 0x76, 0x76, 0x92, 0x76, 0x76, 0x92, 0x76, 0x76, 0x92, 0x76,
    0x76, 0x92, 0x76, 0x76, 0x92, 0x76, 0x76, 0x92, 0x76, 0x76, 0x92, 0x76, 0x76, 0x92, 0x76, 0x76,
    0x80, 0x60, 0x60, 0x00, 0x00, 0x00, 0x00, 0x00, 0x00, 0x80, 0x60, 0x60, 0x92, 0x76, 0x76, 0x92,
    0x76, 0x76, 0x92, 0x76, 0x76, 0x92, 0x76, 0x76, 0x92, 0x76, 0x76, 0x92, 0x76, 0x76, 0x92, 0x76,
    0x76, 0x92, 0x76, 0x76, 0x92, 0x76, 0x76, 0x92, 0x76, 0x76, 0x92, 0x76, 0x76, 0x92, 0x76, 0x76,
    0x92, 0x76, 0x76, 0x92, 0x76, 0x76, 0x92, 0x76, 0x76, 0x92, 0x76, 0x76, 0x92, 0x76, 0x76, 0x92,
    0x76, 0x76, 0x92, 0x76, 0x76, 0x92, 0x76, 0x76, 0x92, 0x76, 0x76, 0x92, 0x76, 0x76, 0x92, 0x76,
    0x76, 0x92, 0x76, 0x76, 0x92, 0x76, 0x76, 0x92, 0x76, 0x76, 0x92, 0x76, 0x76, 0x92, 0x76, 0x76,
    0x92, 0x76, 0x76, 0x92, 0x76, 0x76, 0x92, 0x76, 0x76, 0x92, 0x76, 0x76, 0x92, 0x76, 0x76, 0x92,
    0x76, 0x76, 0x92, 0x76, 0x76, 0x92, 0x76, 0x76, 0x92, 0x76, 0x76, 0x92, 0x76, 0x76, 0x92, 0x76,
    0x76, 0x92, 0x76, 0x76, 0x92, 0x76, 0x76, 0x92, 0x76, 0x76, 0x92, 0x76, 0x76, 0x92, 0x76, 0x76,
    0x80, 0x60, 0x60, 0x00, 0x00, 0x00, 0x00, 0x00, 0x00, 0x00, 0x00, 0x00, 0x80, 0x60, 0x60, 0x92,
    0x76, 0x76, 0x92, 0x76, 0x76, 0x92, 0x76, 0x76, 0x92, 0x76, 0x76, 0x92, 0x76, 0x76, 0x92, 0x76,
    0x76, 0x92, 0x76, 0x76, 0x92, 0x76, 0x76, 0x92, 0x76, 0x76, 0x92, 0x76, 0x76, 0x92, 0x76, 0x76,
    0x92, 0x76, 0x76, 0x92, 0x76, 0x76, 0x92, 0x76, 0x76, 0x92, 0x76, 0x76, 0x92, 0x76, 0x76, 0x92,
    0x76, 0x76, 0x92, 0x76, 0x76, 0x92, 0x76, 0x76, 0x92, 0x76, 0x76, 0x92, 0x76, 0x76, 0x92, 0x76,
    0x76, 0x92, 0x76, 0x76, 0x92, 0x76, 0x76, 0x92, 0x76, 0x76, 0x92, 0x76, 0x76, 0x92, 0x76, 0x76,
    0x92, 0x76, 0x76, 0x92, 0x76, 0x76, 0x92, 0x76, 0x76, 0x92, 0x76, 0x76, 0x92, 0x76, 0x76, 0x92,
    0x76, 0x76, 0x92, 0x76, 0x76, 0x92, 0x76, 0x76, 0x92, 0x76, 0x76, 0x92, 0x76, 0x76, 0x92, 0x76,
    0x76, 0x92, 0x76, 0x76, 0x92, 0x76, 0x76, 0x92, 0x76, 0x76, 0x92, 0x76, 0x76, 0x80, 0x60, 0x60,
    0x00, 0x00, 0x00, 0x00, 0x00, 0x00, 0x00, 0x00, 0x00, 0x00, 0x00, 0x00, 0x80, 0x60, 0x60, 0x80,
    0x60, 0x60, 0x92, 0x76, 0x76, 0x92, 0x76, 0x76, 0x92, 0x76, 0x76, 0x92, 0x76, 0x76, 0x92, 0x76,
    0x76, 0x92, 0x76, 0x76, 0x92, 0x76, 0x76, 0x92, 0x76, 0x76, 0x92, 0x76, 0x76, 0x92, 0x76, 0x76,
    0x92, 0x76, 0x76, 0x92, 0x76, 0x76, 0x92, 0x76, 0x76, 0x92, 0x76, 0x76, 0x92, 0x76, 0x76, 0x92,
    0x76, 0x76, 0x92, 0x76, 0x76, 0x92, 0x76, 0x76, 0x92, 0x76, 0x76, 0x92, 0x76, 0x76, 0x92, 0x76,
    0x76, 0x92, 0x76, 0x76, 0x92, 0x76, 0x76, 0x92, 0x76, 0x76, 0x92, 0x76, 0x76, 0x92, 0x76, 0x76,
    0x92, 0x76, 0x76, 0x92, 0x76, 0x76, 0x92, 0x76, 0x76, 0x92, 0x76, 0x76, 0x92, 0x76, 0x76, 0x92,
    0x76, 0x76, 0x92, 0x76, 0x76, 0x92, 0x76, 0x76, 0x92, 0x76, 0x76, 0x92, 0x76, 0x76, 0x92, 0x76,
    0x76, 0x92, 0x76, 0x76, 0x92, 0x76, 0x76, 0x92, 0x76, 0x76, 0x80, 0x60, 0x60, 0x80, 0x60, 0x60,
    0x00, 0x00, 0x00, 0x00, 0x00, 0x00, 0x00, 0x00, 0x00, 0x00, 0x00, 0x00, 0x00, 0x00, 0x00, 0x80,
    0x60, 0x60, 0x80, 0x60, 0x60, 0x92, 0x76, 0x76, 0x92, 0x76, 0x76, 0x92, 0x76, 0x76, 0x92, 0x76,
    0x76, 0x92, 0x76, 0x76, 0x92, 0x76, 0x76, 0x92, 0x76, 0x76, 0x92, 0x76, 0x76, 0x92, 0x76, 0x76,
    0x92, 0x76, 0x76, 0x92, 0x76, 0x76, 0x92, 0x76, 0x76, 0x92, 0x76, 0x76, 0x92, 0x76, 0x76, 0x92,
    0x76, 0x76, 0x92, 0x76, 0x76, 0x92, 0x76, 0x76, 0x92, 0x76, 0x76, 0x92, 0x76, 0x76, 0x92, 0x76,
    0x76, 0x92, 0x76, 0x76, 0x92, 0x76, 0x76, 0x92, 0x76, 0x76, 0x92, 0x76, 0x76, 0x92, 0x76, 0x76,
    0x92, 0x76, 0x76, 0x92, 0x76, 0x76, 0x92, 0x76, 0x76, 0x92, 0x76, 0x76, 0x92, 0x76, 0x76, 0x92,
    0x76, 0x76, 0x92, 0x76, 0x76, 0x92, 0x76, 0x76, 0x92, 0x76, 0x76, 0x92, 0x76, 0x76, 0x92, 0x76,
    0x76, 0x92, 0x76, 0x76, 0x92, 0x76, 0x76, 0x80, 0x60, 0x60, 0x80, 0x60, 0x60, 0x00, 0x00, 0x00,
    0x00, 0x00, 0x00, 0x00, 0x00, 0x00, 0x00, 0x00, 0x00, 0x00, 0x00, 0x00, 0x00, 0x00, 0x00, 0x00,
    0x00, 0x00, 0x00, 0x00, 0x00, 0x80, 0x60, 0x60, 0x80, 0x60, 0x60, 0x92, 0x76, 0x76, 0x92, 0x76,
    0x76, 0x92, 0x76, 0x76, 0x92, 0x76, 0x76, 0x92, 0x76, 0x76, 0x92, 0x76, 0x76, 0x92, 0x76, 0x76,
    0x92, 0x76, 0x76, 0x92, 0x76, 0x76, 0x92, 0x76, 0x76, 0x92, 0x76, 0x76, 0x92, 0x76, 0x76, 0x92,
    0x76, 0x76, 0x92, 0x76, 0x76, 0x92, 0x76, 0x76, 0x92, 0x76, 0x76, 0x92, 0x76, 0x76, 0x92, 0x76,
    0x76, 0x92, 0x76, 0x76, 0x92, 0x76, 0x76, 0x92, 0x76, 0x76, 0x92, 0x76, 0x76, 0x92, 0x76, 0x76,
    0x92, 0x76, 0x76, 0x92, 0x76, 0x76, 0x92, 0x76, 0x76, 0x92, 0x76, 0x76, 0x92, 0x76, 0x76, 0x92,
    0x76, 0x76, 0x92, 0x76, 0x76, 0x92, 0x76, 0x76, 0x92, 0x76, 0x76, 0x92, 0x76, 0x76, 0x92, 0x76,
    0x76, 0x80, 0x60, 0x60, 0x80, 0x60, 0x60, 0x00, 0x00, 0x00, 0x00, 0x00, 0x00, 0x00, 0x00, 0x00,
    0x00, 0x00, 0x00, 0x00, 0x00, 0x00, 0x00, 0x00, 0x00, 0x00, 0x00, 0x00, 0x00, 0x00, 0x00, 0x00,
    0x00, 0x00, 0x00, 0x00, 0x00, 0x00, 0x00, 0x00, 0x00, 0x00, 0x00, 0x80, 0x60, 0x60, 0x80, 0x60,
    0x60, 0x80, 0x60, 0x60, 0x80, 0x60, 0x60, 0x80, 0x60, 0x60, 0x80, 0x60, 0x60, 0x80, 0x60, 0x60,
    0x80, 0x60, 0x60, 0x80, 0x60, 0x60, 0x80, 0x60, 0x60, 0x80, 0x60, 0x60, 0x80, 0x60, 0x60, 0x80,
    0x60, 0x60, 0x80, 0x60, 0x60, 0x80, 0x60, 0x60, 0x80, 0x60, 0x60, 0x80, 0x60, 0x60, 0x80, 0x60,
    0x60, 0x80, 0x60, 0x60, 0x80, 0x60, 0x60, 0x80, 0x60, 0x60, 0x80, 0x60, 0x60, 0x80, 0x60, 0x60,
    0x80, 0x60, 0x60, 0x80, 0x60, 0x60, 0x80, 0x60, 0x60, 0x80, 0x60, 0x60, 0x80, 0x60, 0x60, 0x80,
    0x60, 0x60, 0x80, 0x60, 0x60, 0x80, 0x60, 0x60, 0x80, 0x60, 0x60, 0x80, 0x60, 0x60, 0x80, 0x60,
    0x60, 0x00, 0x00, 0x00, 0x00, 0x00, 0x00, 0x00, 0x00, 0x00, 0x00, 0x00, 0x00, 0x00, 0x00, 0x00,
    0x00, 0x00, 0x00, 0x00, 0x00, 0x00,
};
const UINT32 gBmpSetSize = 6966;

const UINT8 gBmpFiles[6966] = {
    0x42, 0x4D, 0x36, 0x1B, 0x00, 0x00, 0x00, 0x00, 0x00, 0x00, 0x36, 0x00, 0x00, 0x00, 0x28, 0x00,
    0x00, 0x00, 0x30, 0x00, 0x00, 0x00, 0x30, 0x00, 0x00, 0x00, 0x01, 0x00, 0x18, 0x00, 0x00, 0x00,
    0x00, 0x00, 0x00, 0x1B, 0x00, 0x00, 0x13, 0x0B, 0x00, 0x00, 0x13, 0x0B, 0x00, 0x00, 0x00, 0x00,
    0x00, 0x00, 0x00, 0x00, 0x00, 0x00, 0x00, 0x00, 0x00, 0x00, 0x00, 0x00, 0x00, 0x00, 0x00, 0x00,
    0x00, 0x00, 0x00, 0x00, 0x00, 0x00, 0x00, 0x00, 0x00, 0x00, 0x00, 0x40, 0x80, 0x20, 0x40, 0x80,
    0x20, 0x40, 0x80, 0x20, 0x40, 0x80, 0x20, 0x40, 0x80, 0x20, 0x40, 0x80, 0x20, 0x40, 0x80, 0x20,
    0x40, 0x80, 0x20, 0x40, 0x80, 0x20, 0x40, 0x80, 0x20, 0x40, 0x80, 0x20, 0x40, 0x80, 0x20, 0x40,
    0x80, 0x20, 0x40, 0x80, 0x20, 0x40, 0x80, 0x20, 0x40, 0x80, 0x20, 0x40, 0x80, 0x20, 0x40, 0x80,
    0x20, 0x40, 0x80, 0x20, 0x40, 0x80, 0x20, 0x40, 0x80, 0x20, 0x40, 0x80, 0x20, 0x40, 0x80, 0x20,
    0x40, 0x80, 0x20, 0x40, 0x80, 0x20, 0x40, 0x80, 0x20, 0x40, 0x80, 0x20, 0x40, 0x80, 0x20, 0x40,
    0x80, 0x20, 0x40, 0x80, 0x20, 0x40, 0x80, 0x20, 0x40, 0x80, 0x20, 0x40, 0x80, 0x20, 0x40, 0x80,
    0x20, 0x00, 0x00, 0x00, 0x00, 0x00, 0x00, 0x00, 0x00, 0x00, 0x00, 0x00, 0x00, 0x00, 0x00, 0x00,
    0x00, 0x00, 0x00, 0x00, 0x00, 0x00, 0x00, 0x00, 0x00, 0x00, 0x00, 0x00, 0x00, 0x00, 0x00, 0x00,
    0x00, 0x00, 0x00, 0x00, 0x00, 0x40, 0x80, 0x20, 0x40, 0x80, 0x20, 0x40, 0x80, 0x20, 0x40, 0x80,
    0x20, 0x40, 0x80, 0x20, 0x40, 0x80, 0x20, 0x40, 0x80, 0x20, 0x40, 0x80, 0x20, 0x40, 0x80, 0x20,
    0x40, 0x80, 0x20, 0x40, 0x80, 0x20, 0x40, 0x80, 0x20, 0x40, 0x80, 0x20, 0x40, 0x80, 0x20, 0x40,
    0x80, 0x20, 0x40, 0x80, 0x20, 0x40, 0x80, 0x20, 0x40, 0x80, 0x20, 0x40, 0x80, 0x20, 0x40, 0x80,
    0x20, 0x40, 0x80, 0x20, 0x40, 0x80, 0x20, 0x40, 0x80, 0x20, 0x40, 0x80, 0x20, 0x40, 0x80, 0x20,
    0x40, 0x80, 0x20, 0x40, 0x80, 0x20, 0x40, 0x80, 0x20, 0x40, 0x80, 0x20, 0x40, 0x80, 0x20, 0x40,
    0x80, 0x20, 0x40, 0x80, 0x20, 0x40, 0x80, 0x20, 0x40, 0x80, 0x20, 0x40, 0x80, 0x20, 0x40, 0x80,
    0x20, 0x40, 0x80, 0x20, 0x40, 0x80, 0x20, 0x00, 0x00, 0x00, 0x00, 0x00, 0x00, 0x00, 0x00, 0x00,
    0x00, 0x00, 0x00, 0x00, 0x00, 0x00, 0x00, 0x00, 0x00, 0x00, 0x00, 0x00, 0x00, 0x00, 0x00, 0x40,
    0x80, 0x20, 0x40, 0x80, 0x20, 0x40, 0x80, 0x20, 0x40, 0x80, 0x20, 0x40, 0x80, 0x20, 0x40, 0x80,
    0x20, 0x40, 0x80, 0x20, 0x40, 0x80, 0x20, 0x40, 0x80, 0x20, 0x40, 0x80, 0x20, 0x40, 0x80, 0x20,
    0x40, 0x80, 0x20, 0x40, 0x80, 0x20, 0x40, 0x80, 0x20, 0x40, 0x80, 0x20, 0x40, 0x80, 0x20, 0x40,
    0x80, 0x20, 0x40, 0x80, 0x20, 0x40, 0x80, 0x20, 0x40, 0x80, 0x20, 0x40, 0x80, 0x20, 0x40, 0x80,
    0x20, 0x40, 0x80, 0x20, 0x40, 0x80, 0x20, 0x40, 0x80, 0x20, 0x40, 0x80, 0x20, 0x40, 0x80, 0x20,
    0x40, 0x80, 0x20, 0x40, 0x80, 0x20, 0x40, 0x80, 0x20, 0x40, 0x80, 0x20, 0x40, 0x80, 0x20, 0x40,
    0x80, 0x20, 0x40, 0x80, 0x20, 0x40, 0x80, 0x20, 0x40, 0x80, 0x20, 0x40, 0x80, 0x20, 0x40, 0x80,
    0x20, 0x40, 0x80, 0x20, 0x40, 0x80, 0x20, 0x40, 0x80, 0x20, 0x40, 0x80, 0x20, 0x00, 0x00, 0x00,
    0x00, 0x00, 0x00, 0x00, 0x00, 0x00, 0x00, 0x00, 0x00, 0x00, 0x00, 0x00, 0x40, 0x80, 0x20, 0x40,
    0x80, 0x20, 0x40, 0x80, 0x20, 0x40, 0x80, 0x20, 0x40, 0x80, 0x20, 0x40, 0x80, 0x20, 0x40, 0x80,
    0x20, 0x40, 0x80, 0x20, 0x40, 0x80, 0x20, 0x40, 0x80, 0x20, 0x40, 0x80, 0x20, 0x40, 0x80, 0x20,
    0x40, 0x80, 0x20, 0x40, 0x80, 0x20, 0x40, 0x80, 0x20, 0x40, 0x80, 0x20, 0x40, 0x80, 0x20, 0x40,
    0x80, 0x20, 0x40, 0x80, 0x20, 0x40, 0x80, 0x20, 0x40, 0x80, 0x20, 0x40, 0x80, 0x20, 0x40, 0x80,
    0x20, 0x40, 0x80, 0x20, 0x40, 0x80, 0x20, 0x40, 0x80, 0x20, 0x40, 0x80, 0x20, 0x40, 0x80, 0x20,
    0x40, 0x80, 0x20, 0x40, 0x80, 0x20, 0x40, 0x80, 0x20, 0x40, 0x80, 0x20, 0x40, 0x80, 0x20, 0x40,
    0x80, 0x20, 0x40, 0x80, 0x20, 0x40, 0x80, 0x20, 0x40, 0x80, 0x20, 0x40, 0x80, 0x20, 0x40, 0x80,
    0x20, 0x40, 0x80, 0x20, 0x40, 0x80, 0x20, 0x40, 0x80, 0x20, 0x40, 0x80, 0x20, 0x40, 0x80, 0x20,
    0x00, 0x00, 0x00, 0x00, 0x00, 0x00, 0x00, 0x00, 0x00, 0x00, 0x00, 0x00, 0x40, 0x80, 0x20, 0x40,
    0x80, 0x20, 0x40, 0x80, 0x20, 0x40, 0x80, 0x20, 0x40, 0x80, 0x20, 0x40, 0x80, 0x20, 0x40, 0x80,
    0x20, 0x40, 0x80, 0x20, 0x40, 0x80, 0x20, 0x40, 0x80, 0x20, 0x40, 0x80, 0x20, 0x40, 0x80, 0x20,
    0x40, 0x80, 0x20, 0x40, 0x80, 0x20, 0x40, 0x80, 0x20, 0x40, 0x80, 0x20, 0x40, 0x80, 0x20, 0x40,
    0x80, 0x20, 0x40, 0x80, 0x20, 0x40, 0x80, 0x20, 0x40, 0x80, 0x20, 0x40, 0x80, 0x20, 0x40, 0x80,
    0x20, 0x40, 0x80, 0x20, 0x40, 0x80, 0x20, 0x40, 0x80, 0x20, 0x40, 0x80, 0x20, 0x40, 0x80, 0x20,
    0x40, 0x80, 0x20, 0x40, 0x80, 0x20, 0x40, 0x80, 0x20, 0x40, 0x80, 0x20, 0x40, 0x80, 0x20, 0x40,
    0x80, 0x20, 0x40, 0x80, 0x20, 0x40, 0x80, 0x20, 0x40, 0x80, 0x20, 0x40, 0x80, 0x20, 0x40, 0x80,
    0x20, 0x40, 0x80, 0x20, 0x40, 0x80, 0x20, 0x40, 0x80, 0x20, 0x40, 0x80, 0x20, 0x40, 0x80, 0x20,
    0x00, 0x00, 0x00, 0x00, 0x00, 0x00, 0x00, 0x00, 0x00, 0x40, 0x80, 0x20, 0x40, 0x80, 0x20, 0x40,
    0x80, 0x20, 0x40, 0x80, 0x20, 0x40, 0x80, 0x20, 0x40, 0x80, 0x20, 0x40, 0x80, 0x20, 0x40, 0x80,
    0x20, 0x40, 0x80, 0x20, 0x40, 0x80, 0x20, 0x40, 0x80, 0x20, 0x40, 0x80, 0x20, 0x40, 0x80, 0x20,
    0x40, 0x80, 0x20, 0x40, 0x80, 0x20, 0x40, 0x80, 0x20, 0x40, 0x80, 0x20, 0x40, 0x80, 0x20, 0x40,
    0x80, 0x20, 0x40, 0x80, 0x20, 0x40, 0x80, 0x20, 0x40, 0x80, 0x20, 0x40, 0x80, 0x20, 0x40, 0x80,
    0x20, 0x40, 0x80, 0x20, 0x40, 0x80, 0x20, 0x40, 0x80, 0x20, 0x40, 0x80, 0x20, 0x40, 0x80, 0x20,
    0x40, 0x80, 0x20, 0x40, 0x80, 0x20, 0x40, 0x80, 0x20, 0x40, 0x80, 0x20, 0x40, 0x80, 0x20, 0x40,
    0x80, 0x20, 0x40, 0x80, 0x20, 0x40, 0x80, 0x20, 0x40, 0x80, 0x20, 0x40, 0x80, 0x20, 0x40, 0x80,
    0x20, 0x40, 0x80, 0x20, 0x40, 0x80, 0x20, 0x40, 0x80, 0x20, 0x40, 0x80, 0x20, 0x40, 0x80, 0x20,
    0x40, 0x80, 0x20, 0x00, 0x00, 0x00, 0x00, 0x00, 0x00, 0x40, 0x80, 0x20, 0x40, 0x80, 0x20, 0x40,
    0x80, 0x20, 0x40, 0x80, 0x20, 0x40, 0x80, 0x20, 0x40, 0x80, 0x20, 0x40, 0x80, 0x20, 0x40, 0x80,
    0x20, 0x40, 0x80, 0x20, 0x40, 0x80, 0x20, 0x40, 0x80, 0x20, 0x40, 0x80, 0x20, 0x40, 0x80, 0x20,
    0x40, 0x80, 0x20, 0x40, 0x80, 0x20, 0x40, 0x80, 0x20, 0x40, 0x80, 0x20, 0x40, 0x80, 0x20, 0x40,
    0x80, 0x20, 0x40, 0x80, 0x20, 0x40, 0x80, 0x20, 0x40, 0x80, 0x20, 0x40, 0x80, 0x20, 0x40, 0x80,
    0x20, 0x40, 0x80, 0x20, 0x40, 0x80, 0x20, 0x40, 0x80, 0x20, 0x40, 0x80, 0x20, 0x40, 0x80, 0x20,
    0x40, 0x80, 0x20, 0x40, 0x80, 0x20, 0x40, 0x80, 0x20, 0x40, 0x80, 0x20, 0x40, 0x80, 0x20, 0x40,
    0x80, 0x20, 0x40, 0x80, 0x20, 0x40, 0x80, 0x20, 0x40, 0x80, 0x20, 0x40, 0x80, 0x20, 0x40, 0x80,
    0x20, 0x40, 0x80, 0x20, 0x40, 0x80, 0x20, 0x40, 0x80, 0x20, 0x40, 0x80, 0x20, 0x40, 0x80, 0x20,
    0x40, 0x80, 0x20, 0x00, 0x00, 0x00, 0x40, 0x80, 0x20, 0x40, 0x80, 0x20, 0x40, 0x80, 0x20, 0x40,
    0x80, 0x20, 0x40, 0x80, 0x20, 0x40, 0x80, 0x20, 0x40, 0x80, 0x20, 0x40, 0x80, 0x20, 0x40, 0x80,
    0x20, 0x40, 0x80, 0x20, 0x40, 0x80, 0x20, 0x40, 0x80, 0x20, 0x40, 0x80, 0x20, 0x40, 0x80, 0x20,
    0x40, 0x80, 0x20, 0x40, 0x80, 0x20, 0x40, 0x80, 0x20, 0x40, 0x80, 0x20, 0x40, 0x80, 0x20, 0x40,
    0x80, 0x20, 0x40, 0x80, 0x20, 0x40, 0x80, 0x20, 0x40, 0x80, 0x20, 0x40, 0x80, 0x20, 0x40, 0x80,
    0x20, 0x40, 0x80, 0x20, 0x40, 0x80, 0x20, 0x40, 0x80, 0x20, 0x40, 0x80, 0x20, 0x40, 0x80, 0x20,
    0x40, 0x80, 0x20, 0x40, 0x80, 0x20, 0x40, 0x80, 0x20, 0x40, 0x80, 0x20, 0x40, 0x80, 0x20, 0x40,
    0x80, 0x20, 0x40, 0x80, 0x20, 0x40, 0x80, 0x20, 0x40, 0x80, 0x20, 0x40, 0x80, 0x20, 0x40, 0x80,
    0x20, 0x40, 0x80, 0x20, 0x40, 0x80, 0x20, 0x40, 0x80, 0x20, 0x40, 0x80, 0x20, 0x40, 0x80, 0x20,
    0x40, 0x80, 0x20, 0x40, 0x80, 0x20, 0x40, 0x80, 0x20, 0x40, 0x80, 0x20, 0x40, 0x80, 0x20, 0x40,
    0x80, 0x20, 0x40, 0x80, 0x20, 0x40, 0x80, 0x20, 0x40, 0x80, 0x20, 0x40, 0x80, 0x20, 0x40, 0x80,
    0x20, 0x40, 0x80, 0x20, 0x40, 0x80, 0x20, 0x40, 0x80, 0x20, 0x40, 0x80, 0x20, 0x40, 0x80, 0x20,
    0x40, 0x80, 0x20, 0x40, 0x80, 0x20, 0x40, 0x80, 0x20, 0x40, 0x80, 0x20, 0x40, 0x80, 0x20, 0x40,
    0x80, 0x20, 0x40, 0x80, 0x20, 0x40, 0x80, 0x20, 0x40, 0x80, 0x20, 0x40, 0x80, 0x20, 0x40, 0x80,
    0x20, 0x40, 0x80, 0x20, 0x40, 0x80, 0x20, 0x40, 0x80, 0x20, 0x40, 0x80, 0x20, 0x40, 0x80, 0x20,
    0x40, 0x80, 0x20, 0x40, 0x80, 0x20, 0x40, 0x80, 0x20, 0x40, 0x80, 0x20, 0x40, 0x80, 0x20, 0x40,
    0x80, 0x20, 0x40, 0x80, 0x20, 0x40, 0x80, 0x20, 0x40, 0x80, 0x20, 0x40, 0x80, 0x20, 0x40, 0x80,
    0x20, 0x40, 0x80, 0x20, 0x40, 0x80, 0x20, 0x40, 0x80, 0x20, 0x40, 0x80, 0x20, 0x40, 0x80, 0x20,
    0x40, 0x80, 0x20, 0x40, 0x80, 0x20, 0x40, 0x80, 0x20, 0x40, 0x80, 0x20, 0x40, 0x80, 0x20, 0x40,
    0x80, 0x20, 0x40, 0x80, 0x20, 0x40, 0x80, 0x20, 0x40, 0x80, 0x20, 0x40, 0x80, 0x20, 0x40, 0x80,
    0x20, 0x40, 0x80, 0x20, 0x40, 0x80, 0x20, 0x40, 0x80, 0x20, 0x40, 0x80, 0x20, 0x40, 0x80, 0x20,
    0x40, 0x80, 0x20, 0x40, 0x80, 0x20, 0x40, 0x80, 0x20, 0x40, 0x80, 0x20, 0x40, 0x80, 0x20, 0x40,
    0x80, 0x20, 0x40, 0x80, 0x20, 0x40, 0x80, 0x20, 0x40, 0x80, 0x20, 0x40, 0x80, 0x20, 0x40, 0x80,
    0x20, 0x40, 0x80, 0x20, 0x40, 0x80, 0x20, 0x40, 0x80, 0x20, 0x40, 0x80, 0x20, 0x40, 0x80, 0x20,
    0x40, 0x80, 0x20, 0x40, 0x80, 0x20, 0x40, 0x80, 0x20, 0x40, 0x80, 0x20, 0x40, 0x80, 0x20, 0x40,
    0x80, 0x20, 0x40, 0x80, 0x20, 0x40, 0x80, 0x20, 0x40, 0x80, 0x20, 0x40, 0x80, 0x20, 0x40, 0x80,
    0x20, 0x40, 0x80, 0x20, 0x40, 0x80, 0x20, 0x40, 0x80, 0x20, 0x40, 0x80, 0x20, 0x40, 0x80, 0x20,
    0x40, 0x80, 0x20, 0x40, 0x80, 0x20, 0x40, 0x80, 0x20, 0x40, 0x80, 0x20, 0x40, 0x80, 0x20, 0x40,
    0x80, 0x20, 0x40, 0x80, 0x20, 0x40, 0x80, 0x20, 0x40, 0x80, 0x20, 0x40, 0x80, 0x20, 0x40, 0x80,
    0x20, 0x40, 0x80, 0x20, 0x40, 0x80, 0x20, 0x40, 0x80, 0x20, 0x40, 0x80, 0x20, 0x40, 0x80, 0x20,
    0x40, 0x80, 0x20, 0x40, 0x80, 0x20, 0x40, 0x80, 0x20, 0x40, 0x80, 0x20, 0x40, 0x80, 0x20, 0x40,
    0x80, 0x20, 0x40, 0x80, 0x20, 0x40, 0x80, 0x20, 0x40, 0x80, 0x20, 0x40, 0x80, 0x20, 0x40, 0x80,
    0x20, 0x40, 0x80, 0x20, 0x40, 0x80, 0x20, 0x40, 0x80, 0x20, 0x40, 0x80, 0x20, 0x40, 0x80, 0x20,
    0x40, 0x80, 0x20, 0x40, 0x80, 0x20, 0x40, 0x80, 0x20, 0x40, 0x80, 0x20, 0x40, 0x80, 0x20, 0x40,
    0x80, 0x20, 0x40, 0x80, 0x20, 0x40, 0x80, 0x20, 0x40, 0x80, 0x20, 0x40, 0x80, 0x20, 0x40, 0x80,
    0x20, 0x40, 0x80, 0x20, 0x40, 0x80, 0x20, 0x40, 0x80, 0x20, 0x40, 0x80, 0x20, 0x40, 0x80, 0x20,
    0x40, 0x80, 0x20, 0x40, 0x80, 0x20, 0x40, 0x80, 0x20, 0x40, 0x80, 0x20, 0x40, 0x80, 0x20, 0x40,
    0x80, 0x20, 0x40, 0x80, 0x20, 0x40, 0x80, 0x20, 0x40, 0x80, 0x20, 0x40, 0x80, 0x20, 0x40, 0x80,
    0x20, 0x40, 0x80, 0x20, 0x40, 0x80, 0x20, 0x40, 0x80, 0x20, 0x40, 0x80, 0x20, 0x40, 0x80, 0x20,
    0x40, 0x80, 0x20, 0x40, 0x80, 0x20, 0x40, 0x80, 0x20, 0x40, 0x80, 0x20, 0x40, 0x80, 0x20, 0x40,
    0x80, 0x20, 0x40, 0x80, 0x20, 0x40, 0x80, 0x20, 0x40, 0x80, 0x20, 0x40, 0x80, 0x20, 0x40, 0x80,
    0x20, 0x40, 0x80, 0x20, 0x40, 0x80, 0x20, 0x40, 0x80, 0x20, 0x40, 0x80, 0x20, 0x40, 0x80, 0x20,
    0x40, 0x80, 0x20, 0x40, 0x80, 0x20, 0x40, 0x80, 0x20, 0x40, 0x80, 0x20, 0x40, 0x80, 0x20, 0x40,
    0x80, 0x20, 0x40, 0x80, 0x20, 0x40, 0x80, 0x20, 0x40, 0x80, 0x20, 0x40, 0x80, 0x20, 0x40, 0x80,
    0x20, 0x40, 0x80, 0x20, 0x40, 0x80, 0x20, 0x40, 0x80, 0x20, 0x40, 0x80, 0x20, 0x40, 0x80, 0x20,
    0x40, 0x80, 0x20, 0x40, 0x80, 0x20, 0x40, 0x80, 0x20, 0x40, 0x80, 0x20, 0x40, 0x80, 0x20, 0x40,
    0x80, 0x20, 0x40, 0x80, 0x20, 0x40, 0x80, 0x20, 0x40, 0x80, 0x20, 0x40, 0x80, 0x20, 0x40, 0x80,
    0x20, 0x40, 0x80, 0x20, 0x40, 0x80, 0x20, 0x40, 0x80, 0x20, 0x40, 0x80, 0x20, 0x40, 0x80, 0x20,
    0x40, 0x80, 0x20, 0x40, 0x80, 0x20, 0x40, 0x80, 0x20, 0x40, 0x80, 0x20, 0x40, 0x80, 0x20, 0x40,
    0x80, 0x20, 0x40, 0x80, 0x20, 0x40, 0x80, 0x20, 0x40, 0x80, 0x20, 0x40, 0x80, 0x20, 0x40, 0x80,
    0x20, 0x40, 0x80, 0x20, 0x40, 0x80, 0x20, 0x40, 0x80, 0x20, 0x40, 0x80, 0x20, 0x40, 0x80, 0x20,
    0x40, 0x80, 0x20, 0x40, 0x80, 0x20, 0x40, 0x80, 0x20, 0x40, 0x80, 0x20, 0x40, 0x80, 0x20, 0x40,
    0x80, 0x20, 0x40, 0x80, 0x20, 0x40, 0x80, 0x20, 0x40, 0x80, 0x20, 0x40, 0x80, 0x20, 0x40, 0x80,
    0x20, 0x40, 0x80, 0x20, 0x40, 0x80, 0x20, 0x40, 0x80, 0x20, 0x40, 0x80, 0x20, 0x40, 0x80, 0x20,
    0x40, 0x80, 0x20, 0x40, 0x80, 0x20, 0x40, 0x80, 0x20, 0x40, 0x80, 0x20, 0x40, 0x80, 0x20, 0x40,
    0x80, 0x20, 0x40, 0x80, 0x20, 0x40, 0x80, 0x20, 0x40, 0x80, 0x20, 0x40, 0x80, 0x20, 0x40, 0x80,
    0x20, 0x40, 0x80, 0x20, 0x40, 0x80, 0x20, 0x40, 0x80, 0x20, 0x40, 0x80, 0x20, 0x40, 0x80, 0x20,
    0x40, 0x80, 0x20, 0x40, 0x80, 0x20, 0x40, 0x80, 0x20, 0x40, 0x80, 0x20, 0x40, 0x80, 0x20, 0x40,
    0x80, 0x20, 0x40, 0x80, 0x20, 0x40, 0x80, 0x20, 0x40, 0x80, 0x20, 0x40, 0x80, 0x20, 0x40, 0x80,
    0x20, 0x40, 0x80, 0x20, 0x40, 0x80, 0x20, 0x40, 0x80, 0x20, 0x40, 0x80, 0x20, 0x40, 0x80, 0x20,
    0x40, 0x80, 0x20, 0x40, 0x80, 0x20, 0x40, 0x80, 0x20, 0x40, 0x80, 0x20, 0x40, 0x80, 0x20, 0x40,
    0x80, 0x20, 0x40, 0x80, 0x20, 0x40, 0x80, 0x20, 0x40, 0x80, 0x20, 0x40, 0x80, 0x20, 0x40, 0x80,
    0x20, 0x40, 0x80, 0x20, 0x40, 0x80, 0x20, 0x40, 0x80, 0x20, 0x40, 0x80, 0x20, 0x40, 0x80, 0x20,
    0x40, 0x80, 0x20, 0x40, 0x80, 0x20, 0x40, 0x80, 0x20, 0x40, 0x80, 0x20, 0x40, 0x80, 0x20, 0x40,
    0x80, 0x20, 0x40, 0x80, 0x20, 0x40, 0x80, 0x20, 0x40, 0x80, 0x20, 0x40, 0x80, 0x20, 0x40, 0x80,
    0x20, 0x40, 0x80, 0x20, 0x40, 0x80, 0x20, 0x40, 0x80, 0x20, 0x4C, 0x88, 0x2E, 0x96, 0xB9, 0x85,
    0xB3, 0xCC, 0xA6, 0xB3, 0xCC, 0xA6, 0xB3, 0xCC, 0xA6, 0xB3, 0xCC, 0xA6, 0xB3, 0xCC, 0xA6, 0xB3,
    0xCC, 0xA6, 0xB3, 0xCC, 0xA6, 0xB3, 0xCC, 0xA6, 0xB3, 0xCC, 0xA6, 0xB3, 0xCC, 0xA6, 0xB3, 0xCC,
    0xA6, 0xB3, 0xCC, 0xA6, 0xB3, 0xCC, 0xA6, 0xB3, 0xCC, 0xA6, 0xB3, 0xCC, 0xA6, 0xB3, 0xCC, 0xA6,
    0xB3, 0xCC, 0xA6, 0xB3, 0xCC, 0xA6, 0xB3, 0xCC, 0xA6, 0x95, 0xB9, 0x84, 0x4C, 0x88, 0x2E, 0x40,
    0x80, 0x20, 0x40, 0x80, 0x20, 0x40, 0x80, 0x20, 0x40, 0x80, 0x20, 0x40, 0x80, 0x20, 0x40, 0x80,
    0x20, 0x40, 0x80, 0x20, 0x40, 0x80, 0x20, 0x40, 0x80, 0x20, 0x40, 0x80, 0x20, 0x40, 0x80, 0x20,
    0x40, 0x80, 0x20, 0x40, 0x80, 0x20, 0x40, 0x80, 0x20, 0x40, 0x80, 0x20, 0x40, 0x80, 0x20, 0x40,
    0x80, 0x20, 0x40, 0x80, 0x20, 0x40, 0x80, 0x20, 0x40, 0x80, 0x20, 0x40, 0x80, 0x20, 0x40, 0x80,
    0x20, 0x40, 0x80, 0x20, 0x40, 0x80, 0x20, 0x54, 0x8D, 0x38, 0xE8, 0xF0, 0xE4, 0xFF, 0xFF, 0xFF,
    0xFF, 0xFF, 0xFF, 0xFF, 0xFF, 0xFF, 0xFF, 0xFF, 0xFF, 0xFF, 0xFF, 0xFF, 0xFF, 0xFF, 0xFF, 0xFF,
    0xFF, 0xFF, 0xFF, 0xFF, 0xFF, 0xFF, 0xFF, 0xFF, 0xFF, 0xFF, 0xFF, 0xFF, 0xFF, 0xFF, 0xFF, 0xFF,
    0xFF, 0xFF, 0xFF, 0xFF, 0xFF, 0xFF, 0xFF, 0xFF, 0xFF, 0xFF, 0xFF, 0xFF, 0xFF, 0xFF, 0xFF, 0xFF,
    0xFF, 0xFF, 0xFF, 0xFF, 0xFF, 0xFF, 0xFF, 0xFF, 0xFF, 0xFF, 0xFF, 0xFF, 0xE7, 0xEF, 0xE3, 0x53,
    0x8C, 0x36, 0x40, 0x80, 0x20, 0x40, 0x80, 0x20, 0x40, 0x80, 0x20, 0x40, 0x80, 0x20, 0x40, 0x80,
    0x20, 0x40, 0x80, 0x20, 0x40, 0x80, 0x20, 0x40, 0x80, 0x20, 0x40, 0x80, 0x20, 0x40, 0x80, 0x20,
    0x40, 0x80, 0x20, 0x40, 0x80, 0x20, 0x40, 0x80, 0x20, 0x40, 0x80, 0x20, 0x40, 0x80, 0x20, 0x40,
    0x80, 0x20, 0x40, 0x80, 0x20, 0x40, 0x80, 0x20, 0x40, 0x80, 0x20, 0x40, 0x80, 0x20, 0x40, 0x80,
    0x20, 0x40, 0x80, 0x20, 0x40, 0x80, 0x20, 0xB6, 0xCF, 0xAA, 0xFF, 0xFF, 0xFF, 0xF6, 0xF9, 0xF5,
    0xB9, 0xD0, 0xAD, 0xB3, 0xCC, 0xA6, 0xB3, 0xCC, 0xA6, 0xB3, 0xCC, 0xA6, 0xB3, 0xCC, 0xA6, 0xB3,
    0xCC, 0xA6, 0xB3, 0xCC, 0xA6, 0xB3, 0xCC, 0xA6, 0xB3, 0xCC, 0xA6, 0xB3, 0xCC, 0xA6, 0xB3, 0xCC,
    0xA6, 0xB3, 0xCC, 0xA6, 0xB3, 0xCC, 0xA6, 0xB3, 0xCC, 0xA6, 0xB3, 0xCC, 0xA6, 0xB3, 0xCC, 0xA6,
    0xB3, 0xCC, 0xA6, 0xB3, 0xCC, 0xA6, 0xB9, 0xD0, 0xAD, 0xF6, 0xF9, 0xF5, 0xFF, 0xFF, 0xFF, 0xB4,
    0xCD, 0xA8, 0x40, 0x80, 0x20, 0x40, 0x80, 0x20, 0x40, 0x80, 0x20, 0x40, 0x80, 0x20, 0x40, 0x80,
    0x20, 0x40, 0x80, 0x20, 0x40, 0x80, 0x20, 0x40, 0x80, 0x20, 0x40, 0x80, 0x20, 0x40, 0x80, 0x20,
    0x40, 0x80, 0x20, 0x40, 0x80, 0x20, 0x40, 0x80, 0x20, 0x40, 0x80, 0x20, 0x40, 0x80, 0x20, 0x40,
    0x80, 0x20, 0x40, 0x80, 0x20, 0x40, 0x80, 0x20, 0x40, 0x80, 0x20, 0x40, 0x80, 0x20, 0x40, 0x80,
    0x20, 0x40, 0x80, 0x20, 0x40, 0x80, 0x20, 0xE3, 0xED, 0xDF, 0xFF, 0xFF, 0xFF, 0x94, 0xB8, 0x82,
    0x40, 0x80, 0x20, 0x40, 0x80, 0x20, 0x40, 0x80, 0x20, 0x40, 0x80, 0x20, 0x40, 0x80, 0x20, 0x40,
    0x80, 0x20, 0x40, 0x80, 0x20, 0x40, 0x80, 0x20, 0x40, 0x80, 0x20, 0x40, 0x80, 0x20, 0x40, 0x80,
    0x20, 0x40, 0x80, 0x20, 0x40, 0x80, 0x20, 0x40, 0x80, 0x20, 0x40, 0x80, 0x20, 0x40, 0x80, 0x20,
    0x40, 0x80, 0x20, 0x40, 0x80, 0x20, 0x40, 0x80, 0x20, 0x95, 0xB9, 0x84, 0xFF, 0xFF, 0xFF, 0xE3,
    0xEC, 0xDE, 0x40, 0x80, 0x20, 0x40, 0x80, 0x20, 0x40, 0x80, 0x20, 0x40, 0x80, 0x20, 0x40, 0x80,
    0x20, 0x40, 0x80, 0x20, 0x40, 0x80, 0x20, 0x40, 0x80, 0x20, 0x40, 0x80, 0x20, 0x40, 0x80, 0x20,
    0x40, 0x80, 0x20, 0x40, 0x80, 0x20, 0x40, 0x80, 0x20, 0x40, 0x80, 0x20, 0x40, 0x80, 0x20, 0x40,
    0x80, 0x20, 0x40, 0x80, 0x20, 0x40, 0x80, 0x20, 0x40, 0x80, 0x20, 0x40, 0x80, 0x20, 0x40, 0x80,
    0x20, 0x40, 0x80, 0x20, 0x40, 0x80, 0x20, 0xE7, 0xEF, 0xE3, 0xFF, 0xFF, 0xFF, 0x88, 0xB0, 0x74,
    0x40, 0x80, 0x20, 0x40, 0x80, 0x20, 0x40, 0x80, 0x20, 0x40, 0x80, 0x20, 0x40, 0x80, 0x20, 0x40,
    0x80, 0x20, 0x40, 0x80, 0x20, 0x40, 0x80, 0x20, 0x40, 0x80, 0x20, 0x40, 0x80, 0x20, 0x40, 0x80,
    0x20, 0x40, 0x80, 0x20, 0x40, 0x80, 0x20, 0x40, 0x80, 0x20, 0x40, 0x80, 0x20, 0x40, 0x80, 0x20,
    0x40, 0x80, 0x20, 0x40, 0x80, 0x20, 0x40, 0x80, 0x20, 0x88, 0xB0, 0x74, 0xFF, 0xFF, 0xFF, 0xE7,
    0xEF, 0xE3, 0x40, 0x80, 0x20, 0x40, 0x80, 0x20, 0x40, 0x80, 0x20, 0x40, 0x80, 0x20, 0x40, 0x80,
    0x20, 0x40, 0x80, 0x20, 0x40, 0x80, 0x20, 0x40, 0x80, 0x20, 0x40, 0x80, 0x20, 0x40, 0x80, 0x20,
    0x40, 0x80, 0x20, 0x40, 0x80, 0x20, 0x40, 0x80, 0x20, 0x40, 0x80, 0x20, 0x40, 0x80, 0x20, 0x40,
    0x80, 0x20, 0x40, 0x80, 0x20, 0x40, 0x80, 0x20, 0x40, 0x80, 0x20, 0x40, 0x80, 0x20, 0x40, 0x80,
    0x20, 0x40, 0x80, 0x20, 0x40, 0x80, 0x20, 0xE7, 0xEF, 0xE3, 0xFF, 0xFF, 0xFF, 0x88, 0xB0, 0x74,
    0x40, 0x80, 0x20, 0x40, 0x80, 0x20, 0x40, 0x80, 0x20, 0x40, 0x80, 0x20, 0x40, 0x80, 0x20, 0x40,
    0x80, 0x20, 0x40, 0x80, 0x20, 0x40, 0x80, 0x20, 0x40, 0x80, 0x20, 0x40, 0x80, 0x20, 0x40, 0x80,
    0x20, 0x40, 0x80, 0x20, 0x40, 0x80, 0x20, 0x40, 0x80, 0x20, 0x40, 0x80, 0x20, 0x40, 0x80, 0x20,
    0x40, 0x80, 0x20, 0x40, 0x80, 0x20, 0x40, 0x80, 0x20, 0x88, 0xB0, 0x74, 0xFF, 0xFF, 0xFF, 0xE7,
    0xEF, 0xE3, 0x40, 0x80, 0x20, 0x40, 0x80, 0x20, 0x40, 0x80, 0x20, 0x40, 0x80, 0x20, 0x40, 0x80,
    0x20, 0x40, 0x80, 0x20, 0x40, 0x80, 0x20, 0x40, 0x80, 0x20, 0x40, 0x80, 0x20, 0x40, 0x80, 0x20,
    0x40, 0x80, 0x20, 0x40, 0x80, 0x20, 0x40, 0x80, 0x20, 0x40, 0x80, 0x20, 0x40, 0x80, 0x20, 0x40,
    0x80, 0x20, 0x40, 0x80, 0x20, 0x40, 0x80, 0x20, 0x40, 0x80, 0x20, 0x40, 0x80, 0x20, 0x40, 0x80,
    0x20, 0x40, 0x80, 0x20, 0x40, 0x80, 0x20, 0xE7, 0xEF, 0xE3, 0xFF, 0xFF, 0xFF, 0x88, 0xB0, 0x74,
    0x40, 0x80, 0x20, 0x40, 0x80, 0x20, 0x40, 0x80, 0x20, 0x40, 0x80, 0x20, 0x40, 0x80, 0x20, 0x40,
    0x80, 0x20, 0x40, 0x80, 0x20, 0x40, 0x80, 0x20, 0x40, 0x80, 0x20, 0x40, 0x80, 0x20, 0x40, 0x80,
    0x20, 0x40, 0x80, 0x20, 0x40, 0x80, 0x20, 0x40, 0x80, 0x20, 0x40, 0x80, 0x20, 0x40, 0x80, 0x20,
    0x40, 0x80, 0x20, 0x40, 0x80, 0x20, 0x40, 0x80, 0x20, 0x88, 0xB0, 0x74, 0xFF, 0xFF, 0xFF, 0xE7,
    0xEF, 0xE3, 0x40, 0x80, 0x20, 0x40, 0x80, 0x20, 0x40, 0x80, 0x20, 0x40, 0x80, 0x20, 0x40, 0x80,
    0x20, 0x40, 0x80, 0x20, 0x40, 0x80, 0x20, 0x40, 0x80, 0x20, 0x40, 0x80, 0x20, 0x40, 0x80, 0x20,
    0x40, 0x80, 0x20, 0x40, 0x80, 0x20, 0x40, 0x80, 0x20, 0x40, 0x80, 0x20, 0x40, 0x80, 0x20, 0x40,
    0x80, 0x20, 0x40, 0x80, 0x20, 0x40, 0x80, 0x20, 0x40, 0x80, 0x20, 0x40, 0x80, 0x20, 0x40, 0x80,
    0x20, 0x40, 0x80, 0x20, 0x40, 0x80, 0x20, 0xE7, 0xEF, 0xE3, 0xFF, 0xFF, 0xFF, 0x88, 0xB0, 0x74,
    0x40, 0x80, 0x20, 0x40, 0x80, 0x20, 0x40, 0x80, 0x20, 0x40, 0x80, 0x20, 0x40, 0x80, 0x20, 0x40,
    0x80, 0x20, 0x40, 0x80, 0x20, 0x40, 0x80, 0x20, 0x40, 0x80, 0x20, 0x40, 0x80, 0x20, 0x40, 0x80,
    0x20, 0x40, 0x80, 0x20, 0x40, 0x80, 0x20, 0x40, 0x80, 0x20, 0x40, 0x80, 0x20, 0x40, 0x80, 0x20,
    0x40, 0x80, 0x20, 0x40, 0x80, 0x20, 0x40, 0x80, 0x20, 0x88, 0xB0, 0x74, 0xFF, 0xFF, 0xFF, 0xE7,
    0xEF, 0xE3, 0x40, 0x80, 0x20, 0x40, 0x80, 0x20, 0x40, 0x80, 0x20, 0x40, 0x80, 0x20, 0x40, 0x80,
    0x20, 0x40, 0x80, 0x20, 0x40, 0x80, 0x20, 0x40, 0x80, 0x20, 0x40, 0x80, 0x20, 0x40, 0x80, 0x20,
    0x40, 0x80, 0x20, 0x40, 0x80, 0x20, 0x40, 0x80, 0x20, 0x40, 0x80, 0x20, 0x40, 0x80, 0x20, 0x40,
    0x80, 0x20, 0x40, 0x80, 0x20, 0x40, 0x80, 0x20, 0x40, 0x80, 0x20, 0x40, 0x80, 0x20, 0x40, 0x80,
    0x20, 0x40, 0x80, 0x20, 0x40, 0x80, 0x20, 0xE7, 0xEF, 0xE3, 0xFF, 0xFF, 0xFF, 0x88, 0xB0, 0x74,
    0x40, 0x80, 0x20, 0x40, 0x80, 0x20, 0x40, 0x80, 0x20, 0x40, 0x80, 0x20, 0x40, 0x80, 0x20, 0x40,
    0x80, 0x20, 0x40, 0x80, 0x20, 0x40, 0x80, 0x20, 0x40, 0x80, 0x20, 0x40, 0x80, 0x20, 0x40, 0x80,
    0x20, 0x40, 0x80, 0x20, 0x40, 0x80, 0x20, 0x40, 0x80, 0x20, 0x40, 0x80, 0x20, 0x40, 0x80, 0x20,
    0x40, 0x80, 0x20, 0x40, 0x80, 0x20, 0x40, 0x80, 0x20, 0x88, 0xB0, 0x74, 0xFF, 0xFF, 0xFF, 0xE7,
    0xEF, 0xE3, 0x40, 0x80, 0x20, 0x40, 0x80, 0x20, 0x40, 0x80, 0x20, 0x40, 0x80, 0x20, 0x40, 0x80,
    0x20, 0x40, 0x80, 0x20, 0x40, 0x80, 0x20, 0x40, 0x80, 0x20, 0x40, 0x80, 0x20, 0x40, 0x80, 0x20,
    0x40, 0x80, 0x20, 0x40, 0x80, 0x20, 0x40, 0x80, 0x20, 0x40, 0x80, 0x20, 0x40, 0x80, 0x20, 0x40,
    0x80, 0x20, 0x40, 0x80, 0x20, 0x40, 0x80, 0x20, 0x40, 0x80, 0x20, 0x5B, 0x92, 0x3F, 0x5B, 0x92,
    0x3F, 0x5B, 0x92, 0x3F, 0x5B, 0x92, 0x3F, 0xEA, 0xF1, 0xE7, 0xFF, 0xFF, 0xFF, 0x99, 0xBB, 0x87,
    0x5B, 0x92, 0x3F, 0x5B, 0x92, 0x3F, 0x5B, 0x92, 0x3F, 0x5B, 0x92, 0x3F, 0x5B, 0x92, 0x3F, 0x5B,
    0x92, 0x3F, 0x5B, 0x92, 0x3F, 0x5B, 0x92, 0x3F, 0x5B, 0x92, 0x3F, 0x5B, 0x92, 0x3F, 0x5B, 0x92,
    0x3F, 0x5B, 0x92, 0x3F, 0x5B, 0x92, 0x3F, 0x5B, 0x92, 0x3F, 0x5B, 0x92, 0x3F, 0x5B, 0x92, 0x3F,
    0x5B, 0x92, 0x3F, 0x5B, 0x92, 0x3F, 0x5B, 0x92, 0x3F, 0x99, 0xBB, 0x87, 0xFF, 0xFF, 0xFF, 0xEA,
    0xF1, 0xE7, 0x5B, 0x92, 0x3F, 0x5B, 0x92, 0x3F, 0x5B, 0x92, 0x3F, 0x5B, 0x92, 0x3F, 0x5B, 0x92,
    0x3F, 0x40, 0x80, 0x20, 0x40, 0x80, 0x20, 0x40, 0x80, 0x20, 0x40, 0x80, 0x20, 0x40, 0x80, 0x20,
    0x40, 0x80, 0x20, 0x40, 0x80, 0x20, 0x40, 0x80, 0x20, 0x40, 0x80, 0x20, 0x40, 0x80, 0x20, 0x40,
    0x80, 0x20, 0x40, 0x80, 0x20, 0x5B, 0x92, 0x3F, 0x5B, 0x92, 0x3F, 0x5B, 0x92, 0x3F, 0x5B, 0x92,
    0x3F, 0x5B, 0x92, 0x3F, 0x5B, 0x92, 0x3F, 0xEA, 0xF1, 0xE7, 0xFF, 0xFF, 0xFF, 0x99, 0xBB, 0x87,
    0x5B, 0x92, 0x3F, 0x5B, 0x92, 0x3F, 0x5B, 0x92, 0x3F, 0x5B, 0x92, 0x3F, 0x5B, 0x92, 0x3F, 0x5B,
    0x92, 0x3F, 0x5B, 0x92, 0x3F, 0x5B, 0x92, 0x3F, 0x5B, 0x92, 0x3F, 0x5B, 0x92, 0x3F, 0x5B, 0x92,
    0x3F, 0x5B, 0x92, 0x3F, 0x5B, 0x92, 0x3F, 0x5B, 0x92, 0x3F, 0x5B, 0x92, 0x3F, 0x5B, 0x92, 0x3F,
    0x5B, 0x92, 0x3F, 0x5B, 0x92, 0x3F, 0x5B, 0x92, 0x3F, 0x99, 0xBB, 0x87, 0xFF, 0xFF, 0xFF, 0xEA,
    0xF1, 0xE7, 0x5B, 0x92, 0x3F, 0x5B, 0x92, 0x3F, 0x5B, 0x92, 0x3F, 0x5B, 0x92, 0x3F, 0x5B, 0x92,
    0x3F, 0x5B, 0x92, 0x3F, 0x5B, 0x92, 0x3F, 0x40, 0x80, 0x20, 0x40, 0x80, 0x20, 0x40, 0x80, 0x20,
    0x40, 0x80, 0x20, 0x40, 0x80, 0x20, 0x40, 0x80, 0x20, 0x40, 0x80, 0x20, 0x40, 0x80, 0x20, 0x40,
    0x80, 0x20, 0x5B, 0x92, 0x3F, 0x5B, 0x92, 0x3F, 0x5B, 0x92, 0x3F, 0x5B, 0x92, 0x3F, 0x5B, 0x92,
    0x3F, 0x5B, 0x92, 0x3F, 0x5B, 0x92, 0x3F, 0xEA, 0xF1, 0xE7, 0xFF, 0xFF, 0xFF, 0x99, 0xBB, 0x87,
    0x5B, 0x92, 0x3F, 0x5B, 0x92, 0x3F, 0x5B, 0x92, 0x3F, 0x5B, 0x92, 0x3F, 0x5B, 0x92, 0x3F, 0x5B,
    0x92, 0x3F, 0x5B, 0x92, 0x3F, 0x5B, 0x92, 0x3F, 0x5B, 0x92, 0x3F, 0x5B, 0x92, 0x3F, 0x5B, 0x92,
    0x3F, 0x5B, 0x92, 0x3F, 0x5B, 0x92, 0x3F, 0x5B, 0x92, 0x3F, 0x5B, 0x92, 0x3F, 0x5B, 0x92, 0x3F,
    0x5B, 0x92, 0x3F, 0x5B, 0x92, 0x3F, 0x5B, 0x92, 0x3F, 0x99, 0xBB, 0x87, 0xFF, 0xFF, 0xFF, 0xEA,
    0xF1, 0xE7, 0x5B, 0x92, 0x3F, 0x5B, 0x92, 0x3F, 0x5B, 0x92, 0x3F, 0x5B, 0x92, 0x3F, 0x5B, 0x92,
    0x3F, 0x5B, 0x92, 0x3F, 0x5B, 0x92, 0x3F, 0x5B, 0x92, 0x3F, 0x40, 0x80, 0x20, 0x40, 0x80, 0x20,
    0x40, 0x80, 0x20, 0x40, 0x80, 0x20, 0x40, 0x80, 0x20, 0x40, 0x80, 0x20, 0x40, 0x80, 0x20, 0x5B,
    0x92, 0x3F, 0x5B, 0x92, 0x3F, 0x5B, 0x92, 0x3F, 0x5B, 0x92, 0x3F, 0x5B, 0x92, 0x3F, 0x5B, 0x92,
    0x3F, 0x5B, 0x92, 0x3F, 0x5B, 0x92, 0x3F, 0xEA, 0xF1, 0xE7, 0xFF, 0xFF, 0xFF, 0x99, 0xBB, 0x87,
    0x5B, 0x92, 0x3F, 0x5B, 0x92, 0x3F, 0x5B, 0x92, 0x3F, 0x5B, 0x92, 0x3F, 0x5B, 0x92, 0x3F, 0x5B,
    0x92, 0x3F, 0x5B, 0x92, 0x3F, 0x5B, 0x92, 0x3F, 0x5B, 0x92, 0x3F, 0x5B, 0x92, 0x3F, 0x5B, 0x92,
    0x3F, 0x5B, 0x92, 0x3F, 0x5B, 0x92, 0x3F, 0x5B, 0x92, 0x3F, 0x5B, 0x92, 0x3F, 0x5B, 0x92, 0x3F,
    0x5B, 0x92, 0x3F, 0x5B, 0x92, 0x3F, 0x5B, 0x92, 0x3F, 0x99, 0xBB, 0x87, 0xFF, 0xFF, 0xFF, 0xEA,
    0xF1, 0xE7, 0x5B, 0x92, 0x3F, 0x5B, 0x92, 0x3F, 0x5B, 0x92, 0x3F, 0x5B, 0x92, 0x3F, 0x5B, 0x92,
    0x3F, 0x5B, 0x92, 0x3F, 0x5B, 0x92, 0x3F, 0x5B, 0x92, 0x3F, 0x5B, 0x92, 0x3F, 0x40, 0x80, 0x20,
    0x40, 0x80, 0x20, 0x40, 0x80, 0x20, 0x40, 0x80, 0x20, 0x40, 0x80, 0x20, 0x5B, 0x92, 0x3F, 0x5B,
    0x92, 0x3F, 0x5B, 0x92, 0x3F, 0x5B, 0x92, 0x3F, 0x5B, 0x92, 0x3F, 0x5B, 0x92, 0x3F, 0x5B, 0x92,
    0x3F, 0x5B, 0x92, 0x3F, 0x5B, 0x92, 0x3F, 0xEA, 0xF1, 0xE7, 0xFF, 0xFF, 0xFF, 0x99, 0xBB, 0x87,
    0x5B, 0x92, 0x3F, 0x5B, 0x92, 0x3F, 0x5B, 0x92, 0x3F, 0x5B, 0x92, 0x3F, 0x5B, 0x92, 0x3F, 0x5B,
    0x92, 0x3F, 0x5B, 0x92, 0x3F, 0x5B, 0x92, 0x3F, 0x5B, 0x92, 0x3F, 0x5B, 0x92, 0x3F, 0x5B, 0x92,
    0x3F, 0x5B, 0x92, 0x3F, 0x5B, 0x92, 0x3F, 0x5B, 0x92, 0x3F, 0x5B, 0x92, 0x3F, 0x5B, 0x92, 0x3F,
    0x5B, 0x92, 0x3F, 0x5B, 0x92, 0x3F, 0x5B, 0x92, 0x3F, 0x99, 0xBB, 0x87, 0xFF, 0xFF, 0xFF, 0xEA,
    0xF1, 0xE7, 0x5B, 0x92, 0x3F, 0x5B, 0x92, 0x3F, 0x5B, 0x92, 0x3F, 0x5B, 0x92, 0x3F, 0x5B, 0x92,
    0x3F, 0x5B, 0x92, 0x3F, 0x5B, 0x92, 0x3F, 0x5B, 0x92, 0x3F, 0x5B, 0x92, 0x3F, 0x5B, 0x92, 0x3F,
    0x40, 0x80, 0x20, 0x40, 0x80, 0x20, 0x40, 0x80, 0x20, 0x40, 0x80, 0x20, 0x5B, 0x92, 0x3F, 0x5B,
    0x92, 0x3F, 0x5B, 0x92, 0x3F, 0x5B, 0x92, 0x3F, 0x5B, 0x92, 0x3F, 0x5B, 0x92, 0x3F, 0x5B, 0x92,
    0x3F, 0x5B, 0x92, 0x3F, 0x5B, 0x92, 0x3F, 0xEA, 0xF1, 0xE7, 0xFF, 0xFF, 0xFF, 0x99, 0xBB, 0x87,
    0x5B, 0x92, 0x3F, 0x5B, 0x92, 0x3F, 0x5B, 0x92, 0x3F, 0x5B, 0x92, 0x3F, 0x5B, 0x92, 0x3F, 0x5B,
    0x92, 0x3F, 0x5B, 0x92, 0x3F, 0x5B, 0x92, 0x3F, 0x5B, 0x92, 0x3F, 0x5B, 0x92, 0x3F, 0x5B, 0x92,
    0x3F, 0x5B, 0x92, 0x3F, 0x5B, 0x92, 0x3F, 0x5B, 0x92, 0x3F, 0x5B, 0x92, 0x3F, 0x5B, 0x92, 0x3F,
    0x5B, 0x92, 0x3F, 0x5B, 0x92, 0x3F, 0x5B, 0x92, 0x3F, 0x99, 0xBB, 0x87, 0xFF, 0xFF, 0xFF, 0xEA,
    0xF1, 0xE7, 0x5B, 0x92, 0x3F, 0x5B, 0x92, 0x3F, 0x5B, 0x92, 0x3F, 0x5B, 0x92, 0x3F, 0x5B, 0x92,
    0x3F, 0x5B, 0x92, 0x3F, 0x5B, 0x92, 0x3F, 0x5B, 0x92, 0x3F, 0x5B, 0x92, 0x3F, 0x5B, 0x92, 0x3F,
    0x40, 0x80, 0x20, 0x40, 0x80, 0x20, 0x40, 0x80, 0x20, 0x5B, 0x92, 0x3F, 0x5B, 0x92, 0x3F, 0x5B,
    0x92, 0x3F, 0x5B, 0x92, 0x3F, 0x5B, 0x92, 0x3F, 0x5B, 0x92, 0x3F, 0x5B, 0x92, 0x3F, 0x5B, 0x92,
    0x3F, 0x5B, 0x92, 0x3F, 0x5B, 0x92, 0x3F, 0xEA, 0xF1, 0xE7, 0xFF, 0xFF, 0xFF, 0x99, 0xBB, 0x87,
    0x5B, 0x92, 0x3F, 0x5B, 0x92, 0x3F, 0x5B, 0x92, 0x3F, 0x5B, 0x92, 0x3F, 0x5B, 0x92, 0x3F, 0x5B,
    0x92, 0x3F, 0x5B, 0x92, 0x3F, 0x5B, 0x92, 0x3F, 0x5B, 0x92, 0x3F, 0x5B, 0x92, 0x3F, 0x5B, 0x92,
    0x3F, 0x5B, 0x92, 0x3F, 0x5B, 0x92, 0x3F, 0x5B, 0x92, 0x3F, 0x5B, 0x92, 0x3F, 0x5B, 0x92, 0x3F,
    0x5B, 0x92, 0x3F, 0x5B, 0x92, 0x3F, 0x5B, 0x92, 0x3F, 0xB6, 0xCE, 0xA9, 0xFF, 0xFF, 0xFF, 0xE1,
    0xEB, 0xDC, 0x5B, 0x92, 0x3F, 0x5B, 0x92, 0x3F, 0x5B, 0x92, 0x3F, 0x5B, 0x92, 0x3F, 0x5B, 0x92,
    0x3F, 0x5B, 0x92, 0x3F, 0x5B, 0x92, 0x3F, 0x5B, 0x92, 0x3F, 0x5B, 0x92, 0x3F, 0x5B, 0x92, 0x3F,
    0x5B, 0x92, 0x3F, 0x40, 0x80, 0x20, 0x40, 0x80, 0x20, 0x5B, 0x92, 0x3F, 0x5B, 0x92, 0x3F, 0x5B,
    0x92, 0x3F, 0x5B, 0x92, 0x3F, 0x5B, 0x92, 0x3F, 0x5B, 0x92, 0x3F, 0x5B, 0x92, 0x3F, 0x5B, 0x92,
    0x3F, 0x5B, 0x92, 0x3F, 0x5B, 0x92, 0x3F, 0xEA, 0xF1, 0xE7, 0xFF, 0xFF, 0xFF, 0x99, 0xBB, 0x87,
    0x5B, 0x92, 0x3F, 0x5B, 0x92, 0x3F, 0x5B, 0x92, 0x3F, 0x5B, 0x92, 0x3F, 0x5B, 0x92, 0x3F, 0x5B,
    0x92, 0x3F, 0x5B, 0x92, 0x3F, 0x77, 0xA5, 0x60, 0xC9, 0xDB, 0xC0, 0xE8, 0xF0, 0xE4, 0xE9, 0xF0,
    0xE5, 0xE9, 0xF0, 0xE5, 0xE9, 0xF0, 0xE5, 0xE9, 0xF0, 0xE5, 0xE9, 0xF0, 0xE5, 0xE9, 0xF0, 0xE5,
    0xE9, 0xF0, 0xE5, 0xE9, 0xF0, 0xE5, 0xEC, 0xF3, 0xE9, 0xFF, 0xFF, 0xFF, 0xFF, 0xFF, 0xFF, 0xAD,
    0xC9, 0x9F, 0x5B, 0x92, 0x3F, 0x5B, 0x92, 0x3F, 0x5B, 0x92, 0x3F, 0x5B, 0x92, 0x3F, 0x5B, 0x92,
    0x3F, 0x5B, 0x92, 0x3F, 0x5B, 0x92, 0x3F, 0x5B, 0x92, 0x3F, 0x5B, 0x92, 0x3F, 0x5B, 0x92, 0x3F,
    0x5B, 0x92, 0x3F, 0x40, 0x80, 0x20, 0x40, 0x80, 0x20, 0x5B, 0x92, 0x3F, 0x5B, 0x92, 0x3F, 0x5B,
    0x92, 0x3F, 0x5B, 0x92, 0x3F, 0x5B, 0x92, 0x3F, 0x5B, 0x92, 0x3F, 0x5B, 0x92, 0x3F, 0x5B, 0x92,
    0x3F, 0x5B, 0x92, 0x3F, 0x5B, 0x92, 0x3F, 0xEA, 0xF1, 0xE7, 0xFF, 0xFF, 0xFF, 0x99, 0xBB, 0x87,
    0x5B, 0x92, 0x3F, 0x5B, 0x92, 0x3F, 0x5B, 0x92, 0x3F, 0x5B, 0x92, 0x3F, 0x5B, 0x92, 0x3F, 0x5B,
    0x92, 0x3F, 0x75, 0xA4, 0x5E, 0xF7, 0xF9, 0xF5, 0xFF, 0xFF, 0xFF, 0xFF, 0xFF, 0xFF, 0xFF, 0xFF,
    0xFF, 0xFF, 0xFF, 0xFF, 0xFF, 0xFF, 0xFF, 0xFF, 0xFF, 0xFF, 0xFF, 0xFF, 0xFF, 0xFF, 0xFF, 0xFF,
    0xFF, 0xFF, 0xFF, 0xFF, 0xFF, 0xFF, 0xFF, 0xFF, 0xFF, 0xFF, 0xFF, 0xFF, 0xCC, 0xDD, 0xC4, 0x60,
    0x95, 0x44, 0x5B, 0x92, 0x3F, 0x5B, 0x92, 0x3F, 0x5B, 0x92, 0x3F, 0x5B, 0x92, 0x3F, 0x5B, 0x92,
    0x3F, 0x5B, 0x92, 0x3F, 0x5B, 0x92, 0x3F, 0x5B, 0x92, 0x3F, 0x5B, 0x92, 0x3F, 0x5B, 0x92, 0x3F,
    0x5B, 0x92, 0x3F, 0x40, 0x80, 0x20, 0x40, 0x80, 0x20, 0x5B, 0x92, 0x3F, 0x5B, 0x92, 0x3F, 0x5B,
    0x92, 0x3F, 0x5B, 0x92, 0x3F, 0x5B, 0x92, 0x3F, 0x5B, 0x92, 0x3F, 0x5B, 0x92, 0x3F, 0x5B, 0x92,
    0x3F, 0x5B, 0x92, 0x3F, 0x5B, 0x92, 0x3F, 0xE8, 0xF0, 0xE5, 0xFF, 0xFF, 0xFF, 0x9F, 0xBF, 0x8E,
    0x5B, 0x92, 0x3F, 0x5B, 0x92, 0x3F, 0x5B, 0x92, 0x3F, 0x5B, 0x92, 0x3F, 0x5B, 0x92, 0x3F, 0x5E,
    0x94, 0x42, 0xDD, 0xE8, 0xD7, 0xFF, 0xFF, 0xFF, 0xEC, 0xF3, 0xE9, 0xA0, 0xC0, 0x90, 0x9D, 0xBE,
    0x8C, 0x9D, 0xBE, 0x8C, 0x9D, 0xBE, 0x8C, 0x9D, 0xBE, 0x8C, 0x9D, 0xBE, 0x8C, 0x9D, 0xBE, 0x8C,
    0x9D, 0xBE, 0x8C, 0x9D, 0xBE, 0x8C, 0x9B, 0xBC, 0x8A, 0x7E, 0xA9, 0x68, 0x5B, 0x92, 0x3F, 0x5B,
    0x92, 0x3F, 0x5B, 0x92, 0x3F, 0x5B, 0x92, 0x3F, 0x5B, 0x92, 0x3F, 0x5B, 0x92, 0x3F, 0x5B, 0x92,
    0x3F, 0x5B, 0x92, 0x3F, 0x5B, 0x92, 0x3F, 0x5B, 0x92, 0x3F, 0x5B, 0x92, 0x3F, 0x5B, 0x92, 0x3F,
    0x5B, 0x92, 0x3F, 0x40, 0x80, 0x20, 0x40, 0x80, 0x20, 0x5B, 0x92, 0x3F, 0x5B, 0x92, 0x3F, 0x5B,
    0x92, 0x3F, 0x5B, 0x92, 0x3F, 0x5B, 0x92, 0x3F, 0x5B, 0x92, 0x3F, 0x5B, 0x92, 0x3F, 0x5B, 0x92,
    0x3F, 0x5B, 0x92, 0x3F, 0x5B, 0x92, 0x3F, 0xCA, 0xDC, 0xC1, 0xFF, 0xFF, 0xFF, 0xEE, 0xF4, 0xEB,
    0xB4, 0xCD, 0xA7, 0xB2, 0xCC, 0xA5, 0xB2, 0xCC, 0xA5, 0xB2, 0xCC, 0xA5, 0xB2, 0xCC, 0xA5, 0xD0,
    0xE0, 0xC8, 0xFF, 0xFF, 0xFF, 0xFE, 0xFE, 0xFD, 0x82, 0xAC, 0x6D, 0x5B, 0x92, 0x3F, 0x5B, 0x92,
    0x3F, 0x5B, 0x92, 0x3F, 0x5B, 0x92, 0x3F, 0x5B, 0x92, 0x3F, 0x5B, 0x92, 0x3F, 0x5B, 0x92, 0x3F,
    0x5B, 0x92, 0x3F, 0x5B, 0x92, 0x3F, 0x5B, 0x92, 0x3F, 0x5B, 0x92, 0x3F, 0x5B, 0x92, 0x3F, 0x5B,
    0x92, 0x3F, 0x5B, 0x92, 0x3F, 0x5B, 0x92, 0x3F, 0x5B, 0x92, 0x3F, 0x5B, 0x92, 0x3F, 0x5B, 0x92,
    0x3F, 0x5B, 0x92, 0x3F, 0x5B, 0x92, 0x3F, 0x5B, 0x92, 0x3F, 0x5B, 0x92, 0x3F, 0x5B, 0x92, 0x3F,
    0x5B, 0x92, 0x3F, 0x40, 0x80, 0x20, 0x40, 0x80, 0x20, 0x5B, 0x92, 0x3F, 0x5B, 0x92, 0x3F, 0x5B,
    0x92, 0x3F, 0x5B, 0x92, 0x3F, 0x5B, 0x92, 0x3F, 0x5B, 0x92, 0x3F, 0x5B, 0x92, 0x3F, 0x5B, 0x92,
    0x3F, 0x5B, 0x92, 0x3F, 0x5B, 0x92, 0x3F, 0x76, 0xA4, 0x5F, 0xF5, 0xF8, 0xF3, 0xFF, 0xFF, 0xFF,
    0xFF, 0xFF, 0xFF, 0xFF, 0xFF, 0xFF, 0xFF, 0xFF, 0xFF, 0xFF, 0xFF, 0xFF, 0xFF, 0xFF, 0xFF, 0xFF,
    0xFF, 0xFF, 0xFF, 0xFF, 0xFF, 0xB0, 0xCA, 0xA2, 0x5B, 0x92, 0x3F, 0x5B, 0x92, 0x3F, 0x5B, 0x92,
    0x3F, 0x5B, 0x92, 0x3F, 0x5B, 0x92, 0x3F, 0x5B, 0x92, 0x3F, 0x5B, 0x92, 0x3F, 0x5B, 0x92, 0x3F,
    0x5B, 0x92, 0x3F, 0x5B, 0x92, 0x3F, 0x5B, 0x92, 0x3F, 0x5B, 0x92, 0x3F, 0x5B, 0x92, 0x3F, 0x5B,
    0x92, 0x3F, 0x5B, 0x92, 0x3F, 0x5B, 0x92, 0x3F, 0x5B, 0x92, 0x3F, 0x5B, 0x92, 0x3F, 0x5B, 0x92,
    0x3F, 0x5B, 0x92, 0x3F, 0x5B, 0x92, 0x3F, 0x5B, 0x92, 0x3F, 0x5B, 0x92, 0x3F, 0x5B, 0x92, 0x3F,
    0x5B, 0x92, 0x3F, 0x40, 0x80, 0x20, 0x40, 0x80, 0x20, 0x5B, 0x92, 0x3F, 0x5B, 0x92, 0x3F, 0x5B,
    0x92, 0x3F, 0x5B, 0x92, 0x3F, 0x5B, 0x92, 0x3F, 0x5B, 0x92, 0x3F, 0x5B, 0x92, 0x3F, 0x5B, 0x92,
    0x3F, 0x5B, 0x92, 0x3F, 0x5B, 0x92, 0x3F, 0x5B, 0x92, 0x3F, 0x72, 0xA1, 0x5A, 0xBB, 0xD2, 0xAF,
    0xD3, 0xE2, 0xCC, 0xD3, 0xE2, 0xCC, 0xD3, 0xE2, 0xCC, 0xD3, 0xE2, 0xCC, 0xD3, 0xE2, 0xCC, 0xCC,
    0xDD, 0xC3, 0x93, 0xB7, 0x81, 0x5B, 0x92, 0x3F, 0x5B, 0x92, 0x3F, 0x5B, 0x92, 0x3F, 0x5B, 0x92,
    0x3F, 0x5B, 0x92, 0x3F, 0x5B, 0x92, 0x3F, 0x5B, 0x92, 0x3F, 0x5B, 0x92, 0x3F, 0x5B, 0x92, 0x3F,
    0x5B, 0x92, 0x3F, 0x5B, 0x92, 0x3F, 0x5B, 0x92, 0x3F, 0x5B, 0x92, 0x3F, 0x5B, 0x92, 0x3F, 0x5B,
    0x92, 0x3F, 0x5B, 0x92, 0x3F, 0x5B, 0x92, 0x3F, 0x5B, 0x92, 0x3F, 0x5B, 0x92, 0x3F, 0x5B, 0x92,
    0x3F, 0x5B, 0x92, 0x3F, 0x5B, 0x92, 0x3F, 0x5B, 0x92, 0x3F, 0x5B, 0x92, 0x3F, 0x5B, 0x92, 0x3F,
    0x5B, 0x92, 0x3F, 0x40, 0x80, 0x20, 0x40, 0x80, 0x20, 0x5B, 0x92, 0x3F, 0x5B, 0x92, 0x3F, 0x5B,
    0x92, 0x3F, 0x5B, 0x92, 0x3F, 0x5B, 0x92, 0x3F, 0x5B, 0x92, 0x3F, 0x5B, 0x92, 0x3F, 0x5B, 0x92,
    0x3F, 0x5B, 0x92, 0x3F, 0x5B, 0x92, 0x3F, 0x5B, 0x92, 0x3F, 0x5B, 0x92, 0x3F, 0x5B, 0x92, 0x3F,
    0x5B, 0x92, 0x3F, 0x5B, 0x92, 0x3F, 0x5B, 0x92, 0x3F, 0x5B, 0x92, 0x3F, 0x5B, 0x92, 0x3F, 0x5B,
    0x92, 0x3F, 0x5B, 0x92, 0x3F, 0x5B, 0x92, 0x3F, 0x5B, 0x92, 0x3F, 0x5B, 0x92, 0x3F, 0x5B, 0x92,
    0x3F, 0x5B, 0x92, 0x3F, 0x5B, 0x92, 0x3F, 0x5B, 0x92, 0x3F, 0x5B, 0x92, 0x3F, 0x5B, 0x92, 0x3F,
    0x5B, 0x92, 0x3F, 0x5B, 0x92, 0x3F, 0x5B, 0x92, 0x3F, 0x5B, 0x92, 0x3F, 0x5B, 0x92, 0x3F, 0x5B,
    0x92, 0x3F, 0x5B, 0x92, 0x3F, 0x5B, 0x92, 0x3F, 0x5B, 0x92, 0x3F, 0x5B, 0x92, 0x3F, 0x5B, 0x92,
    0x3F, 0x5B, 0x92, 0x3F, 0x5B, 0x92, 0x3F, 0x5B, 0x92, 0x3F, 0x5B, 0x92, 0x3F, 0x5B, 0x92, 0x3F,
    0x5B, 0x92, 0x3F, 0x40, 0x80, 0x20, 0x40, 0x80, 0x20, 0x5B, 0x92, 0x3F, 0x5B, 0x92, 0x3F, 0x5B,
    0x92, 0x3F, 0x5B, 0x92, 0x3F, 0x5B, 0x92, 0x3F, 0x5B, 0x92, 0x3F, 0x5B, 0x92, 0x3F, 0x5B, 0x92,
    0x3F, 0x5B, 0x92, 0x3F, 0x5B, 0x92, 0x3F, 0x5B, 0x92, 0x3F, 0x5B, 0x92, 0x3F, 0x5B, 0x92, 0x3F,
    0x5B, 0x92, 0x3F, 0x5B, 0x92, 0x3F, 0x5B, 0x92, 0x3F, 0x5B, 0x92, 0x3F, 0x5B, 0x92, 0x3F, 0x5B,
    0x92, 0x3F, 0x5B, 0x92, 0x3F, 0x5B, 0x92, 0x3F, 0x5B, 0x92, 0x3F, 0x5B, 0x92, 0x3F, 0x5B, 0x92,
    0x3F, 0x5B, 0x92, 0x3F, 0x5B, 0x92, 0x3F, 0x5B, 0x92, 0x3F, 0x5B, 0x92, 0x3F, 0x5B, 0x92, 0x3F,
    0x5B, 0x92, 0x3F, 0x5B, 0x92, 0x3F, 0x5B, 0x92, 0x3F, 0x5B, 0x92, 0x3F, 0x5B, 0x92, 0x3F, 0x5B,
    0x92, 0x3F, 0x5B, 0x92, 0x3F, 0x5B, 0x92, 0x3F, 0x5B, 0x92, 0x3F, 0x5B, 0x92, 0x3F, 0x5B, 0x92,
    0x3F, 0x5B, 0x92, 0x3F, 0x5B, 0x92, 0x3F, 0x5B, 0x92, 0x3F, 0x5B, 0x92, 0x3F, 0x5B, 0x92, 0x3F,
    0x5B, 0x92, 0x3F, 0x40, 0x80, 0x20, 0x40, 0x80, 0x20, 0x5B, 0x92, 0x3F, 0x5B, 0x92, 0x3F, 0x5B,
    0x92, 0x3F, 0x5B, 0x92, 0x3F, 0x5B, 0x92, 0x3F, 0x5B, 0x92, 0x3F, 0x5B, 0x92, 0x3F, 0x5B, 0x92,
    0x3F, 0x5B, 0x92, 0x3F, 0x5B, 0x92, 0x3F, 0x5B, 0x92, 0x3F, 0x5B, 0x92, 0x3F, 0x5B, 0x92, 0x3F,
    0x5B, 0x92, 0x3F, 0x5B, 0x92, 0x3F, 0x5B, 0x92, 0x3F, 0x5B, 0x92, 0x3F, 0x5B, 0x92, 0x3F, 0x5B,
    0x92, 0x3F, 0x5B, 0x92, 0x3F, 0x5B, 0x92, 0x3F, 0x5B, 0x92, 0x3F, 0x5B, 0x92, 0x3F, 0x5B, 0x92,
    0x3F, 0x5B, 0x92, 0x3F, 0x5B, 0x92, 0x3F, 0x5B, 0x92, 0x3F, 0x5B, 0x92, 0x3F, 0x5B, 0x92, 0x3F,
    0x5B, 0x92, 0x3F, 0x5B, 0x92, 0x3F, 0x5B, 0x92, 0x3F, 0x5B, 0x92, 0x3F, 0x5B, 0x92, 0x3F, 0x5B,
    0x92, 0x3F, 0x5B, 0x92, 0x3F, 0x5B, 0x92, 0x3F, 0x5B, 0x92, 0x3F, 0x5B, 0x92, 0x3F, 0x5B, 0x92,
    0x3F, 0x5B, 0x92, 0x3F, 0x5B, 0x92, 0x3F, 0x5B, 0x92, 0x3F, 0x5B, 0x92, 0x3F, 0x5B, 0x92, 0x3F,
    0x5B, 0x92, 0x3F, 0x40, 0x80, 0x20, 0x40, 0x80, 0x20, 0x5B, 0x92, 0x3F, 0x5B, 0x92, 0x3F, 0x5B,
    0x92, 0x3F, 0x5B, 0x92, 0x3F, 0x5B, 0x92, 0x3F, 0x5B, 0x92, 0x3F, 0x5B, 0x92, 0x3F, 0x5B, 0x92,
    0x3F, 0x5B, 0x92, 0x3F, 0x5B, 0x92, 0x3F, 0x5B, 0x92, 0x3F, 0x5B, 0x92, 0x3F, 0x5B, 0x92, 0x3F,
    0x5B, 0x92, 0x3F, 0x5B, 0x92, 0x3F, 0x5B, 0x92, 0x3F, 0x5B, 0x92, 0x3F, 0x5B, 0x92, 0x3F, 0x5B,
    0x92, 0x3F, 0x5B, 0x92, 0x3F, 0x5B, 0x92, 0x3F, 0x5B, 0x92, 0x3F, 0x5B, 0x92, 0x3F, 0x5B, 0x92,
    0x3F, 0x5B, 0x92, 0x3F, 0x5B, 0x92, 0x3F, 0x5B, 0x92, 0x3F, 0x5B, 0x92, 0x3F, 0x5B, 0x92, 0x3F,
    0x5B, 0x92, 0x3F, 0x5B, 0x92, 0x3F, 0x5B, 0x92, 0x3F, 0x5B, 0x92, 0x3F, 0x5B, 0x92, 0x3F, 0x5B,
    0x92, 0x3F, 0x5B, 0x92, 0x3F, 0x5B, 0x92, 0x3F, 0x5B, 0x92, 0x3F, 0x5B, 0x92, 0x3F, 0x5B, 0x92,
    0x3F, 0x5B, 0x92, 0x3F, 0x5B, 0x92, 0x3F, 0x5B, 0x92, 0x3F, 0x5B, 0x92, 0x3F, 0x5B, 0x92, 0x3F,
    0x5B, 0x92, 0x3F, 0x40, 0x80, 0x20, 0x40, 0x80, 0x20, 0x5B, 0x92, 0x3F, 0x5B, 0x92, 0x3F, 0x5B,
    0x92, 0x3F, 0x5B, 0x92, 0x3F, 0x5B, 0x92, 0x3F, 0x5B, 0x92, 0x3F, 0x5B, 0x92, 0x3F, 0x5B, 0x92,
    0x3F, 0x5B, 0x92, 0x3F, 0x5B, 0x92, 0x3F, 0x5B, 0x92, 0x3F, 0x5B, 0x92, 0x3F, 0x5B, 0x92, 0x3F,
    0x5B, 0x92, 0x3F, 0x5B, 0x92, 0x3F, 0x5B, 0x92, 0x3F, 0x5B, 0x92, 0x3F, 0x5B, 0x92, 0x3F, 0x5B,
    0x92, 0x3F, 0x5B, 0x92, 0x3F, 0x5B, 0x92, 0x3F, 0x5B, 0x92, 0x3F, 0x5B, 0x92, 0x3F, 0x5B, 0x92,
    0x3F, 0x5B, 0x92, 0x3F, 0x5B, 0x92, 0x3F, 0x5B, 0x92, 0x3F, 0x5B, 0x92, 0x3F, 0x5B, 0x92, 0x3F,
    0x5B, 0x92, 0x3F, 0x5B, 0x92, 0x3F, 0x5B, 0x92, 0x3F, 0x5B, 0x92, 0x3F, 0x5B, 0x92, 0x3F, 0x5B,
    0x92, 0x3F, 0x5B, 0x92, 0x3F, 0x5B, 0x92, 0x3F, 0x5B, 0x92, 0x3F, 0x5B, 0x92, 0x3F, 0x5B, 0x92,
    0x3F, 0x5B, 0x92, 0x3F, 0x5B, 0x92, 0x3F, 0x5B, 0x92, 0x3F, 0x5B, 0x92, 0x3F, 0x5B, 0x92, 0x3F,
    0x5B, 0x92, 0x3F, 0x40, 0x80, 0x20, 0x00, 0x00, 0x00, 0x40, 0x80, 0x20, 0x5B, 0x92, 0x3F, 0x5B,
    0x92, 0x3F, 0x5B, 0x92, 0x3F, 0x5B, 0x92, 0x3F, 0x5B, 0x92, 0x3F, 0x5B, 0x92, 0x3F, 0x5B, 0x92,
    0x3F, 0x5B, 0x92, 0x3F, 0x5B, 0x92, 0x3F, 0x5B, 0x92, 0x3F, 0x5B, 0x92, 0x3F, 0x5B, 0x92, 0x3F,
    0x5B, 0x92, 0x3F, 0x5B, 0x92, 0x3F, 0x5B, 0x92, 0x3F, 0x5B, 0x92, 0x3F, 0x5B, 0x92, 0x3F, 0x5B,
    0x92, 0x3F, 0x5B, 0x92, 0x3F, 0x5B, 0x92, 0x3F, 0x5B, 0x92, 0x3F, 0x5B, 0x92, 0x3F, 0x5B, 0x92,
    0x3F, 0x5B, 0x92, 0x3F, 0x5B, 0x92, 0x3F, 0x5B, 0x92, 0x3F, 0x5B, 0x92, 0x3F, 0x5B, 0x92, 0x3F,
    0x5B, 0x92, 0x3F, 0x5B, 0x92, 0x3F, 0x5B, 0x92, 0x3F, 0x5B, 0x92, 0x3F, 0x5B, 0x92, 0x3F, 0x5B,
    0x92, 0x3F, 0x5B, 0x92, 0x3F, 0x5B, 0x92, 0x3F, 0x5B, 0x92, 0x3F, 0x5B, 0x92, 0x3F, 0x5B, 0x92,
    0x3F, 0x5B, 0x92, 0x3F, 0x5B, 0x92, 0x3F, 0x5B, 0x92, 0x3F, 0x5B, 0x92, 0x3F, 0x5B, 0x92, 0x3F,
    0x40, 0x80, 0x20, 0x00, 0x00, 0x00, 0x00, 0x00, 0x00, 0x40, 0x80, 0x20, 0x5B, 0x92, 0x3F, 0x5B,
    0x92, 0x3F, 0x5B, 0x92, 0x3F, 0x5B, 0x92, 0x3F, 0x5B, 0x92, 0x3F, 0x5B, 0x92, 0x3F, 0x5B, 0x92,
    0x3F, 0x5B, 0x92, 0x3F, 0x5B, 0x92, 0x3F, 0x5B, 0x92, 0x3F, 0x5B, 0x92, 0x3F, 0x5B, 0x92, 0x3F,
    0x5B, 0x92, 0x3F, 0x5B, 0x92, 0x3F, 0x5B, 0x92, 0x3F, 0x5B, 0x92, 0x3F, 0x5B, 0x92, 0x3F, 0x5B,
    0x92, 0x3F, 0x5B, 0x92, 0x3F, 0x5B, 0x92, 0x3F, 0x5B, 0x92, 0x3F, 0x5B, 0x92, 0x3F, 0x5B, 0x92,
    0x3F, 0x5B, 0x92, 0x3F, 0x5B, 0x92, 0x3F, 0x5B, 0x92, 0x3F, 0x5B, 0x92, 0x3F, 0x5B, 0x92, 0x3F,
    0x5B, 0x92, 0x3F, 0x5B, 0x92, 0x3F, 0x5B, 0x92, 0x3F, 0x5B, 0x92, 0x3F, 0x5B, 0x92, 0x3F, 0x5B,
    0x92, 0x3F, 0x5B, 0x92, 0x3F, 0x5B, 0x92, 0x3F, 0x5B, 0x92, 0x3F, 0x5B, 0x92, 0x3F, 0x5B, 0x92,
    0x3F, 0x5B, 0x92, 0x3F, 0x5B, 0x92, 0x3F, 0x5B, 0x92, 0x3F, 0x5B, 0x92, 0x3F, 0x5B, 0x92, 0x3F,
    0x40, 0x80, 0x20, 0x00, 0x00, 0x00, 0x00, 0x00, 0x00, 0x00, 0x00, 0x00, 0x40, 0x80, 0x20, 0x5B,
    0x92, 0x3F, 0x5B, 0x92, 0x3F, 0x5B, 0x92, 0x3F, 0x5B, 0x92, 0x3F, 0x5B, 0x92, 0x3F, 0x5B, 0x92,
    0x3F, 0x5B, 0x92, 0x3F, 0x5B, 0x92, 0x3F, 0x5B, 0x92, 0x3F, 0x5B, 0x92, 0x3F, 0x5B, 0x92, 0x3F,
    0x5B, 0x92, 0x3F, 0x5B, 0x92, 0x3F, 0x5B, 0x92, 0x3F, 0x5B, 0x92, 0x3F, 0x5B, 0x92, 0x3F, 0x5B,
    0x92, 0x3F, 0x5B, 0x92, 0x3F, 0x5B, 0x92, 0x3F, 0x5B, 0x92, 0x3F, 0x5B, 0x92, 0x3F, 0x5B, 0x92,
    0x3F, 0x5B, 0x92, 0x3F, 0x5B, 0x92, 0x3F, 0x5B, 0x92, 0x3F, 0x5B, 0x92, 0x3F, 0x5B, 0x92, 0x3F,
    0x5B, 0x92, 0x3F, 0x5B, 0x92, 0x3F, 0x5B, 0x92, 0x3F, 0x5B, 0x92, 0x3F, 0x5B, 0x92, 0x3F, 0x5B,
    0x92, 0x3F, 0x5B, 0x92, 0x3F, 0x5B, 0x92, 0x3F, 0x5B, 0x92, 0x3F, 0x5B, 0x92, 0x3F, 0x5B, 0x92,
    0x3F, 0x5B, 0x92, 0x3F, 0x5B, 0x92, 0x3F, 0x5B, 0x92, 0x3F, 0x5B, 0x92, 0x3F, 0x40, 0x80, 0x20,
    0x00, 0x00, 0x00, 0x00, 0x00, 0x00, 0x00, 0x00, 0x00, 0x00, 0x00, 0x00, 0x40, 0x80, 0x20, 0x40,
    0x80, 0x20, 0x5B, 0x92, 0x3F, 0x5B, 0x92, 0x3F, 0x5B, 0x92, 0x3F, 0x5B, 0x92, 0x3F, 0x5B, 0x92,
    0x3F, 0x5B, 0x92, 0x3F, 0x5B, 0x92, 0x3F, 0x5B, 0x92, 0x3F, 0x5B, 0x92, 0x3F, 0x5B, 0x92, 0x3F,
    0x5B, 0x92, 0x3F, 0x5B, 0x92, 0x3F, 0x5B, 0x92, 0x3F, 0x5B, 0x92, 0x3F, 0x5B, 0x92, 0x3F, 0x5B,
    0x92, 0x3F, 0x5B, 0x92, 0x3F, 0x5B, 0x92, 0x3F, 0x5B, 0x92, 0x3F, 0x5B, 0x92, 0x3F, 0x5B, 0x92,
    0x3F, 0x5B, 0x92, 0x3F, 0x5B, 0x92, 0x3F, 0x5B, 0x92, 0x3F, 0x5B, 0x92, 0x3F, 0x5B, 0x92, 0x3F,
    0x5B, 0x92, 0x3F, 0x5B, 0x92, 0x3F, 0x5B, 0x92, 0x3F, 0x5B, 0x92, 0x3F, 0x5B, 0x92, 0x3F, 0x5B,
    0x92, 0x3F, 0x5B, 0x92, 0x3F, 0x5B, 0x92, 0x3F, 0x5B, 0x92, 0x3F, 0x5B, 0x92, 0x3F, 0x5B, 0x92,
    0x3F, 0x5B, 0x92, 0x3F, 0x5B, 0x92, 0x3F, 0x5B, 0x92, 0x3F, 0x40, 0x80, 0x20, 0x40, 0x80, 0x20,
    0x00, 0x00, 0x00, 0x00, 0x00, 0x00, 0x00, 0x00, 0x00, 0x00, 0x00, 0x00, 0x00, 0x00, 0x00, 0x40,
    0x80, 0x20, 0x40, 0x80, 0x20, 0x5B, 0x92, 0x3F, 0x5B, 0x92, 0x3F, 0x5B, 0x92, 0x3F, 0x5B, 0x92,
    0x3F, 0x5B, 0x92, 0x3F, 0x5B, 0x92, 0x3F, 0x5B, 0x92, 0x3F, 0x5B, 0x92, 0x3F, 0x5B, 0x92, 0x3F,
    0x5B, 0x92, 0x3F, 0x5B, 0x92, 0x3F, 0x5B, 0x92, 0x3F, 0x5B, 0x92, 0x3F, 0x5B, 0x92, 0x3F, 0x5B,
    0x92, 0x3F, 0x5B, 0x92, 0x3F, 0x5B, 0x92, 0x3F, 0x5B, 0x92, 0x3F, 0x5B, 0x92, 0x3F, 0x5B, 0x92,
    0x3F, 0x5B, 0x92, 0x3F, 0x5B, 0x92, 0x3F, 0x5B, 0x92, 0x3F, 0x5B, 0x92, 0x3F, 0x5B, 0x92, 0x3F,
    0x5B, 0x92, 0x3F, 0x5B, 0x92, 0x3F, 0x5B, 0x92, 0x3F, 0x5B, 0x92, 0x3F, 0x5B, 0x92, 0x3F, 0x5B,
    0x92, 0x3F, 0x5B, 0x92, 0x3F, 0x5B, 0x92, 0x3F, 0x5B, 0x92, 0x3F, 0x5B, 0x92, 0x3F, 0x5B, 0x92,
    0x3F, 0x5B, 0x92, 0x3F, 0x5B, 0x92, 0x3F, 0x40, 0x80, 0x20, 0x40, 0x80, 0x20, 0x00, 0x00, 0x00,
    0x00, 0x00, 0x00, 0x00, 0x00, 0x00, 0x00, 0x00, 0x00, 0x00, 0x00, 0x00, 0x00, 0x00, 0x00, 0x00,
    0x00, 0x00, 0x00, 0x00, 0x00, 0x40, 0x80, 0x20, 0x40, 0x80, 0x20, 0x5B, 0x92, 0x3F, 0x5B, 0x92,
    0x3F, 0x5B, 0x92, 0x3F, 0x5B, 0x92, 0x3F, 0x5B, 0x92, 0x3F, 0x5B, 0x92, 0x3F, 0x5B, 0x92, 0x3F,
    0x5B, 0x92, 0x3F, 0x5B, 0x92, 0x3F, 0x5B, 0x92, 0x3F, 0x5B, 0x92, 0x3F, 0x5B, 0x92, 0x3F, 0x5B,
    0x92, 0x3F, 0x5B, 0x92, 0x3F, 0x5B, 0x92, 0x3F, 0x5B, 0x92, 0x3F, 0x5B, 0x92, 0x3F, 0x5B, 0x92,
    0x3F, 0x5B, 0x92, 0x3F, 0x5B, 0x92, 0x3F, 0x5B, 0x92, 0x3F, 0x5B, 0x92, 0x3F, 0x5B, 0x92, 0x3F,
    0x5B, 0x92, 0x3F, 0x5B, 0x92, 0x3F, 0x5B, 0x92, 0x3F, 0x5B, 0x92, 0x3F, 0x5B, 0x92, 0x3F, 0x5B,
    0x92, 0x3F, 0x5B, 0x92, 0x3F, 0x5B, 0x92, 0x3F, 0x5B, 0x92, 0x3F, 0x5B, 0x92, 0x3F, 0x5B, 0x92,
    0x3F, 0x40, 0x80, 0x20, 0x40, 0x80, 0x20, 0x00, 0x00, 0x00, 0x00, 0x00, 0x00, 0x00, 0x00, 0x00,
    0x00, 0x00, 0x00, 0x00, 0x00, 0x00, 0x00, 0x00, 0x00, 0x00, 0x00, 0x00, 0x00, 0x00, 0x00, 0x00,
    0x00, 0x00, 0x00, 0x00, 0x00, 0x00, 0x00, 0x00, 0x00, 0x00, 0x00, 0x40, 0x80, 0x20, 0x40, 0x80,
    0x20, 0x40, 0x80, 0x20, 0x40, 0x80, 0x20, 0x40, 0x80, 0x20, 0x40, 0x80, 0x20, 0x40, 0x80, 0x20,
    0x40, 0x80, 0x20, 0x40, 0x80, 0x20, 0x40, 0x80, 0x20, 0x40, 0x80, 0x20, 0x40, 0x80, 0x20, 0x40,
    0x80, 0x20, 0x40, 0x80, 0x20, 0x40, 0x80, 0x20, 0x40, 0x80, 0x20, 0x40, 0x80, 0x20, 0x40, 0x80,
    0x20, 0x40, 0x80, 0x20, 0x40, 0x80, 0x20, 0x40, 0x80, 0x20, 0x40, 0x80, 0x20, 0x40, 0x80, 0x20,
    0x40, 0x80, 0x20, 0x40, 0x80, 0x20, 0x40, 0x80, 0x20, 0x40, 0x80, 0x20, 0x40, 0x80, 0x20, 0x40,
    0x80, 0x20, 0x40, 0x80, 0x20, 0x40, 0x80, 0x20, 0x40, 0x80, 0x20, 0x40, 0x80, 0x20, 0x40, 0x80,
    0x20, 0x00, 0x00, 0x00, 0x00, 0x00, 0x00, 0x00, 0x00, 0x00, 0x00, 0x00, 0x00, 0x00, 0x00, 0x00,
    0x00, 0x00, 0x00, 0x00, 0x00, 0x00,
};
const UINT32 gBmpFilesSize = 6966;

const UINT8 gBmpStart[6966] = {
    0x42, 0x4D, 0x36, 0x1B, 0x00, 0x00, 0x00, 0x00, 0x00, 0x00, 0x36, 0x00, 0x00, 0x00, 0x28, 0x00,
    0x00, 0x00, 0x30, 0x00, 0x00, 0x00, 0x30, 0x00, 0x00, 0x00, 0x01, 0x00, 0x18, 0x00, 0x00, 0x00,
    0x00, 0x00, 0x00, 0x1B, 0x00, 0x00, 0x13, 0x0B, 0x00, 0x00, 0x13, 0x0B, 0x00, 0x00, 0x00, 0x00,
    0x00, 0x00, 0x00, 0x00, 0x00, 0x00, 0x00, 0x00, 0x00, 0x00, 0x00, 0x00, 0x00, 0x00, 0x00, 0x00,
    0x00, 0x00, 0x00, 0x00, 0x00, 0x00, 0x00, 0x00, 0x00, 0x00, 0x00, 0x4A, 0x3A, 0x3A, 0x4A, 0x3A,
    0x3A, 0x4A, 0x3A, 0x3A, 0x4A, 0x3A, 0x3A, 0x4A, 0x3A, 0x3A, 0x4A, 0x3A, 0x3A, 0x4A, 0x3A, 0x3A,
    0x4A, 0x3A, 0x3A, 0x4A, 0x3A, 0x3A, 0x4A, 0x3A, 0x3A, 0x4A, 0x3A, 0x3A, 0x4A, 0x3A, 0x3A, 0x4A,
    0x3A, 0x3A, 0x4A, 0x3A, 0x3A, 0x4A, 0x3A, 0x3A, 0x4A, 0x3A, 0x3A, 0x4A, 0x3A, 0x3A, 0x4A, 0x3A,
    0x3A, 0x4A, 0x3A, 0x3A, 0x4A, 0x3A, 0x3A, 0x4A, 0x3A, 0x3A, 0x4A, 0x3A, 0x3A, 0x4A, 0x3A, 0x3A,
    0x4A, 0x3A, 0x3A, 0x4A, 0x3A, 0x3A, 0x4A, 0x3A, 0x3A, 0x4A, 0x3A, 0x3A, 0x4A, 0x3A, 0x3A, 0x4A,
    0x3A, 0x3A, 0x4A, 0x3A, 0x3A, 0x4A, 0x3A, 0x3A, 0x4A, 0x3A, 0x3A, 0x4A, 0x3A, 0x3A, 0x4A, 0x3A,
    0x3A, 0x00, 0x00, 0x00, 0x00, 0x00, 0x00, 0x00, 0x00, 0x00, 0x00, 0x00, 0x00, 0x00, 0x00, 0x00,
    0x00, 0x00, 0x00, 0x00, 0x00, 0x00, 0x00, 0x00, 0x00, 0x00, 0x00, 0x00, 0x00, 0x00, 0x00, 0x00,
    0x00, 0x00, 0x00, 0x00, 0x00, 0x4A, 0x3A, 0x3A, 0x4A, 0x3A, 0x3A, 0x4A, 0x3A, 0x3A, 0x4A, 0x3A,
    0x3A, 0x4A, 0x3A, 0x3A, 0x4A, 0x3A, 0x3A, 0x4A, 0x3A, 0x3A, 0x4A, 0x3A, 0x3A, 0x4A, 0x3A, 0x3A,
    0x4A, 0x3A, 0x3A, 0x4A, 0x3A, 0x3A, 0x4A, 0x3A, 0x3A, 0x4A, 0x3A, 0x3A, 0x4A, 0x3A, 0x3A, 0x4A,
    0x3A, 0x3A, 0x4A, 0x3A, 0x3A, 0x4A, 0x3A, 0x3A, 0x4A, 0x3A, 0x3A, 0x4A, 0x3A, 0x3A, 0x4A, 0x3A,
    0x3A, 0x4A, 0x3A, 0x3A, 0x4A, 0x3A, 0x3A, 0x4A, 0x3A, 0x3A, 0x4A, 0x3A, 0x3A, 0x4A, 0x3A, 0x3A,
    0x4A, 0x3A, 0x3A, 0x4A, 0x3A, 0x3A, 0x4A, 0x3A, 0x3A, 0x4A, 0x3A, 0x3A, 0x4A, 0x3A, 0x3A, 0x4A,
    0x3A, 0x3A, 0x4A, 0x3A, 0x3A, 0x4A, 0x3A, 0x3A, 0x4A, 0x3A, 0x3A, 0x4A, 0x3A, 0x3A, 0x4A, 0x3A,
    0x3A, 0x4A, 0x3A, 0x3A, 0x4A, 0x3A, 0x3A, 0x00, 0x00, 0x00, 0x00, 0x00, 0x00, 0x00, 0x00, 0x00,
    0x00, 0x00, 0x00, 0x00, 0x00, 0x00, 0x00, 0x00, 0x00, 0x00, 0x00, 0x00, 0x00, 0x00, 0x00, 0x4A,
    0x3A, 0x3A, 0x4A, 0x3A, 0x3A, 0x4A, 0x3A, 0x3A, 0x4A, 0x3A, 0x3A, 0x4A, 0x3A, 0x3A, 0x4A, 0x3A,
    0x3A, 0x4A, 0x3A, 0x3A, 0x4A, 0x3A, 0x3A, 0x4A, 0x3A, 0x3A, 0x4A, 0x3A, 0x3A, 0x4A, 0x3A, 0x3A,
    0x4A, 0x3A, 0x3A, 0x4A, 0x3A, 0x3A, 0x4A, 0x3A, 0x3A, 0x4A, 0x3A, 0x3A, 0x4A, 0x3A, 0x3A, 0x4A,
    0x3A, 0x3A, 0x4A, 0x3A, 0x3A, 0x4A, 0x3A, 0x3A, 0x4A, 0x3A, 0x3A, 0x4A, 0x3A, 0x3A, 0x4A, 0x3A,
    0x3A, 0x4A, 0x3A, 0x3A, 0x4A, 0x3A, 0x3A, 0x4A, 0x3A, 0x3A, 0x4A, 0x3A, 0x3A, 0x4A, 0x3A, 0x3A,
    0x4A, 0x3A, 0x3A, 0x4A, 0x3A, 0x3A, 0x4A, 0x3A, 0x3A, 0x4A, 0x3A, 0x3A, 0x4A, 0x3A, 0x3A, 0x4A,
    0x3A, 0x3A, 0x4A, 0x3A, 0x3A, 0x4A, 0x3A, 0x3A, 0x4A, 0x3A, 0x3A, 0x4A, 0x3A, 0x3A, 0x4A, 0x3A,
    0x3A, 0x4A, 0x3A, 0x3A, 0x4A, 0x3A, 0x3A, 0x4A, 0x3A, 0x3A, 0x4A, 0x3A, 0x3A, 0x00, 0x00, 0x00,
    0x00, 0x00, 0x00, 0x00, 0x00, 0x00, 0x00, 0x00, 0x00, 0x00, 0x00, 0x00, 0x4A, 0x3A, 0x3A, 0x4A,
    0x3A, 0x3A, 0x4A, 0x3A, 0x3A, 0x4A, 0x3A, 0x3A, 0x4A, 0x3A, 0x3A, 0x4A, 0x3A, 0x3A, 0x4A, 0x3A,
    0x3A, 0x4A, 0x3A, 0x3A, 0x4A, 0x3A, 0x3A, 0x4A, 0x3A, 0x3A, 0x4A, 0x3A, 0x3A, 0x4A, 0x3A, 0x3A,
    0x4A, 0x3A, 0x3A, 0x4A, 0x3A, 0x3A, 0x4A, 0x3A, 0x3A, 0x4A, 0x3A, 0x3A, 0x4A, 0x3A, 0x3A, 0x4A,
    0x3A, 0x3A, 0x4A, 0x3A, 0x3A, 0x4A, 0x3A, 0x3A, 0x4A, 0x3A, 0x3A, 0x4A, 0x3A, 0x3A, 0x4A, 0x3A,
    0x3A, 0x4A, 0x3A, 0x3A, 0x4A, 0x3A, 0x3A, 0x4A, 0x3A, 0x3A, 0x4A, 0x3A, 0x3A, 0x4A, 0x3A, 0x3A,
    0x4A, 0x3A, 0x3A, 0x4A, 0x3A, 0x3A, 0x4A, 0x3A, 0x3A, 0x4A, 0x3A, 0x3A, 0x4A, 0x3A, 0x3A, 0x4A,
    0x3A, 0x3A, 0x4A, 0x3A, 0x3A, 0x4A, 0x3A, 0x3A, 0x4A, 0x3A, 0x3A, 0x4A, 0x3A, 0x3A, 0x4A, 0x3A,
    0x3A, 0x4A, 0x3A, 0x3A, 0x4A, 0x3A, 0x3A, 0x4A, 0x3A, 0x3A, 0x4A, 0x3A, 0x3A, 0x4A, 0x3A, 0x3A,
    0x00, 0x00, 0x00, 0x00, 0x00, 0x00, 0x00, 0x00, 0x00, 0x00, 0x00, 0x00, 0x4A, 0x3A, 0x3A, 0x4A,
    0x3A, 0x3A, 0x4A, 0x3A, 0x3A, 0x4A, 0x3A, 0x3A, 0x4A, 0x3A, 0x3A, 0x4A, 0x3A, 0x3A, 0x4A, 0x3A,
    0x3A, 0x4A, 0x3A, 0x3A, 0x4A, 0x3A, 0x3A, 0x4A, 0x3A, 0x3A, 0x4A, 0x3A, 0x3A, 0x4A, 0x3A, 0x3A,
    0x4A, 0x3A, 0x3A, 0x4A, 0x3A, 0x3A, 0x4A, 0x3A, 0x3A, 0x4A, 0x3A, 0x3A, 0x4A, 0x3A, 0x3A, 0x4A,
    0x3A, 0x3A, 0x4A, 0x3A, 0x3A, 0x4A, 0x3A, 0x3A, 0x4A, 0x3A, 0x3A, 0x4A, 0x3A, 0x3A, 0x4A, 0x3A,
    0x3A, 0x4A, 0x3A, 0x3A, 0x4A, 0x3A, 0x3A, 0x4A, 0x3A, 0x3A, 0x4A, 0x3A, 0x3A, 0x4A, 0x3A, 0x3A,
    0x4A, 0x3A, 0x3A, 0x4A, 0x3A, 0x3A, 0x4A, 0x3A, 0x3A, 0x4A, 0x3A, 0x3A, 0x4A, 0x3A, 0x3A, 0x4A,
    0x3A, 0x3A, 0x4A, 0x3A, 0x3A, 0x4A, 0x3A, 0x3A, 0x4A, 0x3A, 0x3A, 0x4A, 0x3A, 0x3A, 0x4A, 0x3A,
    0x3A, 0x4A, 0x3A, 0x3A, 0x4A, 0x3A, 0x3A, 0x4A, 0x3A, 0x3A, 0x4A, 0x3A, 0x3A, 0x4A, 0x3A, 0x3A,
    0x00, 0x00, 0x00, 0x00, 0x00, 0x00, 0x00, 0x00, 0x00, 0x4A, 0x3A, 0x3A, 0x4A, 0x3A, 0x3A, 0x4A,
    0x3A, 0x3A, 0x4A, 0x3A, 0x3A, 0x4A, 0x3A, 0x3A, 0x4A, 0x3A, 0x3A, 0x4A, 0x3A, 0x3A, 0x4A, 0x3A,
    0x3A, 0x4A, 0x3A, 0x3A, 0x4A, 0x3A, 0x3A, 0x4A, 0x3A, 0x3A, 0x4A, 0x3A, 0x3A, 0x4A, 0x3A, 0x3A,
    0x4A, 0x3A, 0x3A, 0x4A, 0x3A, 0x3A, 0x4A, 0x3A, 0x3A, 0x4A, 0x3A, 0x3A, 0x4A, 0x3A, 0x3A, 0x4A,
    0x3A, 0x3A, 0x4A, 0x3A, 0x3A, 0x4A, 0x3A, 0x3A, 0x4A, 0x3A, 0x3A, 0x4A, 0x3A, 0x3A, 0x4A, 0x3A,
    0x3A, 0x4A, 0x3A, 0x3A, 0x4A, 0x3A, 0x3A, 0x4A, 0x3A, 0x3A, 0x4A, 0x3A, 0x3A, 0x4A, 0x3A, 0x3A,
    0x4A, 0x3A, 0x3A, 0x4A, 0x3A, 0x3A, 0x4A, 0x3A, 0x3A, 0x4A, 0x3A, 0x3A, 0x4A, 0x3A, 0x3A, 0x4A,
    0x3A, 0x3A, 0x4A, 0x3A, 0x3A, 0x4A, 0x3A, 0x3A, 0x4A, 0x3A, 0x3A, 0x4A, 0x3A, 0x3A, 0x4A, 0x3A,
    0x3A, 0x4A, 0x3A, 0x3A, 0x4A, 0x3A, 0x3A, 0x4A, 0x3A, 0x3A, 0x4A, 0x3A, 0x3A, 0x4A, 0x3A, 0x3A,
    0x4A, 0x3A, 0x3A, 0x00, 0x00, 0x00, 0x00, 0x00, 0x00, 0x4A, 0x3A, 0x3A, 0x4A, 0x3A, 0x3A, 0x4A,
    0x3A, 0x3A, 0x4A, 0x3A, 0x3A, 0x4A, 0x3A, 0x3A, 0x4A, 0x3A, 0x3A, 0x4A, 0x3A, 0x3A, 0x4A, 0x3A,
    0x3A, 0x4A, 0x3A, 0x3A, 0x4A, 0x3A, 0x3A, 0x4A, 0x3A, 0x3A, 0x4A, 0x3A, 0x3A, 0x4A, 0x3A, 0x3A,
    0x4A, 0x3A, 0x3A, 0x4A, 0x3A, 0x3A, 0x4A, 0x3A, 0x3A, 0x4A, 0x3A, 0x3A, 0x4A, 0x3A, 0x3A, 0x4A,
    0x3A, 0x3A, 0x4A, 0x3A, 0x3A, 0x4A, 0x3A, 0x3A, 0x4A, 0x3A, 0x3A, 0x4A, 0x3A, 0x3A, 0x4A, 0x3A,
    0x3A, 0x4A, 0x3A, 0x3A, 0x4A, 0x3A, 0x3A, 0x4A, 0x3A, 0x3A, 0x4A, 0x3A, 0x3A, 0x4A, 0x3A, 0x3A,
    0x4A, 0x3A, 0x3A, 0x4A, 0x3A, 0x3A, 0x4A, 0x3A, 0x3A, 0x4A, 0x3A, 0x3A, 0x4A, 0x3A, 0x3A, 0x4A,
    0x3A, 0x3A, 0x4A, 0x3A, 0x3A, 0x4A, 0x3A, 0x3A, 0x4A, 0x3A, 0x3A, 0x4A, 0x3A, 0x3A, 0x4A, 0x3A,
    0x3A, 0x4A, 0x3A, 0x3A, 0x4A, 0x3A, 0x3A, 0x4A, 0x3A, 0x3A, 0x4A, 0x3A, 0x3A, 0x4A, 0x3A, 0x3A,
    0x4A, 0x3A, 0x3A, 0x00, 0x00, 0x00, 0x4A, 0x3A, 0x3A, 0x4A, 0x3A, 0x3A, 0x4A, 0x3A, 0x3A, 0x4A,
    0x3A, 0x3A, 0x4A, 0x3A, 0x3A, 0x4A, 0x3A, 0x3A, 0x4A, 0x3A, 0x3A, 0x4A, 0x3A, 0x3A, 0x4A, 0x3A,
    0x3A, 0x4A, 0x3A, 0x3A, 0x4A, 0x3A, 0x3A, 0x4A, 0x3A, 0x3A, 0x4A, 0x3A, 0x3A, 0x4A, 0x3A, 0x3A,
    0x4A, 0x3A, 0x3A, 0x4A, 0x3A, 0x3A, 0x4A, 0x3A, 0x3A, 0x4A, 0x3A, 0x3A, 0x4A, 0x3A, 0x3A, 0x4A,
    0x3A, 0x3A, 0x4A, 0x3A, 0x3A, 0x4A, 0x3A, 0x3A, 0x4A, 0x3A, 0x3A, 0x4A, 0x3A, 0x3A, 0x4A, 0x3A,
    0x3A, 0x4A, 0x3A, 0x3A, 0x4A, 0x3A, 0x3A, 0x4A, 0x3A, 0x3A, 0x4A, 0x3A, 0x3A, 0x4A, 0x3A, 0x3A,
    0x4A, 0x3A, 0x3A, 0x4A, 0x3A, 0x3A, 0x4A, 0x3A, 0x3A, 0x4A, 0x3A, 0x3A, 0x4A, 0x3A, 0x3A, 0x4A,
    0x3A, 0x3A, 0x4A, 0x3A, 0x3A, 0x4A, 0x3A, 0x3A, 0x4A, 0x3A, 0x3A, 0x4A, 0x3A, 0x3A, 0x4A, 0x3A,
    0x3A, 0x4A, 0x3A, 0x3A, 0x4A, 0x3A, 0x3A, 0x4A, 0x3A, 0x3A, 0x4A, 0x3A, 0x3A, 0x4A, 0x3A, 0x3A,
    0x4A, 0x3A, 0x3A, 0x4A, 0x3A, 0x3A, 0x4A, 0x3A, 0x3A, 0x4A, 0x3A, 0x3A, 0x4A, 0x3A, 0x3A, 0x4A,
    0x3A, 0x3A, 0x4A, 0x3A, 0x3A, 0x4A, 0x3A, 0x3A, 0x4A, 0x3A, 0x3A, 0x4A, 0x3A, 0x3A, 0x4A, 0x3A,
    0x3A, 0x4A, 0x3A, 0x3A, 0x4A, 0x3A, 0x3A, 0x4A, 0x3A, 0x3A, 0x4A, 0x3A, 0x3A, 0x4A, 0x3A, 0x3A,
    0x4A, 0x3A, 0x3A, 0x4A, 0x3A, 0x3A, 0x4A, 0x3A, 0x3A, 0x4A, 0x3A, 0x3A, 0x4A, 0x3A, 0x3A, 0x4A,
    0x3A, 0x3A, 0x4A, 0x3A, 0x3A, 0x4A, 0x3A, 0x3A, 0x4A, 0x3A, 0x3A, 0x4A, 0x3A, 0x3A, 0x4A, 0x3A,
    0x3A, 0x4A, 0x3A, 0x3A, 0x4A, 0x3A, 0x3A, 0x4A, 0x3A, 0x3A, 0x4A, 0x3A, 0x3A, 0x4A, 0x3A, 0x3A,
    0x4A, 0x3A, 0x3A, 0x4A, 0x3A, 0x3A, 0x4A, 0x3A, 0x3A, 0x4A, 0x3A, 0x3A, 0x4A, 0x3A, 0x3A, 0x4A,
    0x3A, 0x3A, 0x4A, 0x3A, 0x3A, 0x4A, 0x3A, 0x3A, 0x4A, 0x3A, 0x3A, 0x4A, 0x3A, 0x3A, 0x4A, 0x3A,
    0x3A, 0x4A, 0x3A, 0x3A, 0x4A, 0x3A, 0x3A, 0x4A, 0x3A, 0x3A, 0x4A, 0x3A, 0x3A, 0x4A, 0x3A, 0x3A,
    0x4A, 0x3A, 0x3A, 0x4A, 0x3A, 0x3A, 0x4A, 0x3A, 0x3A, 0x4A, 0x3A, 0x3A, 0x4A, 0x3A, 0x3A, 0x4A,
    0x3A, 0x3A, 0x4A, 0x3A, 0x3A, 0x4A, 0x3A, 0x3A, 0x4A, 0x3A, 0x3A, 0x4A, 0x3A, 0x3A, 0x4A, 0x3A,
    0x3A, 0x4A, 0x3A, 0x3A, 0x4A, 0x3A, 0x3A, 0x4A, 0x3A, 0x3A, 0x4A, 0x3A, 0x3A, 0x4A, 0x3A, 0x3A,
    0x4A, 0x3A, 0x3A, 0x4A, 0x3A, 0x3A, 0x4A, 0x3A, 0x3A, 0x4A, 0x3A, 0x3A, 0x4A, 0x3A, 0x3A, 0x4A,
    0x3A, 0x3A, 0x4A, 0x3A, 0x3A, 0x4A, 0x3A, 0x3A, 0x4A, 0x3A, 0x3A, 0x4A, 0x3A, 0x3A, 0x4A, 0x3A,
    0x3A, 0x4A, 0x3A, 0x3A, 0x4A, 0x3A, 0x3A, 0x4A, 0x3A, 0x3A, 0x4A, 0x3A, 0x3A, 0x4A, 0x3A, 0x3A,
    0x4A, 0x3A, 0x3A, 0x4A, 0x3A, 0x3A, 0x4A, 0x3A, 0x3A, 0x4A, 0x3A, 0x3A, 0x4A, 0x3A, 0x3A, 0x4A,
    0x3A, 0x3A, 0x4A, 0x3A, 0x3A, 0x4A, 0x3A, 0x3A, 0x4A, 0x3A, 0x3A, 0x4A, 0x3A, 0x3A, 0x4A, 0x3A,
    0x3A, 0x4A, 0x3A, 0x3A, 0x4A, 0x3A, 0x3A, 0x4A, 0x3A, 0x3A, 0x4A, 0x3A, 0x3A, 0x4A, 0x3A, 0x3A,
    0x4A, 0x3A, 0x3A, 0x4A, 0x3A, 0x3A, 0x4A, 0x3A, 0x3A, 0x4A, 0x3A, 0x3A, 0x4A, 0x3A, 0x3A, 0x4A,
    0x3A, 0x3A, 0x4A, 0x3A, 0x3A, 0x4A, 0x3A, 0x3A, 0x4A, 0x3A, 0x3A, 0x4A, 0x3A, 0x3A, 0x4A, 0x3A,
    0x3A, 0x4A, 0x3A, 0x3A, 0x4A, 0x3A, 0x3A, 0x4A, 0x3A, 0x3A, 0x4A, 0x3A, 0x3A, 0x4A, 0x3A, 0x3A,
    0x4A, 0x3A, 0x3A, 0x4A, 0x3A, 0x3A, 0x4A, 0x3A, 0x3A, 0x4A, 0x3A, 0x3A, 0x4A, 0x3A, 0x3A, 0x4A,
    0x3A, 0x3A, 0x4A, 0x3A, 0x3A, 0x4A, 0x3A, 0x3A, 0x4A, 0x3A, 0x3A, 0x4A, 0x3A, 0x3A, 0x4A, 0x3A,
    0x3A, 0x4A, 0x3A, 0x3A, 0x4A, 0x3A, 0x3A, 0x4A, 0x3A, 0x3A, 0x4A, 0x3A, 0x3A, 0x4A, 0x3A, 0x3A,
    0x4A, 0x3A, 0x3A, 0x4A, 0x3A, 0x3A, 0x4A, 0x3A, 0x3A, 0x4A, 0x3A, 0x3A, 0x4A, 0x3A, 0x3A, 0x4A,
    0x3A, 0x3A, 0x4A, 0x3A, 0x3A, 0x4A, 0x3A, 0x3A, 0x4A, 0x3A, 0x3A, 0x4A, 0x3A, 0x3A, 0x4A, 0x3A,
    0x3A, 0x4A, 0x3A, 0x3A, 0x4A, 0x3A, 0x3A, 0x4A, 0x3A, 0x3A, 0x4A, 0x3A, 0x3A, 0x4A, 0x3A, 0x3A,
    0x4A, 0x3A, 0x3A, 0x4A, 0x3A, 0x3A, 0x4A, 0x3A, 0x3A, 0x4A, 0x3A, 0x3A, 0x4A, 0x3A, 0x3A, 0x4A,
    0x3A, 0x3A, 0x4A, 0x3A, 0x3A, 0x4A, 0x3A, 0x3A, 0x4A, 0x3A, 0x3A, 0x4A, 0x3A, 0x3A, 0x4A, 0x3A,
    0x3A, 0x4A, 0x3A, 0x3A, 0x4A, 0x3A, 0x3A, 0x4A, 0x3A, 0x3A, 0x4A, 0x3A, 0x3A, 0x4A, 0x3A, 0x3A,
    0x4A, 0x3A, 0x3A, 0x4A, 0x3A, 0x3A, 0x4A, 0x3A, 0x3A, 0x4A, 0x3A, 0x3A, 0x4A, 0x3A, 0x3A, 0x4A,
    0x3A, 0x3A, 0x4A, 0x3A, 0x3A, 0x4A, 0x3A, 0x3A, 0x4A, 0x3A, 0x3A, 0x4A, 0x3A, 0x3A, 0x4A, 0x3A,
    0x3A, 0x4A, 0x3A, 0x3A, 0x4A, 0x3A, 0x3A, 0x4A, 0x3A, 0x3A, 0x4A, 0x3A, 0x3A, 0x4A, 0x3A, 0x3A,
    0x4A, 0x3A, 0x3A, 0x4A, 0x3A, 0x3A, 0x4A, 0x3A, 0x3A, 0x4A, 0x3A, 0x3A, 0x4A, 0x3A, 0x3A, 0x4A,
    0x3A, 0x3A, 0x4A, 0x3A, 0x3A, 0x4A, 0x3A, 0x3A, 0x4A, 0x3A, 0x3A, 0x4A, 0x3A, 0x3A, 0x4A, 0x3A,
    0x3A, 0x4A, 0x3A, 0x3A, 0x4A, 0x3A, 0x3A, 0x4A, 0x3A, 0x3A, 0x4A, 0x3A, 0x3A, 0x4A, 0x3A, 0x3A,
    0x4A, 0x3A, 0x3A, 0x4A, 0x3A, 0x3A, 0x4A, 0x3A, 0x3A, 0x4A, 0x3A, 0x3A, 0x4A, 0x3A, 0x3A, 0x4A,
    0x3A, 0x3A, 0x4A, 0x3A, 0x3A, 0x4A, 0x3A, 0x3A, 0x4A, 0x3A, 0x3A, 0x4A, 0x3A, 0x3A, 0x4A, 0x3A,
    0x3A, 0x4A, 0x3A, 0x3A, 0x4A, 0x3A, 0x3A, 0x4A, 0x3A, 0x3A, 0x4A, 0x3A, 0x3A, 0x4A, 0x3A, 0x3A,
    0x4A, 0x3A, 0x3A, 0x4A, 0x3A, 0x3A, 0x4A, 0x3A, 0x3A, 0x4A, 0x3A, 0x3A, 0x4A, 0x3A, 0x3A, 0x4A,
    0x3A, 0x3A, 0x4A, 0x3A, 0x3A, 0x4A, 0x3A, 0x3A, 0x4A, 0x3A, 0x3A, 0x4A, 0x3A, 0x3A, 0x4A, 0x3A,
    0x3A, 0x4A, 0x3A, 0x3A, 0x4A, 0x3A, 0x3A, 0x4A, 0x3A, 0x3A, 0x4A, 0x3A, 0x3A, 0x4A, 0x3A, 0x3A,
    0x4A, 0x3A, 0x3A, 0x4A, 0x3A, 0x3A, 0x4A, 0x3A, 0x3A, 0x4A, 0x3A, 0x3A, 0x4A, 0x3A, 0x3A, 0x4A,
    0x3A, 0x3A, 0x4A, 0x3A, 0x3A, 0x4A, 0x3A, 0x3A, 0x4A, 0x3A, 0x3A, 0x4A, 0x3A, 0x3A, 0x4A, 0x3A,
    0x3A, 0x4A, 0x3A, 0x3A, 0x4A, 0x3A, 0x3A, 0x4A, 0x3A, 0x3A, 0x4A, 0x3A, 0x3A, 0x4A, 0x3A, 0x3A,
    0x4A, 0x3A, 0x3A, 0x4A, 0x3A, 0x3A, 0x4A, 0x3A, 0x3A, 0x4A, 0x3A, 0x3A, 0x4A, 0x3A, 0x3A, 0x4A,
    0x3A, 0x3A, 0x4A, 0x3A, 0x3A, 0x4A, 0x3A, 0x3A, 0x4A, 0x3A, 0x3A, 0x4A, 0x3A, 0x3A, 0x4A, 0x3A,
    0x3A, 0x4A, 0x3A, 0x3A, 0x4A, 0x3A, 0x3A, 0x4A, 0x3A, 0x3A, 0x4B, 0x3C, 0x3C, 0x98, 0x8F, 0x8F,
    0xCB, 0xC7, 0xC7, 0xCF, 0xCA, 0xCA, 0xCF, 0xCA, 0xCA, 0xCF, 0xCA, 0xCA, 0xCF, 0xCA, 0xCA, 0xCF,
    0xCA, 0xCA, 0xC3, 0xBD, 0xBD, 0x75, 0x68, 0x68, 0x4A, 0x3A, 0x3A, 0x4A, 0x3A, 0x3A, 0x4A, 0x3A,
    0x3A, 0x72, 0x65, 0x65, 0xC1, 0xBC, 0xBC, 0xCF, 0xCA, 0xCA, 0xCF, 0xCA, 0xCA, 0xCF, 0xCA, 0xCA,
    0xCF, 0xCA, 0xCA, 0xCF, 0xCA, 0xCA, 0xCB, 0xC7, 0xC7, 0x9C, 0x93, 0x93, 0x4C, 0x3C, 0x3C, 0x4A,
    0x3A, 0x3A, 0x4A, 0x3A, 0x3A, 0x4A, 0x3A, 0x3A, 0x4A, 0x3A, 0x3A, 0x4A, 0x3A, 0x3A, 0x4A, 0x3A,
    0x3A, 0x4A, 0x3A, 0x3A, 0x4A, 0x3A, 0x3A, 0x4A, 0x3A, 0x3A, 0x4A, 0x3A, 0x3A, 0x4A, 0x3A, 0x3A,
    0x4A, 0x3A, 0x3A, 0x4A, 0x3A, 0x3A, 0x4A, 0x3A, 0x3A, 0x4A, 0x3A, 0x3A, 0x4A, 0x3A, 0x3A, 0x4A,
    0x3A, 0x3A, 0x4A, 0x3A, 0x3A, 0x4A, 0x3A, 0x3A, 0x4A, 0x3A, 0x3A, 0x4A, 0x3A, 0x3A, 0x4A, 0x3A,
    0x3A, 0x4A, 0x3A, 0x3A, 0x4A, 0x3A, 0x3A, 0x4A, 0x3A, 0x3A, 0x99, 0x90, 0x90, 0xFF, 0xFF, 0xFF,
    0xFF, 0xFF, 0xFF, 0xFF, 0xFF, 0xFF, 0xFF, 0xFF, 0xFF, 0xFF, 0xFF, 0xFF, 0xFF, 0xFF, 0xFF, 0xFF,
    0xFF, 0xFF, 0xFF, 0xFF, 0xFF, 0xF8, 0xF7, 0xF7, 0x5F, 0x50, 0x50, 0x4A, 0x3A, 0x3A, 0x5D, 0x4F,
    0x4F, 0xF7, 0xF7, 0xF7, 0xFF, 0xFF, 0xFF, 0xFF, 0xFF, 0xFF, 0xFF, 0xFF, 0xFF, 0xFF, 0xFF, 0xFF,
    0xFF, 0xFF, 0xFF, 0xFF, 0xFF, 0xFF, 0xFF, 0xFF, 0xFF, 0xFF, 0xFF, 0xFF, 0x9B, 0x92, 0x92, 0x4A,
    0x3A, 0x3A, 0x4A, 0x3A, 0x3A, 0x4A, 0x3A, 0x3A, 0x4A, 0x3A, 0x3A, 0x4A, 0x3A, 0x3A, 0x4A, 0x3A,
    0x3A, 0x4A, 0x3A, 0x3A, 0x4A, 0x3A, 0x3A, 0x4A, 0x3A, 0x3A, 0x4A, 0x3A, 0x3A, 0x4A, 0x3A, 0x3A,
    0x4A, 0x3A, 0x3A, 0x4A, 0x3A, 0x3A, 0x4A, 0x3A, 0x3A, 0x4A, 0x3A, 0x3A, 0x4A, 0x3A, 0x3A, 0x4A,
    0x3A, 0x3A, 0x4A, 0x3A, 0x3A, 0x4A, 0x3A, 0x3A, 0x4A, 0x3A, 0x3A, 0x4A, 0x3A, 0x3A, 0x4A, 0x3A,
    0x3A, 0x4A, 0x3A, 0x3A, 0x4A, 0x3A, 0x3A, 0x4A, 0x3A, 0x3A, 0xCD, 0xC8, 0xC8, 0xFF, 0xFF, 0xFF,
    0xCF, 0xCB, 0xCB, 0x9E, 0x96, 0x96, 0x9E, 0x96, 0x96, 0x9E, 0x96, 0x96, 0x9E, 0x96, 0x96, 0x9E,
    0x96, 0x96, 0xF3, 0xF2, 0xF2, 0xFF, 0xFF, 0xFF, 0x89, 0x7F, 0x7F, 0x4A, 0x3A, 0x3A, 0x89, 0x7F,
    0x7F, 0xFF, 0xFF, 0xFF, 0xF4, 0xF3, 0xF3, 0x9E, 0x96, 0x96, 0x9E, 0x96, 0x96, 0x9E, 0x96, 0x96,
    0x9E, 0x96, 0x96, 0x9E, 0x96, 0x96, 0xCF, 0xCA, 0xCA, 0xFF, 0xFF, 0xFF, 0xCD, 0xC9, 0xC9, 0x4A,
    0x3A, 0x3A, 0x4A, 0x3A, 0x3A, 0x4A, 0x3A, 0x3A, 0x4A, 0x3A, 0x3A, 0x4A, 0x3A, 0x3A, 0x4A, 0x3A,
    0x3A, 0x4A, 0x3A, 0x3A, 0x4A, 0x3A, 0x3A, 0x4A, 0x3A, 0x3A, 0x4A, 0x3A, 0x3A, 0x4A, 0x3A, 0x3A,
    0x4A, 0x3A, 0x3A, 0x4A, 0x3A, 0x3A, 0x4A, 0x3A, 0x3A, 0x4A, 0x3A, 0x3A, 0x4A, 0x3A, 0x3A, 0x4A,
    0x3A, 0x3A, 0x4A, 0x3A, 0x3A, 0x4A, 0x3A, 0x3A, 0x4A, 0x3A, 0x3A, 0x4A, 0x3A, 0x3A, 0x4A, 0x3A,
    0x3A, 0x4A, 0x3A, 0x3A, 0x4A, 0x3A, 0x3A, 0x4A, 0x3A, 0x3A, 0xD2, 0xCE, 0xCE, 0xFF, 0xFF, 0xFF,
    0xA5, 0x9D, 0x9D, 0x4A, 0x3A, 0x3A, 0x4A, 0x3A, 0x3A, 0x4A, 0x3A, 0x3A, 0x4A, 0x3A, 0x3A, 0x4A,
    0x3A, 0x3A, 0xE8, 0xE6, 0xE6, 0xFF, 0xFF, 0xFF, 0x8E, 0x84, 0x84, 0x4A, 0x3A, 0x3A, 0x8E, 0x84,
    0x84, 0xFF, 0xFF, 0xFF, 0xE8, 0xE6, 0xE6, 0x4A, 0x3A, 0x3A, 0x4A, 0x3A, 0x3A, 0x4A, 0x3A, 0x3A,
    0x4A, 0x3A, 0x3A, 0x4A, 0x3A, 0x3A, 0xA5, 0x9D, 0x9D, 0xFF, 0xFF, 0xFF, 0xD2, 0xCE, 0xCE, 0x4A,
    0x3A, 0x3A, 0x4A, 0x3A, 0x3A, 0x4A, 0x3A, 0x3A, 0x4A, 0x3A, 0x3A, 0x4A, 0x3A, 0x3A, 0x4A, 0x3A,
    0x3A, 0x4A, 0x3A, 0x3A, 0x4A, 0x3A, 0x3A, 0x4A, 0x3A, 0x3A, 0x4A, 0x3A, 0x3A, 0x4A, 0x3A, 0x3A,
    0x4A, 0x3A, 0x3A, 0x4A, 0x3A, 0x3A, 0x4A, 0x3A, 0x3A, 0x4A, 0x3A, 0x3A, 0x4A, 0x3A, 0x3A, 0x4A,
    0x3A, 0x3A, 0x4A, 0x3A, 0x3A, 0x4A, 0x3A, 0x3A, 0x4A, 0x3A, 0x3A, 0x4A, 0x3A, 0x3A, 0x4A, 0x3A,
    0x3A, 0x4A, 0x3A, 0x3A, 0x4A, 0x3A, 0x3A, 0x4A, 0x3A, 0x3A, 0xD2, 0xCE, 0xCE, 0xFF, 0xFF, 0xFF,
    0xA5, 0x9D, 0x9D, 0x4A, 0x3A, 0x3A, 0x4A, 0x3A, 0x3A, 0x4A, 0x3A, 0x3A, 0x4A, 0x3A, 0x3A, 0x4A,
    0x3A, 0x3A, 0xE8, 0xE6, 0xE6, 0xFF, 0xFF, 0xFF, 0x8E, 0x84, 0x84, 0x4A, 0x3A, 0x3A, 0x8E, 0x84,
    0x84, 0xFF, 0xFF, 0xFF, 0xE8, 0xE6, 0xE6, 0x4A, 0x3A, 0x3A, 0x4A, 0x3A, 0x3A, 0x4A, 0x3A, 0x3A,
    0x4A, 0x3A, 0x3A, 0x4A, 0x3A, 0x3A, 0xA5, 0x9D, 0x9D, 0xFF, 0xFF, 0xFF, 0xD2, 0xCE, 0xCE, 0x4A,
    0x3A, 0x3A, 0x4A, 0x3A, 0x3A, 0x4A, 0x3A, 0x3A, 0x4A, 0x3A, 0x3A, 0x4A, 0x3A, 0x3A, 0x4A, 0x3A,
    0x3A, 0x4A, 0x3A, 0x3A, 0x4A, 0x3A, 0x3A, 0x4A, 0x3A, 0x3A, 0x4A, 0x3A, 0x3A, 0x4A, 0x3A, 0x3A,
    0x4A, 0x3A, 0x3A, 0x4A, 0x3A, 0x3A, 0x4A, 0x3A, 0x3A, 0x4A, 0x3A, 0x3A, 0x4A, 0x3A, 0x3A, 0x4A,
    0x3A, 0x3A, 0x4A, 0x3A, 0x3A, 0x4A, 0x3A, 0x3A, 0x4A, 0x3A, 0x3A, 0x4A, 0x3A, 0x3A, 0x4A, 0x3A,
    0x3A, 0x4A, 0x3A, 0x3A, 0x4A, 0x3A, 0x3A, 0x4A, 0x3A, 0x3A, 0xD2, 0xCE, 0xCE, 0xFF, 0xFF, 0xFF,
    0xA5, 0x9D, 0x9D, 0x4A, 0x3A, 0x3A, 0x4A, 0x3A, 0x3A, 0x4A, 0x3A, 0x3A, 0x4A, 0x3A, 0x3A, 0x4A,
    0x3A, 0x3A, 0xE8, 0xE6, 0xE6, 0xFF, 0xFF, 0xFF, 0x8E, 0x84, 0x84, 0x4A, 0x3A, 0x3A, 0x8E, 0x84,
    0x84, 0xFF, 0xFF, 0xFF, 0xE8, 0xE6, 0xE6, 0x4A, 0x3A, 0x3A, 0x4A, 0x3A, 0x3A, 0x4A, 0x3A, 0x3A,
    0x4A, 0x3A, 0x3A, 0x4A, 0x3A, 0x3A, 0xA5, 0x9D, 0x9D, 0xFF, 0xFF, 0xFF, 0xD2, 0xCE, 0xCE, 0x4A,
    0x3A, 0x3A, 0x4A, 0x3A, 0x3A, 0x4A, 0x3A, 0x3A, 0x4A, 0x3A, 0x3A, 0x4A, 0x3A, 0x3A, 0x4A, 0x3A,
    0x3A, 0x4A, 0x3A, 0x3A, 0x4A, 0x3A, 0x3A, 0x4A, 0x3A, 0x3A, 0x4A, 0x3A, 0x3A, 0x4A, 0x3A, 0x3A,
    0x4A, 0x3A, 0x3A, 0x4A, 0x3A, 0x3A, 0x4A, 0x3A, 0x3A, 0x4A, 0x3A, 0x3A, 0x4A, 0x3A, 0x3A, 0x4A,
    0x3A, 0x3A, 0x4A, 0x3A, 0x3A, 0x4A, 0x3A, 0x3A, 0x4A, 0x3A, 0x3A, 0x4A, 0x3A, 0x3A, 0x4A, 0x3A,
    0x3A, 0x4A, 0x3A, 0x3A, 0x4A, 0x3A, 0x3A, 0x4A, 0x3A, 0x3A, 0xD2, 0xCE, 0xCE, 0xFF, 0xFF, 0xFF,
    0xA5, 0x9D, 0x9D, 0x4A, 0x3A, 0x3A, 0x4A, 0x3A, 0x3A, 0x4A, 0x3A, 0x3A, 0x4A, 0x3A, 0x3A, 0x4A,
    0x3A, 0x3A, 0xE8, 0xE6, 0xE6, 0xFF, 0xFF, 0xFF, 0x8E, 0x84, 0x84, 0x4A, 0x3A, 0x3A, 0x8E, 0x84,
    0x84, 0xFF, 0xFF, 0xFF, 0xE8, 0xE6, 0xE6, 0x4A, 0x3A, 0x3A, 0x4A, 0x3A, 0x3A, 0x4A, 0x3A, 0x3A,
    0x4A, 0x3A, 0x3A, 0x4A, 0x3A, 0x3A, 0xA5, 0x9D, 0x9D, 0xFF, 0xFF, 0xFF, 0xD2, 0xCE, 0xCE, 0x4A,
    0x3A, 0x3A, 0x4A, 0x3A, 0x3A, 0x4A, 0x3A, 0x3A, 0x4A, 0x3A, 0x3A, 0x4A, 0x3A, 0x3A, 0x4A, 0x3A,
    0x3A, 0x4A, 0x3A, 0x3A, 0x4A, 0x3A, 0x3A, 0x4A, 0x3A, 0x3A, 0x4A, 0x3A, 0x3A, 0x4A, 0x3A, 0x3A,
    0x4A, 0x3A, 0x3A, 0x4A, 0x3A, 0x3A, 0x4A, 0x3A, 0x3A, 0x4A, 0x3A, 0x3A, 0x4A, 0x3A, 0x3A, 0x4A,
    0x3A, 0x3A, 0x4A, 0x3A, 0x3A, 0x4A, 0x3A, 0x3A, 0x4A, 0x3A, 0x3A, 0x4A, 0x3A, 0x3A, 0x4A, 0x3A,
    0x3A, 0x4A, 0x3A, 0x3A, 0x4A, 0x3A, 0x3A, 0x4A, 0x3A, 0x3A, 0xD2, 0xCE, 0xCE, 0xFF, 0xFF, 0xFF,
    0xA5, 0x9D, 0x9D, 0x4A, 0x3A, 0x3A, 0x4A, 0x3A, 0x3A, 0x4A, 0x3A, 0x3A, 0x4A, 0x3A, 0x3A, 0x4A,
    0x3A, 0x3A, 0xE8, 0xE6, 0xE6, 0xFF, 0xFF, 0xFF, 0x8E, 0x84, 0x84, 0x4A, 0x3A, 0x3A, 0x8E, 0x84,
    0x84, 0xFF, 0xFF, 0xFF, 0xE8, 0xE6, 0xE6, 0x4A, 0x3A, 0x3A, 0x4A, 0x3A, 0x3A, 0x4A, 0x3A, 0x3A,
    0x4A, 0x3A, 0x3A, 0x4A, 0x3A, 0x3A, 0xA5, 0x9D, 0x9D, 0xFF, 0xFF, 0xFF, 0xD2, 0xCE, 0xCE, 0x4A,
    0x3A, 0x3A, 0x4A, 0x3A, 0x3A, 0x4A, 0x3A, 0x3A, 0x4A, 0x3A, 0x3A, 0x4A, 0x3A, 0x3A, 0x4A, 0x3A,
    0x3A, 0x4A, 0x3A, 0x3A, 0x4A, 0x3A, 0x3A, 0x4A, 0x3A, 0x3A, 0x4A, 0x3A, 0x3A, 0x4A, 0x3A, 0x3A,
    0x4A, 0x3A, 0x3A, 0x4A, 0x3A, 0x3A, 0x4A, 0x3A, 0x3A, 0x4A, 0x3A, 0x3A, 0x4A, 0x3A, 0x3A, 0x4A,
    0x3A, 0x3A, 0x4A, 0x3A, 0x3A, 0x4A, 0x3A, 0x3A, 0x4A, 0x3A, 0x3A, 0x4A, 0x3A, 0x3A, 0x4A, 0x3A,
    0x3A, 0x4A, 0x3A, 0x3A, 0x4A, 0x3A, 0x3A, 0x4A, 0x3A, 0x3A, 0xC3, 0xBE, 0xBE, 0xFF, 0xFF, 0xFF,
    0xF3, 0xF2, 0xF2, 0xE7, 0xE5, 0xE5, 0xE7, 0xE5, 0xE5, 0xE7, 0xE5, 0xE5, 0xE7, 0xE5, 0xE5, 0xE7,
    0xE5, 0xE5, 0xFC, 0xFC, 0xFC, 0xFF, 0xFF, 0xFF, 0x7E, 0x72, 0x72, 0x4A, 0x3A, 0x3A, 0x80, 0x75,
    0x75, 0xFF, 0xFF, 0xFF, 0xFC, 0xFC, 0xFC, 0xE7, 0xE5, 0xE5, 0xE7, 0xE5, 0xE5, 0xE7, 0xE5, 0xE5,
    0xE7, 0xE5, 0xE5, 0xE7, 0xE5, 0xE5, 0xF3, 0xF2, 0xF2, 0xFF, 0xFF, 0xFF, 0xC2, 0xBD, 0xBD, 0x4A,
    0x3A, 0x3A, 0x4A, 0x3A, 0x3A, 0x4A, 0x3A, 0x3A, 0x4A, 0x3A, 0x3A, 0x4A, 0x3A, 0x3A, 0x4A, 0x3A,
    0x3A, 0x4A, 0x3A, 0x3A, 0x4A, 0x3A, 0x3A, 0x4A, 0x3A, 0x3A, 0x4A, 0x3A, 0x3A, 0x4A, 0x3A, 0x3A,
    0x4A, 0x3A, 0x3A, 0x4A, 0x3A, 0x3A, 0x4A, 0x3A, 0x3A, 0x4A, 0x3A, 0x3A, 0x4A, 0x3A, 0x3A, 0x4A,
    0x3A, 0x3A, 0x4A, 0x3A, 0x3A, 0x4A, 0x3A, 0x3A, 0x4A, 0x3A, 0x3A, 0x4A, 0x3A, 0x3A, 0x4A, 0x3A,
    0x3A, 0x4A, 0x3A, 0x3A, 0x4A, 0x3A, 0x3A, 0x4A, 0x3A, 0x3A, 0x76, 0x6A, 0x6A, 0xF9, 0xF8, 0xF8,
    0xFF, 0xFF, 0xFF, 0xFF, 0xFF, 0xFF, 0xFF, 0xFF, 0xFF, 0xFF, 0xFF, 0xFF, 0xFF, 0xFF, 0xFF, 0xFF,
    0xFF, 0xFF, 0xFF, 0xFF, 0xFF, 0xD6, 0xD2, 0xD2, 0x4E, 0x3E, 0x3E, 0x4A, 0x3A, 0x3A, 0x50, 0x40,
    0x40, 0xDC, 0xD8, 0xD8, 0xFF, 0xFF, 0xFF, 0xFF, 0xFF, 0xFF, 0xFF, 0xFF, 0xFF, 0xFF, 0xFF, 0xFF,
    0xFF, 0xFF, 0xFF, 0xFF, 0xFF, 0xFF, 0xFF, 0xFF, 0xFF, 0xF6, 0xF6, 0xF6, 0x72, 0x65, 0x65, 0x4A,
    0x3A, 0x3A, 0x4A, 0x3A, 0x3A, 0x4A, 0x3A, 0x3A, 0x4A, 0x3A, 0x3A, 0x4A, 0x3A, 0x3A, 0x4A, 0x3A,
    0x3A, 0x4A, 0x3A, 0x3A, 0x4A, 0x3A, 0x3A, 0x4A, 0x3A, 0x3A, 0x4A, 0x3A, 0x3A, 0x4A, 0x3A, 0x3A,
    0x4A, 0x3A, 0x3A, 0x4A, 0x3A, 0x3A, 0x4A, 0x3A, 0x3A, 0x4A, 0x3A, 0x3A, 0x4A, 0x3A, 0x3A, 0x4A,
    0x3A, 0x3A, 0x4A, 0x3A, 0x3A, 0x4A, 0x3A, 0x3A, 0x4A, 0x3A, 0x3A, 0x64, 0x56, 0x56, 0x64, 0x56,
    0x56, 0x64, 0x56, 0x56, 0x64, 0x56, 0x56, 0x64, 0x56, 0x56, 0x64, 0x56, 0x56, 0x76, 0x6A, 0x6A,
    0x9C, 0x93, 0x93, 0xA2, 0x9A, 0x9A, 0xA2, 0x9A, 0x9A, 0xA2, 0x9A, 0x9A, 0xA2, 0x9A, 0x9A, 0xA2,
    0x9A, 0x9A, 0x91, 0x87, 0x87, 0x68, 0x5A, 0x5A, 0x64, 0x56, 0x56, 0x64, 0x56, 0x56, 0x64, 0x56,
    0x56, 0x68, 0x5B, 0x5B, 0x93, 0x89, 0x89, 0xA2, 0x9A, 0x9A, 0xA2, 0x9A, 0x9A, 0xA2, 0x9A, 0x9A,
    0xA2, 0x9A, 0x9A, 0xA2, 0x9A, 0x9A, 0x9B, 0x92, 0x92, 0x74, 0x68, 0x68, 0x64, 0x56, 0x56, 0x64,
    0x56, 0x56, 0x64, 0x56, 0x56, 0x64, 0x56, 0x56, 0x64, 0x56, 0x56, 0x64, 0x56, 0x56, 0x64, 0x56,
    0x56, 0x4A, 0x3A, 0x3A, 0x4A, 0x3A, 0x3A, 0x4A, 0x3A, 0x3A, 0x4A, 0x3A, 0x3A, 0x4A, 0x3A, 0x3A,
    0x4A, 0x3A, 0x3A, 0x4A, 0x3A, 0x3A, 0x4A, 0x3A, 0x3A, 0x4A, 0x3A, 0x3A, 0x4A, 0x3A, 0x3A, 0x4A,
    0x3A, 0x3A, 0x4A, 0x3A, 0x3A, 0x64, 0x56, 0x56, 0x64, 0x56, 0x56, 0x64, 0x56, 0x56, 0x64, 0x56,
    0x56, 0x64, 0x56, 0x56, 0x64, 0x56, 0x56, 0x64, 0x56, 0x56, 0x64, 0x56, 0x56, 0x64, 0x56, 0x56,
    0x64, 0x56, 0x56, 0x64, 0x56, 0x56, 0x64, 0x56, 0x56, 0x64, 0x56, 0x56, 0x64, 0x56, 0x56, 0x64,
    0x56, 0x56, 0x64, 0x56, 0x56, 0x64, 0x56, 0x56, 0x64, 0x56, 0x56, 0x64, 0x56, 0x56, 0x64, 0x56,
    0x56, 0x64, 0x56, 0x56, 0x64, 0x56, 0x56, 0x64, 0x56, 0x56, 0x64, 0x56, 0x56, 0x64, 0x56, 0x56,
    0x64, 0x56, 0x56, 0x64, 0x56, 0x56, 0x64, 0x56, 0x56, 0x64, 0x56, 0x56, 0x64, 0x56, 0x56, 0x64,
    0x56, 0x56, 0x64, 0x56, 0x56, 0x64, 0x56, 0x56, 0x64, 0x56, 0x56, 0x64, 0x56, 0x56, 0x64, 0x56,
    0x56, 0x64, 0x56, 0x56, 0x64, 0x56, 0x56, 0x4A, 0x3A, 0x3A, 0x4A, 0x3A, 0x3A, 0x4A, 0x3A, 0x3A,
    0x4A, 0x3A, 0x3A, 0x4A, 0x3A, 0x3A, 0x4A, 0x3A, 0x3A, 0x4A, 0x3A, 0x3A, 0x4A, 0x3A, 0x3A, 0x4A,
    0x3A, 0x3A, 0x64, 0x56, 0x56, 0x64, 0x56, 0x56, 0x64, 0x56, 0x56, 0x64, 0x56, 0x56, 0x64, 0x56,
    0x56, 0x64, 0x56, 0x56, 0x64, 0x56, 0x56, 0x64, 0x56, 0x56, 0x64, 0x56, 0x56, 0x74, 0x68, 0x68,
    0x9B, 0x92, 0x92, 0xA2, 0x9A, 0x9A, 0xA2, 0x9A, 0x9A, 0xA2, 0x9A, 0x9A, 0xA2, 0x9A, 0x9A, 0xA2,
    0x9A, 0x9A, 0x92, 0x88, 0x88, 0x68, 0x5B, 0x5B, 0x64, 0x56, 0x56, 0x64, 0x56, 0x56, 0x64, 0x56,
    0x56, 0x68, 0x5A, 0x5A, 0x91, 0x87, 0x87, 0xA2, 0x9A, 0x9A, 0xA2, 0x9A, 0x9A, 0xA2, 0x9A, 0x9A,
    0xA2, 0x9A, 0x9A, 0xA2, 0x9A, 0x9A, 0x9C, 0x93, 0x93, 0x76, 0x69, 0x69, 0x64, 0x56, 0x56, 0x64,
    0x56, 0x56, 0x64, 0x56, 0x56, 0x64, 0x56, 0x56, 0x64, 0x56, 0x56, 0x64, 0x56, 0x56, 0x64, 0x56,
    0x56, 0x64, 0x56, 0x56, 0x64, 0x56, 0x56, 0x64, 0x56, 0x56, 0x4A, 0x3A, 0x3A, 0x4A, 0x3A, 0x3A,
    0x4A, 0x3A, 0x3A, 0x4A, 0x3A, 0x3A, 0x4A, 0x3A, 0x3A, 0x4A, 0x3A, 0x3A, 0x4A, 0x3A, 0x3A, 0x64,
    0x56, 0x56, 0x64, 0x56, 0x56, 0x64, 0x56, 0x56, 0x64, 0x56, 0x56, 0x64, 0x56, 0x56, 0x64, 0x56,
    0x56, 0x64, 0x56, 0x56, 0x64, 0x56, 0x56, 0x64, 0x56, 0x56, 0x86, 0x7B, 0x7B, 0xF8, 0xF7, 0xF7,
    0xFF, 0xFF, 0xFF, 0xFF, 0xFF, 0xFF, 0xFF, 0xFF, 0xFF, 0xFF, 0xFF, 0xFF, 0xFF, 0xFF, 0xFF, 0xFF,
    0xFF, 0xFF, 0xFF, 0xFF, 0xFF, 0xDF, 0xDD, 0xDD, 0x68, 0x5B, 0x5B, 0x64, 0x56, 0x56, 0x67, 0x59,
    0x59, 0xDC, 0xD9, 0xD9, 0xFF, 0xFF, 0xFF, 0xFF, 0xFF, 0xFF, 0xFF, 0xFF, 0xFF, 0xFF, 0xFF, 0xFF,
    0xFF, 0xFF, 0xFF, 0xFF, 0xFF, 0xFF, 0xFF, 0xFF, 0xFF, 0xF9, 0xF8, 0xF8, 0x88, 0x7E, 0x7E, 0x64,
    0x56, 0x56, 0x64, 0x56, 0x56, 0x64, 0x56, 0x56, 0x64, 0x56, 0x56, 0x64, 0x56, 0x56, 0x64, 0x56,
    0x56, 0x64, 0x56, 0x56, 0x64, 0x56, 0x56, 0x64, 0x56, 0x56, 0x64, 0x56, 0x56, 0x4A, 0x3A, 0x3A,
    0x4A, 0x3A, 0x3A, 0x4A, 0x3A, 0x3A, 0x4A, 0x3A, 0x3A, 0x4A, 0x3A, 0x3A, 0x64, 0x56, 0x56, 0x64,
    0x56, 0x56, 0x64, 0x56, 0x56, 0x64, 0x56, 0x56, 0x64, 0x56, 0x56, 0x64, 0x56, 0x56, 0x64, 0x56,
    0x56, 0x64, 0x56, 0x56, 0x64, 0x56, 0x56, 0x64, 0x56, 0x56, 0xCB, 0xC7, 0xC7, 0xFF, 0xFF, 0xFF,
    0xF5, 0xF4, 0xF4, 0xEA, 0xE8, 0xE8, 0xEA, 0xE8, 0xE8, 0xEA, 0xE8, 0xE8, 0xEA, 0xE8, 0xE8, 0xEA,
    0xE8, 0xE8, 0xFD, 0xFC, 0xFC, 0xFF, 0xFF, 0xFF, 0x92, 0x88, 0x88, 0x64, 0x56, 0x56, 0x92, 0x88,
    0x88, 0xFF, 0xFF, 0xFF, 0xFD, 0xFC, 0xFC, 0xEA, 0xE8, 0xE8, 0xEA, 0xE8, 0xE8, 0xEA, 0xE8, 0xE8,
    0xEA, 0xE8, 0xE8, 0xEA, 0xE8, 0xE8, 0xF5, 0xF4, 0xF4, 0xFF, 0xFF, 0xFF, 0xCC, 0xC7, 0xC7, 0x64,
    0x56, 0x56, 0x64, 0x56, 0x56, 0x64, 0x56, 0x56, 0x64, 0x56, 0x56, 0x64, 0x56, 0x56, 0x64, 0x56,
    0x56, 0x64, 0x56, 0x56, 0x64, 0x56, 0x56, 0x64, 0x56, 0x56, 0x64, 0x56, 0x56, 0x64, 0x56, 0x56,
    0x4A, 0x3A, 0x3A, 0x4A, 0x3A, 0x3A, 0x4A, 0x3A, 0x3A, 0x4A, 0x3A, 0x3A, 0x64, 0x56, 0x56, 0x64,
    0x56, 0x56, 0x64, 0x56, 0x56, 0x64, 0x56, 0x56, 0x64, 0x56, 0x56, 0x64, 0x56, 0x56, 0x64, 0x56,
    0x56, 0x64, 0x56, 0x56, 0x64, 0x56, 0x56, 0x64, 0x56, 0x56, 0xD8, 0xD5, 0xD5, 0xFF, 0xFF, 0xFF,
    0xB2, 0xAB, 0xAB, 0x64, 0x56, 0x56, 0x64, 0x56, 0x56, 0x64, 0x56, 0x56, 0x64, 0x56, 0x56, 0x64,
    0x56, 0x56, 0xEC, 0xEA, 0xEA, 0xFF, 0xFF, 0xFF, 0x9E, 0x96, 0x96, 0x64, 0x56, 0x56, 0x9E, 0x96,
    0x96, 0xFF, 0xFF, 0xFF, 0xEC, 0xEA, 0xEA, 0x64, 0x56, 0x56, 0x64, 0x56, 0x56, 0x64, 0x56, 0x56,
    0x64, 0x56, 0x56, 0x64, 0x56, 0x56, 0xB2, 0xAB, 0xAB, 0xFF, 0xFF, 0xFF, 0xD8, 0xD5, 0xD5, 0x64,
    0x56, 0x56, 0x64, 0x56, 0x56, 0x64, 0x56, 0x56, 0x64, 0x56, 0x56, 0x64, 0x56, 0x56, 0x64, 0x56,
    0x56, 0x64, 0x56, 0x56, 0x64, 0x56, 0x56, 0x64, 0x56, 0x56, 0x64, 0x56, 0x56, 0x64, 0x56, 0x56,
    0x4A, 0x3A, 0x3A, 0x4A, 0x3A, 0x3A, 0x4A, 0x3A, 0x3A, 0x64, 0x56, 0x56, 0x64, 0x56, 0x56, 0x64,
    0x56, 0x56, 0x64, 0x56, 0x56, 0x64, 0x56, 0x56, 0x64, 0x56, 0x56, 0x64, 0x56, 0x56, 0x64, 0x56,
    0x56, 0x64, 0x56, 0x56, 0x64, 0x56, 0x56, 0x64, 0x56, 0x56, 0xD8, 0xD5, 0xD5, 0xFF, 0xFF, 0xFF,
    0xB2, 0xAB, 0xAB, 0x64, 0x56, 0x56, 0x64, 0x56, 0x56, 0x64, 0x56, 0x56, 0x64, 0x56, 0x56, 0x64,
    0x56, 0x56, 0xEC, 0xEA, 0xEA, 0xFF, 0xFF, 0xFF, 0x9E, 0x96, 0x96, 0x64, 0x56, 0x56, 0x9E, 0x96,
    0x96, 0xFF, 0xFF, 0xFF, 0xEC, 0xEA, 0xEA, 0x64, 0x56, 0x56, 0x64, 0x56, 0x56, 0x64, 0x56, 0x56,
    0x64, 0x56, 0x56, 0x64, 0x56, 0x56, 0xB2, 0xAB, 0xAB, 0xFF, 0xFF, 0xFF, 0xD8, 0xD5, 0xD5, 0x64,
    0x56, 0x56, 0x64, 0x56, 0x56, 0x64, 0x56, 0x56, 0x64, 0x56, 0x56, 0x64, 0x56, 0x56, 0x64, 0x56,
    0x56, 0x64, 0x56, 0x56, 0x64, 0x56, 0x56, 0x64, 0x56, 0x56, 0x64, 0x56, 0x56, 0x64, 0x56, 0x56,
    0x64, 0x56, 0x56, 0x4A, 0x3A, 0x3A, 0x4A, 0x3A, 0x3A, 0x64, 0x56, 0x56, 0x64, 0x56, 0x56, 0x64,
    0x56, 0x56, 0x64, 0x56, 0x56, 0x64, 0x56, 0x56, 0x64, 0x56, 0x56, 0x64, 0x56, 0x56, 0x64, 0x56,
    0x56, 0x64, 0x56, 0x56, 0x64, 0x56, 0x56, 0x64, 0x56, 0x56, 0xD8, 0xD5, 0xD5, 0xFF, 0xFF, 0xFF,
    0xB2, 0xAB, 0xAB, 0x64, 0x56, 0x56, 0x64, 0x56, 0x56, 0x64, 0x56, 0x56, 0x64, 0x56, 0x56, 0x64,
    0x56, 0x56, 0xEC, 0xEA, 0xEA, 0xFF, 0xFF, 0xFF, 0x9E, 0x96, 0x96, 0x64, 0x56, 0x56, 0x9E, 0x96,
    0x96, 0xFF, 0xFF, 0xFF, 0xEC, 0xEA, 0xEA, 0x64, 0x56, 0x56, 0x64, 0x56, 0x56, 0x64, 0x56, 0x56,
    0x64, 0x56, 0x56, 0x64, 0x56, 0x56, 0xB2, 0xAB, 0xAB, 0xFF, 0xFF, 0xFF, 0xD8, 0xD5, 0xD5, 0x64,
    0x56, 0x56, 0x64, 0x56, 0x56, 0x64, 0x56, 0x56, 0x64, 0x56, 0x56, 0x64, 0x56, 0x56, 0x64, 0x56,
    0x56, 0x64, 0x56, 0x56, 0x64, 0x56, 0x56, 0x64, 0x56, 0x56, 0x64, 0x56, 0x56, 0x64, 0x56, 0x56,
    0x64, 0x56, 0x56, 0x4A, 0x3A, 0x3A, 0x4A, 0x3A, 0x3A, 0x64, 0x56, 0x56, 0x64, 0x56, 0x56, 0x64,
    0x56, 0x56, 0x64, 0x56, 0x56, 0x64, 0x56, 0x56, 0x64, 0x56, 0x56, 0x64, 0x56, 0x56, 0x64, 0x56,
    0x56, 0x64, 0x56, 0x56, 0x64, 0x56, 0x56, 0x64, 0x56, 0x56, 0xD8, 0xD5, 0xD5, 0xFF, 0xFF, 0xFF,
    0xB2, 0xAB, 0xAB, 0x64, 0x56, 0x56, 0x64, 0x56, 0x56, 0x64, 0x56, 0x56, 0x64, 0x56, 0x56, 0x64,
    0x56, 0x56, 0xEC, 0xEA, 0xEA, 0xFF, 0xFF, 0xFF, 0x9E, 0x96, 0x96, 0x64, 0x56, 0x56, 0x9E, 0x96,
    0x96, 0xFF, 0xFF, 0xFF, 0xEC, 0xEA, 0xEA, 0x64, 0x56, 0x56, 0x64, 0x56, 0x56, 0x64, 0x56, 0x56,
    0x64, 0x56, 0x56, 0x64, 0x56, 0x56, 0xB2, 0xAB, 0xAB, 0xFF, 0xFF, 0xFF, 0xD8, 0xD5, 0xD5, 0x64,
    0x56, 0x56, 0x64, 0x56, 0x56, 0x64, 0x56, 0x56, 0x64, 0x56, 0x56, 0x64, 0x56, 0x56, 0x64, 0x56,
    0x56, 0x64, 0x56, 0x56, 0x64, 0x56, 0x56, 0x64, 0x56, 0x56, 0x64, 0x56, 0x56, 0x64, 0x56, 0x56,
    0x64, 0x56, 0x56, 0x4A, 0x3A, 0x3A, 0x4A, 0x3A, 0x3A, 0x64, 0x56, 0x56, 0x64, 0x56, 0x56, 0x64,
    0x56, 0x56, 0x64, 0x56, 0x56, 0x64, 0x56, 0x56, 0x64, 0x56, 0x56, 0x64, 0x56, 0x56, 0x64, 0x56,
    0x56, 0x64, 0x56, 0x56, 0x64, 0x56, 0x56, 0x64, 0x56, 0x56, 0xD8, 0xD5, 0xD5, 0xFF, 0xFF, 0xFF,
    0xB2, 0xAB, 0xAB, 0x64, 0x56, 0x56, 0x64, 0x56, 0x56, 0x64, 0x56, 0x56, 0x64, 0x56, 0x56, 0x64,
    0x56, 0x56, 0xEC, 0xEA, 0xEA, 0xFF, 0xFF, 0xFF, 0x9E, 0x96, 0x96, 0x64, 0x56, 0x56, 0x9E, 0x96,
    0x96, 0xFF, 0xFF, 0xFF, 0xEC, 0xEA, 0xEA, 0x64, 0x56, 0x56, 0x64, 0x56, 0x56, 0x64, 0x56, 0x56,
    0x64, 0x56, 0x56, 0x64, 0x56, 0x56, 0xB2, 0xAB, 0xAB, 0xFF, 0xFF, 0xFF, 0xD8, 0xD5, 0xD5, 0x64,
    0x56, 0x56, 0x64, 0x56, 0x56, 0x64, 0x56, 0x56, 0x64, 0x56, 0x56, 0x64, 0x56, 0x56, 0x64, 0x56,
    0x56, 0x64, 0x56, 0x56, 0x64, 0x56, 0x56, 0x64, 0x56, 0x56, 0x64, 0x56, 0x56, 0x64, 0x56, 0x56,
    0x64, 0x56, 0x56, 0x4A, 0x3A, 0x3A, 0x4A, 0x3A, 0x3A, 0x64, 0x56, 0x56, 0x64, 0x56, 0x56, 0x64,
    0x56, 0x56, 0x64, 0x56, 0x56, 0x64, 0x56, 0x56, 0x64, 0x56, 0x56, 0x64, 0x56, 0x56, 0x64, 0x56,
    0x56, 0x64, 0x56, 0x56, 0x64, 0x56, 0x56, 0x64, 0x56, 0x56, 0xD4, 0xD1, 0xD1, 0xFF, 0xFF, 0xFF,
    0xDB, 0xD8, 0xD8, 0xB7, 0xB0, 0xB0, 0xB7, 0xB0, 0xB0, 0xB7, 0xB0, 0xB0, 0xB7, 0xB0, 0xB0, 0xB7,
    0xB0, 0xB0, 0xF6, 0xF5, 0xF5, 0xFF, 0xFF, 0xFF, 0x99, 0x90, 0x90, 0x64, 0x56, 0x56, 0x9A, 0x91,
    0x91, 0xFF, 0xFF, 0xFF, 0xF6, 0xF5, 0xF5, 0xB7, 0xB0, 0xB0, 0xB7, 0xB0, 0xB0, 0xB7, 0xB0, 0xB0,
    0xB7, 0xB0, 0xB0, 0xB7, 0xB0, 0xB0, 0xDB, 0xD8, 0xD8, 0xFF, 0xFF, 0xFF, 0xD4, 0xD0, 0xD0, 0x64,
    0x56, 0x56, 0x64, 0x56, 0x56, 0x64, 0x56, 0x56, 0x64, 0x56, 0x56, 0x64, 0x56, 0x56, 0x64, 0x56,
    0x56, 0x64, 0x56, 0x56, 0x64, 0x56, 0x56, 0x64, 0x56, 0x56, 0x64, 0x56, 0x56, 0x64, 0x56, 0x56,
    0x64, 0x56, 0x56, 0x4A, 0x3A, 0x3A, 0x4A, 0x3A, 0x3A, 0x64, 0x56, 0x56, 0x64, 0x56, 0x56, 0x64,
    0x56, 0x56, 0x64, 0x56, 0x56, 0x64, 0x56, 0x56, 0x64, 0x56, 0x56, 0x64, 0x56, 0x56, 0x64, 0x56,
    0x56, 0x64, 0x56, 0x56, 0x64, 0x56, 0x56, 0x64, 0x56, 0x56, 0xAB, 0xA4, 0xA4, 0xFF, 0xFF, 0xFF,
    0xFF, 0xFF, 0xFF, 0xFF, 0xFF, 0xFF, 0xFF, 0xFF, 0xFF, 0xFF, 0xFF, 0xFF, 0xFF, 0xFF, 0xFF, 0xFF,
    0xFF, 0xFF, 0xFF, 0xFF, 0xFF, 0xF8, 0xF7, 0xF7, 0x74, 0x67, 0x67, 0x64, 0x56, 0x56, 0x76, 0x6A,
    0x6A, 0xFA, 0xF9, 0xF9, 0xFF, 0xFF, 0xFF, 0xFF, 0xFF, 0xFF, 0xFF, 0xFF, 0xFF, 0xFF, 0xFF, 0xFF,
    0xFF, 0xFF, 0xFF, 0xFF, 0xFF, 0xFF, 0xFF, 0xFF, 0xFF, 0xFF, 0xFF, 0xFF, 0xA7, 0x9F, 0x9F, 0x64,
    0x56, 0x56, 0x64, 0x56, 0x56, 0x64, 0x56, 0x56, 0x64, 0x56, 0x56, 0x64, 0x56, 0x56, 0x64, 0x56,
    0x56, 0x64, 0x56, 0x56, 0x64, 0x56, 0x56, 0x64, 0x56, 0x56, 0x64, 0x56, 0x56, 0x64, 0x56, 0x56,
    0x64, 0x56, 0x56, 0x4A, 0x3A, 0x3A, 0x4A, 0x3A, 0x3A, 0x64, 0x56, 0x56, 0x64, 0x56, 0x56, 0x64,
    0x56, 0x56, 0x64, 0x56, 0x56, 0x64, 0x56, 0x56, 0x64, 0x56, 0x56, 0x64, 0x56, 0x56, 0x64, 0x56,
    0x56, 0x64, 0x56, 0x56, 0x64, 0x56, 0x56, 0x64, 0x56, 0x56, 0x66, 0x59, 0x59, 0xAB, 0xA4, 0xA4,
    0xD3, 0xCF, 0xCF, 0xD6, 0xD2, 0xD2, 0xD6, 0xD2, 0xD2, 0xD6, 0xD2, 0xD2, 0xD6, 0xD2, 0xD2, 0xD6,
    0xD2, 0xD2, 0xCA, 0xC5, 0xC5, 0x86, 0x7B, 0x7B, 0x64, 0x56, 0x56, 0x64, 0x56, 0x56, 0x64, 0x56,
    0x56, 0x8A, 0x7F, 0x7F, 0xCD, 0xC8, 0xC8, 0xD6, 0xD2, 0xD2, 0xD6, 0xD2, 0xD2, 0xD6, 0xD2, 0xD2,
    0xD6, 0xD2, 0xD2, 0xD6, 0xD2, 0xD2, 0xD3, 0xCF, 0xCF, 0xA7, 0x9F, 0x9F, 0x65, 0x57, 0x57, 0x64,
    0x56, 0x56, 0x64, 0x56, 0x56, 0x64, 0x56, 0x56, 0x64, 0x56, 0x56, 0x64, 0x56, 0x56, 0x64, 0x56,
    0x56, 0x64, 0x56, 0x56, 0x64, 0x56, 0x56, 0x64, 0x56, 0x56, 0x64, 0x56, 0x56, 0x64, 0x56, 0x56,
    0x64, 0x56, 0x56, 0x4A, 0x3A, 0x3A, 0x4A, 0x3A, 0x3A, 0x64, 0x56, 0x56, 0x64, 0x56, 0x56, 0x64,
    0x56, 0x56, 0x64, 0x56, 0x56, 0x64, 0x56, 0x56, 0x64, 0x56, 0x56, 0x64, 0x56, 0x56, 0x64, 0x56,
    0x56, 0x64, 0x56, 0x56, 0x64, 0x56, 0x56, 0x64, 0x56, 0x56, 0x64, 0x56, 0x56, 0x64, 0x56, 0x56,
    0x64, 0x56, 0x56, 0x64, 0x56, 0x56, 0x64, 0x56, 0x56, 0x64, 0x56, 0x56, 0x64, 0x56, 0x56, 0x64,
    0x56, 0x56, 0x64, 0x56, 0x56, 0x64, 0x56, 0x56, 0x64, 0x56, 0x56, 0x64, 0x56, 0x56, 0x64, 0x56,
    0x56, 0x64, 0x56, 0x56, 0x64, 0x56, 0x56, 0x64, 0x56, 0x56, 0x64, 0x56, 0x56, 0x64, 0x56, 0x56,
    0x64, 0x56, 0x56, 0x64, 0x56, 0x56, 0x64, 0x56, 0x56, 0x64, 0x56, 0x56, 0x64, 0x56, 0x56, 0x64,
    0x56, 0x56, 0x64, 0x56, 0x56, 0x64, 0x56, 0x56, 0x64, 0x56, 0x56, 0x64, 0x56, 0x56, 0x64, 0x56,
    0x56, 0x64, 0x56, 0x56, 0x64, 0x56, 0x56, 0x64, 0x56, 0x56, 0x64, 0x56, 0x56, 0x64, 0x56, 0x56,
    0x64, 0x56, 0x56, 0x4A, 0x3A, 0x3A, 0x4A, 0x3A, 0x3A, 0x64, 0x56, 0x56, 0x64, 0x56, 0x56, 0x64,
    0x56, 0x56, 0x64, 0x56, 0x56, 0x64, 0x56, 0x56, 0x64, 0x56, 0x56, 0x64, 0x56, 0x56, 0x64, 0x56,
    0x56, 0x64, 0x56, 0x56, 0x64, 0x56, 0x56, 0x64, 0x56, 0x56, 0x64, 0x56, 0x56, 0x64, 0x56, 0x56,
    0x64, 0x56, 0x56, 0x64, 0x56, 0x56, 0x64, 0x56, 0x56, 0x64, 0x56, 0x56, 0x64, 0x56, 0x56, 0x64,
    0x56, 0x56, 0x64, 0x56, 0x56, 0x64, 0x56, 0x56, 0x64, 0x56, 0x56, 0x64, 0x56, 0x56, 0x64, 0x56,
    0x56, 0x64, 0x56, 0x56, 0x64, 0x56, 0x56, 0x64, 0x56, 0x56, 0x64, 0x56, 0x56, 0x64, 0x56, 0x56,
    0x64, 0x56, 0x56, 0x64, 0x56, 0x56, 0x64, 0x56, 0x56, 0x64, 0x56, 0x56, 0x64, 0x56, 0x56, 0x64,
    0x56, 0x56, 0x64, 0x56, 0x56, 0x64, 0x56, 0x56, 0x64, 0x56, 0x56, 0x64, 0x56, 0x56, 0x64, 0x56,
    0x56, 0x64, 0x56, 0x56, 0x64, 0x56, 0x56, 0x64, 0x56, 0x56, 0x64, 0x56, 0x56, 0x64, 0x56, 0x56,
    0x64, 0x56, 0x56, 0x4A, 0x3A, 0x3A, 0x4A, 0x3A, 0x3A, 0x64, 0x56, 0x56, 0x64, 0x56, 0x56, 0x64,
    0x56, 0x56, 0x64, 0x56, 0x56, 0x64, 0x56, 0x56, 0x64, 0x56, 0x56, 0x64, 0x56, 0x56, 0x64, 0x56,
    0x56, 0x64, 0x56, 0x56, 0x64, 0x56, 0x56, 0x64, 0x56, 0x56, 0x64, 0x56, 0x56, 0x64, 0x56, 0x56,
    0x64, 0x56, 0x56, 0x64, 0x56, 0x56, 0x64, 0x56, 0x56, 0x64, 0x56, 0x56, 0x64, 0x56, 0x56, 0x64,
    0x56, 0x56, 0x64, 0x56, 0x56, 0x64, 0x56, 0x56, 0x64, 0x56, 0x56, 0x64, 0x56, 0x56, 0x64, 0x56,
    0x56, 0x64, 0x56, 0x56, 0x64, 0x56, 0x56, 0x64, 0x56, 0x56, 0x64, 0x56, 0x56, 0x64, 0x56, 0x56,
    0x64, 0x56, 0x56, 0x64, 0x56, 0x56, 0x64, 0x56, 0x56, 0x64, 0x56, 0x56, 0x64, 0x56, 0x56, 0x64,
    0x56, 0x56, 0x64, 0x56, 0x56, 0x64, 0x56, 0x56, 0x64, 0x56, 0x56, 0x64, 0x56, 0x56, 0x64, 0x56,
    0x56, 0x64, 0x56, 0x56, 0x64, 0x56, 0x56, 0x64, 0x56, 0x56, 0x64, 0x56, 0x56, 0x64, 0x56, 0x56,
    0x64, 0x56, 0x56, 0x4A, 0x3A, 0x3A, 0x4A, 0x3A, 0x3A, 0x64, 0x56, 0x56, 0x64, 0x56, 0x56, 0x64,
    0x56, 0x56, 0x64, 0x56, 0x56, 0x64, 0x56, 0x56, 0x64, 0x56, 0x56, 0x64, 0x56, 0x56, 0x64, 0x56,
    0x56, 0x64, 0x56, 0x56, 0x64, 0x56, 0x56, 0x64, 0x56, 0x56, 0x64, 0x56, 0x56, 0x64, 0x56, 0x56,
    0x64, 0x56, 0x56, 0x64, 0x56, 0x56, 0x64, 0x56, 0x56, 0x64, 0x56, 0x56, 0x64, 0x56, 0x56, 0x64,
    0x56, 0x56, 0x64, 0x56, 0x56, 0x64, 0x56, 0x56, 0x64, 0x56, 0x56, 0x64, 0x56, 0x56, 0x64, 0x56,
    0x56, 0x64, 0x56, 0x56, 0x64, 0x56, 0x56, 0x64, 0x56, 0x56, 0x64, 0x56, 0x56, 0x64, 0x56, 0x56,
    0x64, 0x56, 0x56, 0x64, 0x56, 0x56, 0x64, 0x56, 0x56, 0x64, 0x56, 0x56, 0x64, 0x56, 0x56, 0x64,
    0x56, 0x56, 0x64, 0x56, 0x56, 0x64, 0x56, 0x56, 0x64, 0x56, 0x56, 0x64, 0x56, 0x56, 0x64, 0x56,
    0x56, 0x64, 0x56, 0x56, 0x64, 0x56, 0x56, 0x64, 0x56, 0x56, 0x64, 0x56, 0x56, 0x64, 0x56, 0x56,
    0x64, 0x56, 0x56, 0x4A, 0x3A, 0x3A, 0x4A, 0x3A, 0x3A, 0x64, 0x56, 0x56, 0x64, 0x56, 0x56, 0x64,
    0x56, 0x56, 0x64, 0x56, 0x56, 0x64, 0x56, 0x56, 0x64, 0x56, 0x56, 0x64, 0x56, 0x56, 0x64, 0x56,
    0x56, 0x64, 0x56, 0x56, 0x64, 0x56, 0x56, 0x64, 0x56, 0x56, 0x64, 0x56, 0x56, 0x64, 0x56, 0x56,
    0x64, 0x56, 0x56, 0x64, 0x56, 0x56, 0x64, 0x56, 0x56, 0x64, 0x56, 0x56, 0x64, 0x56, 0x56, 0x64,
    0x56, 0x56, 0x64, 0x56, 0x56, 0x64, 0x56, 0x56, 0x64, 0x56, 0x56, 0x64, 0x56, 0x56, 0x64, 0x56,
    0x56, 0x64, 0x56, 0x56, 0x64, 0x56, 0x56, 0x64, 0x56, 0x56, 0x64, 0x56, 0x56, 0x64, 0x56, 0x56,
    0x64, 0x56, 0x56, 0x64, 0x56, 0x56, 0x64, 0x56, 0x56, 0x64, 0x56, 0x56, 0x64, 0x56, 0x56, 0x64,
    0x56, 0x56, 0x64, 0x56, 0x56, 0x64, 0x56, 0x56, 0x64, 0x56, 0x56, 0x64, 0x56, 0x56, 0x64, 0x56,
    0x56, 0x64, 0x56, 0x56, 0x64, 0x56, 0x56, 0x64, 0x56, 0x56, 0x64, 0x56, 0x56, 0x64, 0x56, 0x56,
    0x64, 0x56, 0x56, 0x4A, 0x3A, 0x3A, 0x00, 0x00, 0x00, 0x4A, 0x3A, 0x3A, 0x64, 0x56, 0x56, 0x64,
    0x56, 0x56, 0x64, 0x56, 0x56, 0x64, 0x56, 0x56, 0x64, 0x56, 0x56, 0x64, 0x56, 0x56, 0x64, 0x56,
    0x56, 0x64, 0x56, 0x56, 0x64, 0x56, 0x56, 0x64, 0x56, 0x56, 0x64, 0x56, 0x56, 0x64, 0x56, 0x56,
    0x64, 0x56, 0x56, 0x64, 0x56, 0x56, 0x64, 0x56, 0x56, 0x64, 0x56, 0x56, 0x64, 0x56, 0x56, 0x64,
    0x56, 0x56, 0x64, 0x56, 0x56, 0x64, 0x56, 0x56, 0x64, 0x56, 0x56, 0x64, 0x56, 0x56, 0x64, 0x56,
    0x56, 0x64, 0x56, 0x56, 0x64, 0x56, 0x56, 0x64, 0x56, 0x56, 0x64, 0x56, 0x56, 0x64, 0x56, 0x56,
    0x64, 0x56, 0x56, 0x64, 0x56, 0x56, 0x64, 0x56, 0x56, 0x64, 0x56, 0x56, 0x64, 0x56, 0x56, 0x64,
    0x56, 0x56, 0x64, 0x56, 0x56, 0x64, 0x56, 0x56, 0x64, 0x56, 0x56, 0x64, 0x56, 0x56, 0x64, 0x56,
    0x56, 0x64, 0x56, 0x56, 0x64, 0x56, 0x56, 0x64, 0x56, 0x56, 0x64, 0x56, 0x56, 0x64, 0x56, 0x56,
    0x4A, 0x3A, 0x3A, 0x00, 0x00, 0x00, 0x00, 0x00, 0x00, 0x4A, 0x3A, 0x3A, 0x64, 0x56, 0x56, 0x64,
    0x56, 0x56, 0x64, 0x56, 0x56, 0x64, 0x56, 0x56, 0x64, 0x56, 0x56, 0x64, 0x56, 0x56, 0x64, 0x56,
    0x56, 0x64, 0x56, 0x56, 0x64, 0x56, 0x56, 0x64, 0x56, 0x56, 0x64, 0x56, 0x56, 0x64, 0x56, 0x56,
    0x64, 0x56, 0x56, 0x64, 0x56, 0x56, 0x64, 0x56, 0x56, 0x64, 0x56, 0x56, 0x64, 0x56, 0x56, 0x64,
    0x56, 0x56, 0x64, 0x56, 0x56, 0x64, 0x56, 0x56, 0x64, 0x56, 0x56, 0x64, 0x56, 0x56, 0x64, 0x56,
    0x56, 0x64, 0x56, 0x56, 0x64, 0x56, 0x56, 0x64, 0x56, 0x56, 0x64, 0x56, 0x56, 0x64, 0x56, 0x56,
    0x64, 0x56, 0x56, 0x64, 0x56, 0x56, 0x64, 0x56, 0x56, 0x64, 0x56, 0x56, 0x64, 0x56, 0x56, 0x64,
    0x56, 0x56, 0x64, 0x56, 0x56, 0x64, 0x56, 0x56, 0x64, 0x56, 0x56, 0x64, 0x56, 0x56, 0x64, 0x56,
    0x56, 0x64, 0x56, 0x56, 0x64, 0x56, 0x56, 0x64, 0x56, 0x56, 0x64, 0x56, 0x56, 0x64, 0x56, 0x56,
    0x4A, 0x3A, 0x3A, 0x00, 0x00, 0x00, 0x00, 0x00, 0x00, 0x00, 0x00, 0x00, 0x4A, 0x3A, 0x3A, 0x64,
    0x56, 0x56, 0x64, 0x56, 0x56, 0x64, 0x56, 0x56, 0x64, 0x56, 0x56, 0x64, 0x56, 0x56, 0x64, 0x56,
    0x56, 0x64, 0x56, 0x56, 0x64, 0x56, 0x56, 0x64, 0x56, 0x56, 0x64, 0x56, 0x56, 0x64, 0x56, 0x56,
    0x64, 0x56, 0x56, 0x64, 0x56, 0x56, 0x64, 0x56, 0x56, 0x64, 0x56, 0x56, 0x64, 0x56, 0x56, 0x64,
    0x56, 0x56, 0x64, 0x56, 0x56, 0x64, 0x56, 0x56, 0x64, 0x56, 0x56, 0x64, 0x56, 0x56, 0x64, 0x56,
    0x56, 0x64, 0x56, 0x56, 0x64, 0x56, 0x56, 0x64, 0x56, 0x56, 0x64, 0x56, 0x56, 0x64, 0x56, 0x56,
    0x64, 0x56, 0x56, 0x64, 0x56, 0x56, 0x64, 0x56, 0x56, 0x64, 0x56, 0x56, 0x64, 0x56, 0x56, 0x64,
    0x56, 0x56, 0x64, 0x56, 0x56, 0x64, 0x56, 0x56, 0x64, 0x56, 0x56, 0x64, 0x56, 0x56, 0x64, 0x56,
    0x56, 0x64, 0x56, 0x56, 0x64, 0x56, 0x56, 0x64, 0x56, 0x56, 0x64, 0x56, 0x56, 0x4A, 0x3A, 0x3A,
    0x00, 0x00, 0x00, 0x00, 0x00, 0x00, 0x00, 0x00, 0x00, 0x00, 0x00, 0x00, 0x4A, 0x3A, 0x3A, 0x4A,
    0x3A, 0x3A, 0x64, 0x56, 0x56, 0x64, 0x56, 0x56, 0x64, 0x56, 0x56, 0x64, 0x56, 0x56, 0x64, 0x56,
    0x56, 0x64, 0x56, 0x56, 0x64, 0x56, 0x56, 0x64, 0x56, 0x56, 0x64, 0x56, 0x56, 0x64, 0x56, 0x56,
    0x64, 0x56, 0x56, 0x64, 0x56, 0x56, 0x64, 0x56, 0x56, 0x64, 0x56, 0x56, 0x64, 0x56, 0x56, 0x64,
    0x56, 0x56, 0x64, 0x56, 0x56, 0x64, 0x56, 0x56, 0x64, 0x56, 0x56, 0x64, 0x56, 0x56, 0x64, 0x56,
    0x56, 0x64, 0x56, 0x56, 0x64, 0x56, 0x56, 0x64, 0x56, 0x56, 0x64, 0x56, 0x56, 0x64, 0x56, 0x56,
    0x64, 0x56, 0x56, 0x64, 0x56, 0x56, 0x64, 0x56, 0x56, 0x64, 0x56, 0x56, 0x64, 0x56, 0x56, 0x64,
    0x56, 0x56, 0x64, 0x56, 0x56, 0x64, 0x56, 0x56, 0x64, 0x56, 0x56, 0x64, 0x56, 0x56, 0x64, 0x56,
    0x56, 0x64, 0x56, 0x56, 0x64, 0x56, 0x56, 0x64, 0x56, 0x56, 0x4A, 0x3A, 0x3A, 0x4A, 0x3A, 0x3A,
    0x00, 0x00, 0x00, 0x00, 0x00, 0x00, 0x00, 0x00, 0x00, 0x00, 0x00, 0x00, 0x00, 0x00, 0x00, 0x4A,
    0x3A, 0x3A, 0x4A, 0x3A, 0x3A, 0x64, 0x56, 0x56, 0x64, 0x56, 0x56, 0x64, 0x56, 0x56, 0x64, 0x56,
    0x56, 0x64, 0x56, 0x56, 0x64, 0x56, 0x56, 0x64, 0x56, 0x56, 0x64, 0x56, 0x56, 0x64, 0x56, 0x56,
    0x64, 0x56, 0x56, 0x64, 0x56, 0x56, 0x64, 0x56, 0x56, 0x64, 0x56, 0x56, 0x64, 0x56, 0x56, 0x64,
    0x56, 0x56, 0x64, 0x56, 0x56, 0x64, 0x56, 0x56, 0x64, 0x56, 0x56, 0x64, 0x56, 0x56, 0x64, 0x56,
    0x56, 0x64, 0x56, 0x56, 0x64, 0x56, 0x56, 0x64, 0x56, 0x56, 0x64, 0x56, 0x56, 0x64, 0x56, 0x56,
    0x64, 0x56, 0x56, 0x64, 0x56, 0x56, 0x64, 0x56, 0x56, 0x64, 0x56, 0x56, 0x64, 0x56, 0x56, 0x64,
    0x56, 0x56, 0x64, 0x56, 0x56, 0x64, 0x56, 0x56, 0x64, 0x56, 0x56, 0x64, 0x56, 0x56, 0x64, 0x56,
    0x56, 0x64, 0x56, 0x56, 0x64, 0x56, 0x56, 0x4A, 0x3A, 0x3A, 0x4A, 0x3A, 0x3A, 0x00, 0x00, 0x00,
    0x00, 0x00, 0x00, 0x00, 0x00, 0x00, 0x00, 0x00, 0x00, 0x00, 0x00, 0x00, 0x00, 0x00, 0x00, 0x00,
    0x00, 0x00, 0x00, 0x00, 0x00, 0x4A, 0x3A, 0x3A, 0x4A, 0x3A, 0x3A, 0x64, 0x56, 0x56, 0x64, 0x56,
    0x56, 0x64, 0x56, 0x56, 0x64, 0x56, 0x56, 0x64, 0x56, 0x56, 0x64, 0x56, 0x56, 0x64, 0x56, 0x56,
    0x64, 0x56, 0x56, 0x64, 0x56, 0x56, 0x64, 0x56, 0x56, 0x64, 0x56, 0x56, 0x64, 0x56, 0x56, 0x64,
    0x56, 0x56, 0x64, 0x56, 0x56, 0x64, 0x56, 0x56, 0x64, 0x56, 0x56, 0x64, 0x56, 0x56, 0x64, 0x56,
    0x56, 0x64, 0x56, 0x56, 0x64, 0x56, 0x56, 0x64, 0x56, 0x56, 0x64, 0x56, 0x56, 0x64, 0x56, 0x56,
    0x64, 0x56, 0x56, 0x64, 0x56, 0x56, 0x64, 0x56, 0x56, 0x64, 0x56, 0x56, 0x64, 0x56, 0x56, 0x64,
    0x56, 0x56, 0x64, 0x56, 0x56, 0x64, 0x56, 0x56, 0x64, 0x56, 0x56, 0x64, 0x56, 0x56, 0x64, 0x56,
    0x56, 0x4A, 0x3A, 0x3A, 0x4A, 0x3A, 0x3A, 0x00, 0x00, 0x00, 0x00, 0x00, 0x00, 0x00, 0x00, 0x00,
    0x00, 0x00, 0x00, 0x00, 0x00, 0x00, 0x00, 0x00, 0x00, 0x00, 0x00, 0x00, 0x00, 0x00, 0x00, 0x00,
    0x00, 0x00, 0x00, 0x00, 0x00, 0x00, 0x00, 0x00, 0x00, 0x00, 0x00, 0x4A, 0x3A, 0x3A, 0x4A, 0x3A,
    0x3A, 0x4A, 0x3A, 0x3A, 0x4A, 0x3A, 0x3A, 0x4A, 0x3A, 0x3A, 0x4A, 0x3A, 0x3A, 0x4A, 0x3A, 0x3A,
    0x4A, 0x3A, 0x3A, 0x4A, 0x3A, 0x3A, 0x4A, 0x3A, 0x3A, 0x4A, 0x3A, 0x3A, 0x4A, 0x3A, 0x3A, 0x4A,
    0x3A, 0x3A, 0x4A, 0x3A, 0x3A, 0x4A, 0x3A, 0x3A, 0x4A, 0x3A, 0x3A, 0x4A, 0x3A, 0x3A, 0x4A, 0x3A,
    0x3A, 0x4A, 0x3A, 0x3A, 0x4A, 0x3A, 0x3A, 0x4A, 0x3A, 0x3A, 0x4A, 0x3A, 0x3A, 0x4A, 0x3A, 0x3A,
    0x4A, 0x3A, 0x3A, 0x4A, 0x3A, 0x3A, 0x4A, 0x3A, 0x3A, 0x4A, 0x3A, 0x3A, 0x4A, 0x3A, 0x3A, 0x4A,
    0x3A, 0x3A, 0x4A, 0x3A, 0x3A, 0x4A, 0x3A, 0x3A, 0x4A, 0x3A, 0x3A, 0x4A, 0x3A, 0x3A, 0x4A, 0x3A,
    0x3A, 0x00, 0x00, 0x00, 0x00, 0x00, 0x00, 0x00, 0x00, 0x00, 0x00, 0x00, 0x00, 0x00, 0x00, 0x00,
    0x00, 0x00, 0x00, 0x00, 0x00, 0x00,
};
const UINT32 gBmpStartSize = 6966;

const UINT8 gBmpWall[43254] = {
    0x42, 0x4D, 0xF6, 0xA8, 0x00, 0x00, 0x00, 0x00, 0x00, 0x00, 0x36, 0x00, 0x00, 0x00, 0x28, 0x00,
    0x00, 0x00, 0xA0, 0x00, 0x00, 0x00, 0x5A, 0x00, 0x00, 0x00, 0x01, 0x00, 0x18, 0x00, 0x00, 0x00,
    0x00, 0x00, 0xC0, 0xA8, 0x00, 0x00, 0x00, 0x00, 0x00, 0x00, 0x00, 0x00, 0x00, 0x00, 0x00, 0x00,
    0x00, 0x00, 0x00, 0x00, 0x00, 0x00, 0x60, 0x30, 0x20, 0x60, 0x30, 0x20, 0x60, 0x30, 0x21, 0x60,
    0x30, 0x21, 0x60, 0x30, 0x22, 0x61, 0x30, 0x22, 0x61, 0x30, 0x23, 0x61, 0x30, 0x23, 0x61, 0x30,
    0x24, 0x62, 0x30, 0x24, 0x62, 0x30, 0x25, 0x62, 0x30, 0x25, 0x62, 0x30, 0x26, 0x63, 0x30, 0x26,
    0x63, 0x30, 0x27, 0x63, 0x30, 0x27, 0x63, 0x30, 0x28, 0x64, 0x30, 0x28, 0x64, 0x30, 0x29, 0x64,
    0x30, 0x29, 0x64, 0x30, 0x2A, 0x65, 0x30, 0x2A, 0x65, 0x30, 0x2B, 0x65, 0x30, 0x2B, 0x65, 0x30,
    0x2C, 0x66, 0x30, 0x2C, 0x66, 0x30, 0x2D, 0x66, 0x30, 0x2D, 0x66, 0x30, 0x2E, 0x66, 0x30, 0x2E,
    0x67, 0x30, 0x2F, 0x67, 0x30, 0x2F, 0x67, 0x30, 0x30, 0x67, 0x30, 0x30, 0x68, 0x30, 0x31, 0x68,
    0x30, 0x31, 0x68, 0x30, 0x32, 0x68, 0x30, 0x32, 0x69, 0x30, 0x33, 0x69, 0x30, 0x33, 0x69, 0x30,
    0x34, 0x69, 0x30, 0x34, 0x6A, 0x30, 0x35, 0x6A, 0x30, 0x35, 0x6A, 0x30, 0x36, 0x6A, 0x30, 0x36,
    0x6B, 0x30, 0x37, 0x6B, 0x30, 0x37, 0x6B, 0x30, 0x38, 0x6B, 0x30, 0x38, 0x6C, 0x30, 0x39, 0x6C,
    0x30, 0x39, 0x6C, 0x30, 0x3A, 0x6C, 0x30, 0x3A, 0x6C, 0x30, 0x3B, 0x6D, 0x30, 0x3B, 0x6D, 0x30,
    0x3C, 0x6D, 0x30, 0x3C, 0x6D, 0x30, 0x3D, 0x6E, 0x30, 0x3D, 0x6E, 0x30, 0x3E, 0x6E, 0x30, 0x3E,
    0x6E, 0x30, 0x3F, 0x6F, 0x30, 0x3F, 0x6F, 0x30, 0x40, 0x6F, 0x30, 0x40, 0x6F, 0x30, 0x41, 0x70,
    0x30, 0x41, 0x70, 0x30, 0x42, 0x70, 0x30, 0x42, 0x70, 0x30, 0x43, 0x71, 0x30, 0x43, 0x71, 0x30,
    0x44, 0x71, 0x30, 0x44, 0x71, 0x30, 0x45, 0x72, 0x30, 0x45, 0x72, 0x30, 0x46, 0x72, 0x30, 0x46,
    0x72, 0x30, 0x47, 0x72, 0x30, 0x47, 0x73, 0x30, 0x48, 0x73, 0x30, 0x48, 0x73, 0x30, 0x49, 0x73,
    0x30, 0x49, 0x74, 0x30, 0x4A, 0x74, 0x30, 0x4A, 0x74, 0x30, 0x4B, 0x74, 0x30, 0x4B, 0x75, 0x30,
    0x4C, 0x75, 0x30, 0x4C, 0x75, 0x30, 0x4D, 0x75, 0x30, 0x4D, 0x76, 0x30, 0x4E, 0x76, 0x30, 0x4E,
    0x76, 0x30, 0x4F, 0x76, 0x30, 0x4F, 0x77, 0x30, 0x50, 0x77, 0x30, 0x50, 0x77, 0x30, 0x51, 0x77,
    0x30, 0x51, 0x78, 0x30, 0x52, 0x78, 0x30, 0x52, 0x78, 0x30, 0x53, 0x78, 0x30, 0x53, 0x78, 0x30,
    0x54, 0x79, 0x30, 0x54, 0x79, 0x30, 0x55, 0x79, 0x30, 0x55, 0x79, 0x30, 0x56, 0x7A, 0x30, 0x56,
    0x7A, 0x30, 0x57, 0x7A, 0x30, 0x57, 0x7A, 0x30, 0x58, 0x7B, 0x30, 0x58, 0x7B, 0x30, 0x59, 0x7B,
    0x30, 0x59, 0x7B, 0x30, 0x5A, 0x7C, 0x30, 0x5A, 0x7C, 0x30, 0x5B, 0x7C, 0x30, 0x5B, 0x7C, 0x30,
    0x5C, 0x7D, 0x30, 0x5C, 0x7D, 0x30, 0x5D, 0x7D, 0x30, 0x5D, 0x7D, 0x30, 0x5E, 0x7E, 0x30, 0x5E,
    0x7E, 0x30, 0x5F, 0x7E, 0x30, 0x5F, 0x7E, 0x30, 0x60, 0x7E, 0x30, 0x60, 0x7F, 0x30, 0x61, 0x7F,
    0x30, 0x61, 0x7F, 0x30, 0x62, 0x7F, 0x30, 0x62, 0x80, 0x30, 0x63, 0x80, 0x30, 0x63, 0x80, 0x30,
    0x64, 0x80, 0x30, 0x64, 0x81, 0x30, 0x65, 0x81, 0x30, 0x65, 0x81, 0x30, 0x66, 0x81, 0x30, 0x66,
    0x82, 0x30, 0x67, 0x82, 0x30, 0x67, 0x82, 0x30, 0x68, 0x82, 0x30, 0x68, 0x83, 0x30, 0x69, 0x83,
    0x30, 0x69, 0x83, 0x30, 0x6A, 0x83, 0x30, 0x6A, 0x84, 0x30, 0x6B, 0x84, 0x30, 0x6B, 0x84, 0x30,
    0x6C, 0x84, 0x30, 0x6C, 0x84, 0x30, 0x6D, 0x85, 0x30, 0x6D, 0x85, 0x30, 0x6E, 0x85, 0x30, 0x6E,
    0x85, 0x30, 0x6F, 0x86, 0x30, 0x6F, 0x60, 0x31, 0x20, 0x60, 0x31, 0x20, 0x60, 0x31, 0x21, 0x60,
    0x31, 0x21, 0x61, 0x31, 0x22, 0x61, 0x31, 0x22, 0x61, 0x31, 0x23, 0x61, 0x31, 0x23, 0x62, 0x31,
    0x24, 0x62, 0x31, 0x24, 0x62, 0x31, 0x25, 0x62, 0x31, 0x25, 0x63, 0x31, 0x26, 0x63, 0x31, 0x26,
    0x63, 0x31, 0x27, 0x63, 0x31, 0x27, 0x64, 0x31, 0x28, 0x64, 0x31, 0x28, 0x64, 0x31, 0x29, 0x64,
    0x31, 0x29, 0x65, 0x31, 0x2A, 0x65, 0x31, 0x2A, 0x65, 0x31, 0x2B, 0x65, 0x31, 0x2B, 0x66, 0x31,
    0x2C, 0x66, 0x31, 0x2C, 0x66, 0x31, 0x2D, 0x66, 0x31, 0x2D, 0x66, 0x31, 0x2E, 0x67, 0x31, 0x2E,
    0x67, 0x31, 0x2F, 0x67, 0x31, 0x2F, 0x67, 0x31, 0x30, 0x68, 0x31, 0x30, 0x68, 0x31, 0x31, 0x68,
    0x31, 0x31, 0x68, 0x31, 0x32, 0x69, 0x31, 0x32, 0x69, 0x31, 0x33, 0x69, 0x31, 0x33, 0x69, 0x31,
    0x34, 0x6A, 0x31, 0x34, 0x6A, 0x31, 0x35, 0x6A, 0x31, 0x35, 0x6A, 0x31, 0x36, 0x6B, 0x31, 0x36,
    0x6B, 0x31, 0x37, 0x6B, 0x31, 0x37, 0x6B, 0x31, 0x38, 0x6C, 0x31, 0x38, 0x6C, 0x31, 0x39, 0x6C,
    0x31, 0x39, 0x6C, 0x31, 0x3A, 0x6C, 0x31, 0x3A, 0x6D, 0x31, 0x3B, 0x6D, 0x31, 0x3B, 0x6D, 0x31,
    0x3C, 0x6D, 0x31, 0x3C, 0x6E, 0x31, 0x3D, 0x6E, 0x31, 0x3D, 0x6E, 0x31, 0x3E, 0x6E, 0x31, 0x3E,
    0x6F, 0x31, 0x3F, 0x6F, 0x31, 0x3F, 0x6F, 0x31, 0x40, 0x6F, 0x31, 0x40, 0x70, 0x31, 0x41, 0x70,
    0x31, 0x41, 0x70, 0x31, 0x42, 0x70, 0x31, 0x42, 0x71, 0x31, 0x43, 0x71, 0x31, 0x43, 0x71, 0x31,
    0x44, 0x71, 0x31, 0x44, 0x72, 0x31, 0x45, 0x72, 0x31, 0x45, 0x72, 0x31, 0x46, 0x72, 0x31, 0x46,
    0x72, 0x31, 0x47, 0x73, 0x31, 0x47, 0x73, 0x31, 0x48, 0x73, 0x31, 0x48, 0x73, 0x31, 0x49, 0x74,
    0x31, 0x49, 0x74, 0x31, 0x4A, 0x74, 0x31, 0x4A, 0x74, 0x31, 0x4B, 0x75, 0x31, 0x4B, 0x75, 0x31,
    0x4C, 0x75, 0x31, 0x4C, 0x75, 0x31, 0x4D, 0x76, 0x31, 0x4D, 0x76, 0x31, 0x4E, 0x76, 0x31, 0x4E,
    0x76, 0x31, 0x4F, 0x77, 0x31, 0x4F, 0x77, 0x31, 0x50, 0x77, 0x31, 0x50, 0x77, 0x31, 0x51, 0x78,
    0x31, 0x51, 0x78, 0x31, 0x52, 0x78, 0x31, 0x52, 0x78, 0x31, 0x53, 0x78, 0x31, 0x53, 0x79, 0x31,
    0x54, 0x79, 0x31, 0x54, 0x79, 0x31, 0x55, 0x79, 0x31, 0x55, 0x7A, 0x31, 0x56, 0x7A, 0x31, 0x56,
    0x7A, 0x31, 0x57, 0x7A, 0x31, 0x57, 0x7B, 0x31, 0x58, 0x7B, 0x31, 0x58, 0x7B, 0x31, 0x59, 0x7B,
    0x31, 0x59, 0x7C, 0x31, 0x5A, 0x7C, 0x31, 0x5A, 0x7C, 0x31, 0x5B, 0x7C, 0x31, 0x5B, 0x7D, 0x31,
    0x5C, 0x7D, 0x31, 0x5C, 0x7D, 0x31, 0x5D, 0x7D, 0x31, 0x5D, 0x7E, 0x31, 0x5E, 0x7E, 0x31, 0x5E,
    0x7E, 0x31, 0x5F, 0x7E, 0x31, 0x5F, 0x7E, 0x31, 0x60, 0x7F, 0x31, 0x60, 0x7F, 0x31, 0x61, 0x7F,
    0x31, 0x61, 0x7F, 0x31, 0x62, 0x80, 0x31, 0x62, 0x80, 0x31, 0x63, 0x80, 0x31, 0x63, 0x80, 0x31,
    0x64, 0x81, 0x31, 0x64, 0x81, 0x31, 0x65, 0x81, 0x31, 0x65, 0x81, 0x31, 0x66, 0x82, 0x31, 0x66,
    0x82, 0x31, 0x67, 0x82, 0x31, 0x67, 0x82, 0x31, 0x68, 0x83, 0x31, 0x68, 0x83, 0x31, 0x69, 0x83,
    0x31, 0x69, 0x83, 0x31, 0x6A, 0x84, 0x31, 0x6A, 0x84, 0x31, 0x6B, 0x84, 0x31, 0x6B, 0x84, 0x31,
    0x6C, 0x84, 0x31, 0x6C, 0x85, 0x31, 0x6D, 0x85, 0x31, 0x6D, 0x85, 0x31, 0x6E, 0x85, 0x31, 0x6E,
    0x86, 0x31, 0x6F, 0x86, 0x31, 0x6F, 0x60, 0x32, 0x20, 0x60, 0x32, 0x20, 0x60, 0x32, 0x21, 0x61,
    0x32, 0x21, 0x61, 0x32, 0x22, 0x61, 0x32, 0x22, 0x61, 0x32, 0x23, 0x62, 0x32, 0x23, 0x62, 0x32,
    0x24, 0x62, 0x32, 0x24, 0x62, 0x32, 0x25, 0x63, 0x32, 0x25, 0x63, 0x32, 0x26, 0x63, 0x32, 0x26,
    0x63, 0x32, 0x27, 0x64, 0x32, 0x27, 0x64, 0x32, 0x28, 0x64, 0x32, 0x28, 0x64, 0x32, 0x29, 0x65,
    0x32, 0x29, 0x65, 0x32, 0x2A, 0x65, 0x32, 0x2A, 0x65, 0x32, 0x2B, 0x66, 0x32, 0x2B, 0x66, 0x32,
    0x2C, 0x66, 0x32, 0x2C, 0x66, 0x32, 0x2D, 0x66, 0x32, 0x2D, 0x67, 0x32, 0x2E, 0x67, 0x32, 0x2E,
    0x67, 0x32, 0x2F, 0x67, 0x32, 0x2F, 0x68, 0x32, 0x30, 0x68, 0x32, 0x30, 0x68, 0x32, 0x31, 0x68,
    0x32, 0x31, 0x69, 0x32, 0x32, 0x69, 0x32, 0x32, 0x69, 0x32, 0x33, 0x69, 0x32, 0x33, 0x6A, 0x32,
    0x34, 0x6A, 0x32, 0x34, 0x6A, 0x32, 0x35, 0x6A, 0x32, 0x35, 0x6B, 0x32, 0x36, 0x6B, 0x32, 0x36,
    0x6B, 0x32, 0x37, 0x6B, 0x32, 0x37, 0x6C, 0x32, 0x38, 0x6C, 0x32, 0x38, 0x6C, 0x32, 0x39, 0x6C,
    0x32, 0x39, 0x6C, 0x32, 0x3A, 0x6D, 0x32, 0x3A, 0x6D, 0x32, 0x3B, 0x6D, 0x32, 0x3B, 0x6D, 0x32,
    0x3C, 0x6E, 0x32, 0x3C, 0x6E, 0x32, 0x3D, 0x6E, 0x32, 0x3D, 0x6E, 0x32, 0x3E, 0x6F, 0x32, 0x3E,
    0x6F, 0x32, 0x3F, 0x6F, 0x32, 0x3F, 0x6F, 0x32, 0x40, 0x70, 0x32, 0x40, 0x70, 0x32, 0x41, 0x70,
    0x32, 0x41, 0x70, 0x32, 0x42, 0x71, 0x32, 0x42, 0x71, 0x32, 0x43, 0x71, 0x32, 0x43, 0x71, 0x32,
    0x44, 0x72, 0x32, 0x44, 0x72, 0x32, 0x45, 0x72, 0x32, 0x45, 0x72, 0x32, 0x46, 0x72, 0x32, 0x46,
    0x73, 0x32, 0x47, 0x73, 0x32, 0x47, 0x73, 0x32, 0x48, 0x73, 0x32, 0x48, 0x74, 0x32, 0x49, 0x74,
    0x32, 0x49, 0x74, 0x32, 0x4A, 0x74, 0x32, 0x4A, 0x75, 0x32, 0x4B, 0x75, 0x32, 0x4B, 0x75, 0x32,
    0x4C, 0x75, 0x32, 0x4C, 0x76, 0x32, 0x4D, 0x76, 0x32, 0x4D, 0x76, 0x32, 0x4E, 0x76, 0x32, 0x4E,
    0x77, 0x32, 0x4F, 0x77, 0x32, 0x4F, 0x77, 0x32, 0x50, 0x77, 0x32, 0x50, 0x78, 0x32, 0x51, 0x78,
    0x32, 0x51, 0x78, 0x32, 0x52, 0x78, 0x32, 0x52, 0x78, 0x32, 0x53, 0x79, 0x32, 0x53, 0x79, 0x32,
    0x54, 0x79, 0x32, 0x54, 0x79, 0x32, 0x55, 0x7A, 0x32, 0x55, 0x7A, 0x32, 0x56, 0x7A, 0x32, 0x56,
    0x7A, 0x32, 0x57, 0x7B, 0x32, 0x57, 0x7B, 0x32, 0x58, 0x7B, 0x32, 0x58, 0x7B, 0x32, 0x59, 0x7C,
    0x32, 0x59, 0x7C, 0x32, 0x5A, 0x7C, 0x32, 0x5A, 0x7C, 0x32, 0x5B, 0x7D, 0x32, 0x5B, 0x7D, 0x32,
    0x5C, 0x7D, 0x32, 0x5C, 0x7D, 0x32, 0x5D, 0x7E, 0x32, 0x5D, 0x7E, 0x32, 0x5E, 0x7E, 0x32, 0x5E,
    0x7E, 0x32, 0x5F, 0x7E, 0x32, 0x5F, 0x7F, 0x32, 0x60, 0x7F, 0x32, 0x60, 0x7F, 0x32, 0x61, 0x7F,
    0x32, 0x61, 0x80, 0x32, 0x62, 0x80, 0x32, 0x62, 0x80, 0x32, 0x63, 0x80, 0x32, 0x63, 0x81, 0x32,
    0x64, 0x81, 0x32, 0x64, 0x81, 0x32, 0x65, 0x81, 0x32, 0x65, 0x82, 0x32, 0x66, 0x82, 0x32, 0x66,
    0x82, 0x32, 0x67, 0x82, 0x32, 0x67, 0x83, 0x32, 0x68, 0x83, 0x32, 0x68, 0x83, 0x32, 0x69, 0x83,
    0x32, 0x69, 0x84, 0x32, 0x6A, 0x84, 0x32, 0x6A, 0x84, 0x32, 0x6B, 0x84, 0x32, 0x6B, 0x84, 0x32,
    0x6C, 0x85, 0x32, 0x6C, 0x85, 0x32, 0x6D, 0x85, 0x32, 0x6D, 0x85, 0x32, 0x6E, 0x86, 0x32, 0x6E,
    0x86, 0x32, 0x6F, 0x86, 0x32, 0x6F, 0x60, 0x33, 0x20, 0x60, 0x33, 0x20, 0x61, 0x33, 0x21, 0x61,
    0x33, 0x21, 0x61, 0x33, 0x22, 0x61, 0x33, 0x22, 0x62, 0x33, 0x23, 0x62, 0x33, 0x23, 0x62, 0x33,
    0x24, 0x62, 0x33, 0x24, 0x63, 0x33, 0x25, 0x63, 0x33, 0x25, 0x63, 0x33, 0x26, 0x63, 0x33, 0x26,
    0x64, 0x33, 0x27, 0x64, 0x33, 0x27, 0x64, 0x33, 0x28, 0x64, 0x33, 0x28, 0x65, 0x33, 0x29, 0x65,
    0x33, 0x29, 0x65, 0x33, 0x2A, 0x65, 0x33, 0x2A, 0x66, 0x33, 0x2B, 0x66, 0x33, 0x2B, 0x66, 0x33,
    0x2C, 0x66, 0x33, 0x2C, 0x66, 0x33, 0x2D, 0x67, 0x33, 0x2D, 0x67, 0x33, 0x2E, 0x67, 0x33, 0x2E,
    0x67, 0x33, 0x2F, 0x68, 0x33, 0x2F, 0x68, 0x33, 0x30, 0x68, 0x33, 0x30, 0x68, 0x33, 0x31, 0x69,
    0x33, 0x31, 0x69, 0x33, 0x32, 0x69, 0x33, 0x32, 0x69, 0x33, 0x33, 0x6A, 0x33, 0x33, 0x6A, 0x33,
    0x34, 0x6A, 0x33, 0x34, 0x6A, 0x33, 0x35, 0x6B, 0x33, 0x35, 0x6B, 0x33, 0x36, 0x6B, 0x33, 0x36,
    0x6B, 0x33, 0x37, 0x6C, 0x33, 0x37, 0x6C, 0x33, 0x38, 0x6C, 0x33, 0x38, 0x6C, 0x33, 0x39, 0x6C,
    0x33, 0x39, 0x6D, 0x33, 0x3A, 0x6D, 0x33, 0x3A, 0x6D, 0x33, 0x3B, 0x6D, 0x33, 0x3B, 0x6E, 0x33,
    0x3C, 0x6E, 0x33, 0x3C, 0x6E, 0x33, 0x3D, 0x6E, 0x33, 0x3D, 0x6F, 0x33, 0x3E, 0x6F, 0x33, 0x3E,
    0x6F, 0x33, 0x3F, 0x6F, 0x33, 0x3F, 0x70, 0x33, 0x40, 0x70, 0x33, 0x40, 0x70, 0x33, 0x41, 0x70,
    0x33, 0x41, 0x71, 0x33, 0x42, 0x71, 0x33, 0x42, 0x71, 0x33, 0x43, 0x71, 0x33, 0x43, 0x72, 0x33,
    0x44, 0x72, 0x33, 0x44, 0x72, 0x33, 0x45, 0x72, 0x33, 0x45, 0x72, 0x33, 0x46, 0x73, 0x33, 0x46,
    0x73, 0x33, 0x47, 0x73, 0x33, 0x47, 0x73, 0x33, 0x48, 0x74, 0x33, 0x48, 0x74, 0x33, 0x49, 0x74,
    0x33, 0x49, 0x74, 0x33, 0x4A, 0x75, 0x33, 0x4A, 0x75, 0x33, 0x4B, 0x75, 0x33, 0x4B, 0x75, 0x33,
    0x4C, 0x76, 0x33, 0x4C, 0x76, 0x33, 0x4D, 0x76, 0x33, 0x4D, 0x76, 0x33, 0x4E, 0x77, 0x33, 0x4E,
    0x77, 0x33, 0x4F, 0x77, 0x33, 0x4F, 0x77, 0x33, 0x50, 0x78, 0x33, 0x50, 0x78, 0x33, 0x51, 0x78,
    0x33, 0x51, 0x78, 0x33, 0x52, 0x78, 0x33, 0x52, 0x79, 0x33, 0x53, 0x79, 0x33, 0x53, 0x79, 0x33,
    0x54, 0x79, 0x33, 0x54, 0x7A, 0x33, 0x55, 0x7A, 0x33, 0x55, 0x7A, 0x33, 0x56, 0x7A, 0x33, 0x56,
    0x7B, 0x33, 0x57, 0x7B, 0x33, 0x57, 0x7B, 0x33, 0x58, 0x7B, 0x33, 0x58, 0x7C, 0x33, 0x59, 0x7C,
    0x33, 0x59, 0x7C, 0x33, 0x5A, 0x7C, 0x33, 0x5A, 0x7D, 0x33, 0x5B, 0x7D, 0x33, 0x5B, 0x7D, 0x33,
    0x5C, 0x7D, 0x33, 0x5C, 0x7E, 0x33, 0x5D, 0x7E, 0x33, 0x5D, 0x7E, 0x33, 0x5E, 0x7E, 0x33, 0x5E,
    0x7E, 0x33, 0x5F, 0x7F, 0x33, 0x5F, 0x7F, 0x33, 0x60, 0x7F, 0x33, 0x60, 0x7F, 0x33, 0x61, 0x80,
    0x33, 0x61, 0x80, 0x33, 0x62, 0x80, 0x33, 0x62, 0x80, 0x33, 0x63, 0x81, 0x33, 0x63, 0x81, 0x33,
    0x64, 0x81, 0x33, 0x64, 0x81, 0x33, 0x65, 0x82, 0x33, 0x65, 0x82, 0x33, 0x66, 0x82, 0x33, 0x66,
    0x82, 0x33, 0x67, 0x83, 0x33, 0x67, 0x83, 0x33, 0x68, 0x83, 0x33, 0x68, 0x83, 0x33, 0x69, 0x84,
    0x33, 0x69, 0x84, 0x33, 0x6A, 0x84, 0x33, 0x6A, 0x84, 0x33, 0x6B, 0x84, 0x33, 0x6B, 0x85, 0x33,
    0x6C, 0x85, 0x33, 0x6C, 0x85, 0x33, 0x6D, 0x85, 0x33, 0x6D, 0x86, 0x33, 0x6E, 0x86, 0x33, 0x6E,
    0x86, 0x33, 0x6F, 0x86, 0x33, 0x6F, 0x60, 0x34, 0x20, 0x61, 0x34, 0x20, 0x61, 0x34, 0x21, 0x61,
    0x34, 0x21, 0x61, 0x34, 0x22, 0x62, 0x34, 0x22, 0x62, 0x34, 0x23, 0x62, 0x34, 0x23, 0x62, 0x34,
    0x24, 0x63, 0x34, 0x24, 0x63, 0x34, 0x25, 0x63, 0x34, 0x25, 0x63, 0x34, 0x26, 0x64, 0x34, 0x26,
    0x64, 0x34, 0x27, 0x64, 0x34, 0x27, 0x64, 0x34, 0x28, 0x65, 0x34, 0x28, 0x65, 0x34, 0x29, 0x65,
    0x34, 0x29, 0x65, 0x34, 0x2A, 0x66, 0x34, 0x2A, 0x66, 0x34, 0x2B, 0x66, 0x34, 0x2B, 0x66, 0x34,
    0x2C, 0x66, 0x34, 0x2C, 0x67, 0x34, 0x2D, 0x67, 0x34, 0x2D, 0x67, 0x34, 0x2E, 0x67, 0x34, 0x2E,
    0x68, 0x34, 0x2F, 0x68, 0x34, 0x2F, 0x68, 0x34, 0x30, 0x68, 0x34, 0x30, 0x69, 0x34, 0x31, 0x69,
    0x34, 0x31, 0x69, 0x34, 0x32, 0x69, 0x34, 0x32, 0x6A, 0x34, 0x33, 0x6A, 0x34, 0x33, 0x6A, 0x34,
    0x34, 0x6A, 0x34, 0x34, 0x6B, 0x34, 0x35, 0x6B, 0x34, 0x35, 0x6B, 0x34, 0x36, 0x6B, 0x34, 0x36,
    0x6C, 0x34, 0x37, 0x6C, 0x34, 0x37, 0x6C, 0x34, 0x38, 0x6C, 0x34, 0x38, 0x6C, 0x34, 0x39, 0x6D,
    0x34, 0x39, 0x6D, 0x34, 0x3A, 0x6D, 0x34, 0x3A, 0x6D, 0x34, 0x3B, 0x6E, 0x34, 0x3B, 0x6E, 0x34,
    0x3C, 0x6E, 0x34, 0x3C, 0x6E, 0x34, 0x3D, 0x6F, 0x34, 0x3D, 0x6F, 0x34, 0x3E, 0x6F, 0x34, 0x3E,
    0x6F, 0x34, 0x3F, 0x70, 0x34, 0x3F, 0x70, 0x34, 0x40, 0x70, 0x34, 0x40, 0x70, 0x34, 0x41, 0x71,
    0x34, 0x41, 0x71, 0x34, 0x42, 0x71, 0x34, 0x42, 0x71, 0x34, 0x43, 0x72, 0x34, 0x43, 0x72, 0x34,
    0x44, 0x72, 0x34, 0x44, 0x72, 0x34, 0x45, 0x72, 0x34, 0x45, 0x73, 0x34, 0x46, 0x73, 0x34, 0x46,
    0x73, 0x34, 0x47, 0x73, 0x34, 0x47, 0x74, 0x34, 0x48, 0x74, 0x34, 0x48, 0x74, 0x34, 0x49, 0x74,
    0x34, 0x49, 0x75, 0x34, 0x4A, 0x75, 0x34, 0x4A, 0x75, 0x34, 0x4B, 0x75, 0x34, 0x4B, 0x76, 0x34,
    0x4C, 0x76, 0x34, 0x4C, 0x76, 0x34, 0x4D, 0x76, 0x34, 0x4D, 0x77, 0x34, 0x4E, 0x77, 0x34, 0x4E,
    0x77, 0x34, 0x4F, 0x77, 0x34, 0x4F, 0x78, 0x34, 0x50, 0x78, 0x34, 0x50, 0x78, 0x34, 0x51, 0x78,
    0x34, 0x51, 0x78, 0x34, 0x52, 0x79, 0x34, 0x52, 0x79, 0x34, 0x53, 0x79, 0x34, 0x53, 0x79, 0x34,
    0x54, 0x7A, 0x34, 0x54, 0x7A, 0x34, 0x55, 0x7A, 0x34, 0x55, 0x7A, 0x34, 0x56, 0x7B, 0x34, 0x56,
    0x7B, 0x34, 0x57, 0x7B, 0x34, 0x57, 0x7B, 0x34, 0x58, 0x7C, 0x34, 0x58, 0x7C, 0x34, 0x59, 0x7C,
    0x34, 0x59, 0x7C, 0x34, 0x5A, 0x7D, 0x34, 0x5A, 0x7D, 0x34, 0x5B, 0x7D, 0x34, 0x5B, 0x7D, 0x34,
    0x5C, 0x7E, 0x34, 0x5C, 0x7E, 0x34, 0x5D, 0x7E, 0x34, 0x5D, 0x7E, 0x34, 0x5E, 0x7E, 0x34, 0x5E,
    0x7F, 0x34, 0x5F, 0x7F, 0x34, 0x5F, 0x7F, 0x34, 0x60, 0x7F, 0x34, 0x60, 0x80, 0x34, 0x61, 0x80,
    0x34, 0x61, 0x80, 0x34, 0x62, 0x80, 0x34, 0x62, 0x81, 0x34, 0x63, 0x81, 0x34, 0x63, 0x81, 0x34,
    0x64, 0x81, 0x34, 0x64, 0x82, 0x34, 0x65, 0x82, 0x34, 0x65, 0x82, 0x34, 0x66, 0x82, 0x34, 0x66,
    0x83, 0x34, 0x67, 0x83, 0x34, 0x67, 0x83, 0x34, 0x68, 0x83, 0x34, 0x68, 0x84, 0x34, 0x69, 0x84,
    0x34, 0x69, 0x84, 0x34, 0x6A, 0x84, 0x34, 0x6A, 0x84, 0x34, 0x6B, 0x85, 0x34, 0x6B, 0x85, 0x34,
    0x6C, 0x85, 0x34, 0x6C, 0x85, 0x34, 0x6D, 0x86, 0x34, 0x6D, 0x86, 0x34, 0x6E, 0x86, 0x34, 0x6E,
    0x86, 0x34, 0x6F, 0x87, 0x34, 0x6F, 0x61, 0x35, 0x20, 0x61, 0x35, 0x20, 0x61, 0x35, 0x21, 0x61,
    0x35, 0x21, 0x62, 0x35, 0x22, 0x62, 0x35, 0x22, 0x62, 0x35, 0x23, 0x62, 0x35, 0x23, 0x63, 0x35,
    0x24, 0x63, 0x35, 0x24, 0x63, 0x35, 0x25, 0x63, 0x35, 0x25, 0x64, 0x35, 0x26, 0x64, 0x35, 0x26,
    0x64, 0x35, 0x27, 0x64, 0x35, 0x27, 0x65, 0x35, 0x28, 0x65, 0x35, 0x28, 0x65, 0x35, 0x29, 0x65,
    0x35, 0x29, 0x66, 0x35, 0x2A, 0x66, 0x35, 0x2A, 0x66, 0x35, 0x2B, 0x66, 0x35, 0x2B, 0x66, 0x35,
    0x2C, 0x67, 0x35, 0x2C, 0x67, 0x35, 0x2D, 0x67, 0x35, 0x2D, 0x67, 0x35, 0x2E, 0x68, 0x35, 0x2E,
    0x68, 0x35, 0x2F, 0x68, 0x35, 0x2F, 0x68, 0x35, 0x30, 0x69, 0x35, 0x30, 0x69, 0x35, 0x31, 0x69,
    0x35, 0x31, 0x69, 0x35, 0x32, 0x6A, 0x35, 0x32, 0x6A, 0x35, 0x33, 0x6A, 0x35, 0x33, 0x6A, 0x35,
    0x34, 0x6B, 0x35, 0x34, 0x6B, 0x35, 0x35, 0x6B, 0x35, 0x35, 0x6B, 0x35, 0x36, 0x6C, 0x35, 0x36,
    0x6C, 0x35, 0x37, 0x6C, 0x35, 0x37, 0x6C, 0x35, 0x38, 0x6C, 0x35, 0x38, 0x6D, 0x35, 0x39, 0x6D,
    0x35, 0x39, 0x6D, 0x35, 0x3A, 0x6D, 0x35, 0x3A, 0x6E, 0x35, 0x3B, 0x6E, 0x35, 0x3B, 0x6E, 0x35,
    0x3C, 0x6E, 0x35, 0x3C, 0x6F, 0x35, 0x3D, 0x6F, 0x35, 0x3D, 0x6F, 0x35, 0x3E, 0x6F, 0x35, 0x3E,
    0x70, 0x35, 0x3F, 0x70, 0x35, 0x3F, 0x70, 0x35, 0x40, 0x70, 0x35, 0x40, 0x71, 0x35, 0x41, 0x71,
    0x35, 0x41, 0x71, 0x35, 0x42, 0x71, 0x35, 0x42, 0x72, 0x35, 0x43, 0x72, 0x35, 0x43, 0x72, 0x35,
    0x44, 0x72, 0x35, 0x44, 0x72, 0x35, 0x45, 0x73, 0x35, 0x45, 0x73, 0x35, 0x46, 0x73, 0x35, 0x46,
    0x73, 0x35, 0x47, 0x74, 0x35, 0x47, 0x74, 0x35, 0x48, 0x74, 0x35, 0x48, 0x74, 0x35, 0x49, 0x75,
    0x35, 0x49, 0x75, 0x35, 0x4A, 0x75, 0x35, 0x4A, 0x75, 0x35, 0x4B, 0x76, 0x35, 0x4B, 0x76, 0x35,
    0x4C, 0x76, 0x35, 0x4C, 0x76, 0x35, 0x4D, 0x77, 0x35, 0x4D, 0x77, 0x35, 0x4E, 0x77, 0x35, 0x4E,
    0x77, 0x35, 0x4F, 0x78, 0x35, 0x4F, 0x78, 0x35, 0x50, 0x78, 0x35, 0x50, 0x78, 0x35, 0x51, 0x78,
    0x35, 0x51, 0x79, 0x35, 0x52, 0x79, 0x35, 0x52, 0x79, 0x35, 0x53, 0x79, 0x35, 0x53, 0x7A, 0x35,
    0x54, 0x7A, 0x35, 0x54, 0x7A, 0x35, 0x55, 0x7A, 0x35, 0x55, 0x7B, 0x35, 0x56, 0x7B, 0x35, 0x56,
    0x7B, 0x35, 0x57, 0x7B, 0x35, 0x57, 0x7C, 0x35, 0x58, 0x7C, 0x35, 0x58, 0x7C, 0x35, 0x59, 0x7C,
    0x35, 0x59, 0x7D, 0x35, 0x5A, 0x7D, 0x35, 0x5A, 0x7D, 0x35, 0x5B, 0x7D, 0x35, 0x5B, 0x7E, 0x35,
    0x5C, 0x7E, 0x35, 0x5C, 0x7E, 0x35, 0x5D, 0x7E, 0x35, 0x5D, 0x7E, 0x35, 0x5E, 0x7F, 0x35, 0x5E,
    0x7F, 0x35, 0x5F, 0x7F, 0x35, 0x5F, 0x7F, 0x35, 0x60, 0x80, 0x35, 0x60, 0x80, 0x35, 0x61, 0x80,
    0x35, 0x61, 0x80, 0x35, 0x62, 0x81, 0x35, 0x62, 0x81, 0x35, 0x63, 0x81, 0x35, 0x63, 0x81, 0x35,
    0x64, 0x82, 0x35, 0x64, 0x82, 0x35, 0x65, 0x82, 0x35, 0x65, 0x82, 0x35, 0x66, 0x83, 0x35, 0x66,
    0x83, 0x35, 0x67, 0x83, 0x35, 0x67, 0x83, 0x35, 0x68, 0x84, 0x35, 0x68, 0x84, 0x35, 0x69, 0x84,
    0x35, 0x69, 0x84, 0x35, 0x6A, 0x84, 0x35, 0x6A, 0x85, 0x35, 0x6B, 0x85, 0x35, 0x6B, 0x85, 0x35,
    0x6C, 0x85, 0x35, 0x6C, 0x86, 0x35, 0x6D, 0x86, 0x35, 0x6D, 0x86, 0x35, 0x6E, 0x86, 0x35, 0x6E,
    0x87, 0x35, 0x6F, 0x87, 0x35, 0x6F, 0x61, 0x36, 0x20, 0x61, 0x36, 0x20, 0x61, 0x36, 0x21, 0x62,
    0x36, 0x21, 0x62, 0x36, 0x22, 0x62, 0x36, 0x22, 0x62, 0x36, 0x23, 0x63, 0x36, 0x23, 0x63, 0x36,
    0x24, 0x63, 0x36, 0x24, 0x63, 0x36, 0x25, 0x64, 0x36, 0x25, 0x64, 0x36, 0x26, 0x64, 0x36, 0x26,
    0x64, 0x36, 0x27, 0x65, 0x36, 0x27, 0x65, 0x36, 0x28, 0x65, 0x36, 0x28, 0x65, 0x36, 0x29, 0x66,
    0x36, 0x29, 0x66, 0x36, 0x2A, 0x66, 0x36, 0x2A, 0x66, 0x36, 0x2B, 0x66, 0x36, 0x2B, 0x67, 0x36,
    0x2C, 0x67, 0x36, 0x2C, 0x67, 0x36, 0x2D, 0x67, 0x36, 0x2D, 0x68, 0x36, 0x2E, 0x68, 0x36, 0x2E,
    0x68, 0x36, 0x2F, 0x68, 0x36, 0x2F, 0x69, 0x36, 0x30, 0x69, 0x36, 0x30, 0x69, 0x36, 0x31, 0x69,
    0x36, 0x31, 0x6A, 0x36, 0x32, 0x6A, 0x36, 0x32, 0x6A, 0x36, 0x33, 0x6A, 0x36, 0x33, 0x6B, 0x36,
    0x34, 0x6B, 0x36, 0x34, 0x6B, 0x36, 0x35, 0x6B, 0x36, 0x35, 0x6C, 0x36, 0x36, 0x6C, 0x36, 0x36,
    0x6C, 0x36, 0x37, 0x6C, 0x36, 0x37, 0x6C, 0x36, 0x38, 0x6D, 0x36, 0x38, 0x6D, 0x36, 0x39, 0x6D,
    0x36, 0x39, 0x6D, 0x36, 0x3A, 0x6E, 0x36, 0x3A, 0x6E, 0x36, 0x3B, 0x6E, 0x36, 0x3B, 0x6E, 0x36,
    0x3C, 0x6F, 0x36, 0x3C, 0x6F, 0x36, 0x3D, 0x6F, 0x36, 0x3D, 0x6F, 0x36, 0x3E, 0x70, 0x36, 0x3E,
    0x70, 0x36, 0x3F, 0x70, 0x36, 0x3F, 0x70, 0x36, 0x40, 0x71, 0x36, 0x40, 0x71, 0x36, 0x41, 0x71,
    0x36, 0x41, 0x71, 0x36, 0x42, 0x72, 0x36, 0x42, 0x72, 0x36, 0x43, 0x72, 0x36, 0x43, 0x72, 0x36,
    0x44, 0x72, 0x36, 0x44, 0x73, 0x36, 0x45, 0x73, 0x36, 0x45, 0x73, 0x36, 0x46, 0x73, 0x36, 0x46,
    0x74, 0x36, 0x47, 0x74, 0x36, 0x47, 0x74, 0x36, 0x48, 0x74, 0x36, 0x48, 0x75, 0x36, 0x49, 0x75,
    0x36, 0x49, 0x75, 0x36, 0x4A, 0x75, 0x36, 0x4A, 0x76, 0x36, 0x4B, 0x76, 0x36, 0x4B, 0x76, 0x36,
    0x4C, 0x76, 0x36, 0x4C, 0x77, 0x36, 0x4D, 0x77, 0x36, 0x4D, 0x77, 0x36, 0x4E, 0x77, 0x36, 0x4E,
    0x78, 0x36, 0x4F, 0x78, 0x36, 0x4F, 0x78, 0x36, 0x50, 0x78, 0x36, 0x50, 0x78, 0x36, 0x51, 0x79,
    0x36, 0x51, 0x79, 0x36, 0x52, 0x79, 0x36, 0x52, 0x79, 0x36, 0x53, 0x7A, 0x36, 0x53, 0x7A, 0x36,
    0x54, 0x7A, 0x36, 0x54, 0x7A, 0x36, 0x55, 0x7B, 0x36, 0x55, 0x7B, 0x36, 0x56, 0x7B, 0x36, 0x56,
    0x7B, 0x36, 0x57, 0x7C, 0x36, 0x57, 0x7C, 0x36, 0x58, 0x7C, 0x36, 0x58, 0x7C, 0x36, 0x59, 0x7D,
    0x36, 0x59, 0x7D, 0x36, 0x5A, 0x7D, 0x36, 0x5A, 0x7D, 0x36, 0x5B, 0x7E, 0x36, 0x5B, 0x7E, 0x36,
    0x5C, 0x7E, 0x36, 0x5C, 0x7E, 0x36, 0x5D, 0x7E, 0x36, 0x5D, 0x7F, 0x36, 0x5E, 0x7F, 0x36, 0x5E,
    0x7F, 0x36, 0x5F, 0x7F, 0x36, 0x5F, 0x80, 0x36, 0x60, 0x80, 0x36, 0x60, 0x80, 0x36, 0x61, 0x80,
    0x36, 0x61, 0x81, 0x36, 0x62, 0x81, 0x36, 0x62, 0x81, 0x36, 0x63, 0x81, 0x36, 0x63, 0x82, 0x36,
    0x64, 0x82, 0x36, 0x64, 0x82, 0x36, 0x65, 0x82, 0x36, 0x65, 0x83, 0x36, 0x66, 0x83, 0x36, 0x66,
    0x83, 0x36, 0x67, 0x83, 0x36, 0x67, 0x84, 0x36, 0x68, 0x84, 0x36, 0x68, 0x84, 0x36, 0x69, 0x84,
    0x36, 0x69, 0x84, 0x36, 0x6A, 0x85, 0x36, 0x6A, 0x85, 0x36, 0x6B, 0x85, 0x36, 0x6B, 0x85, 0x36,
    0x6C, 0x86, 0x36, 0x6C, 0x86, 0x36, 0x6D, 0x86, 0x36, 0x6D, 0x86, 0x36, 0x6E, 0x87, 0x36, 0x6E,
    0x87, 0x36, 0x6F, 0x87, 0x36, 0x6F, 0x61, 0x37, 0x20, 0x61, 0x37, 0x20, 0x62, 0x37, 0x21, 0x62,
    0x37, 0x21, 0x62, 0x37, 0x22, 0x62, 0x37, 0x22, 0x63, 0x37, 0x23, 0x63, 0x37, 0x23, 0x63, 0x37,
    0x24, 0x63, 0x37, 0x24, 0x64, 0x37, 0x25, 0x64, 0x37, 0x25, 0x64, 0x37, 0x26, 0x64, 0x37, 0x26,
    0x65, 0x37, 0x27, 0x65, 0x37, 0x27, 0x65, 0x37, 0x28, 0x65, 0x37, 0x28, 0x66, 0x37, 0x29, 0x66,
    0x37, 0x29, 0x66, 0x37, 0x2A, 0x66, 0x37, 0x2A, 0x66, 0x37, 0x2B, 0x67, 0x37, 0x2B, 0x67, 0x37,
    0x2C, 0x67, 0x37, 0x2C, 0x67, 0x37, 0x2D, 0x68, 0x37, 0x2D, 0x68, 0x37, 0x2E, 0x68, 0x37, 0x2E,
    0x68, 0x37, 0x2F, 0x69, 0x37, 0x2F, 0x69, 0x37, 0x30, 0x69, 0x37, 0x30, 0x69, 0x37, 0x31, 0x6A,
    0x37, 0x31, 0x6A, 0x37, 0x32, 0x6A, 0x37, 0x32, 0x6A, 0x37, 0x33, 0x6B, 0x37, 0x33, 0x6B, 0x37,
    0x34, 0x6B, 0x37, 0x34, 0x6B, 0x37, 0x35, 0x6C, 0x37, 0x35, 0x6C, 0x37, 0x36, 0x6C, 0x37, 0x36,
    0x6C, 0x37, 0x37, 0x6C, 0x37, 0x37, 0x6D, 0x37, 0x38, 0x6D, 0x37, 0x38, 0x6D, 0x37, 0x39, 0x6D,
    0x37, 0x39, 0x6E, 0x37, 0x3A, 0x6E, 0x37, 0x3A, 0x6E, 0x37, 0x3B, 0x6E, 0x37, 0x3B, 0x6F, 0x37,
    0x3C, 0x6F, 0x37, 0x3C, 0x6F, 0x37, 0x3D, 0x6F, 0x37, 0x3D, 0x70, 0x37, 0x3E, 0x70, 0x37, 0x3E,
    0x70, 0x37, 0x3F, 0x70, 0x37, 0x3F, 0x71, 0x37, 0x40, 0x71, 0x37, 0x40, 0x71, 0x37, 0x41, 0x71,
    0x37, 0x41, 0x72, 0x37, 0x42, 0x72, 0x37, 0x42, 0x72, 0x37, 0x43, 0x72, 0x37, 0x43, 0x72, 0x37,
    0x44, 0x73, 0x37, 0x44, 0x73, 0x37, 0x45, 0x73, 0x37, 0x45, 0x73, 0x37, 0x46, 0x74, 0x37, 0x46,
    0x74, 0x37, 0x47, 0x74, 0x37, 0x47, 0x74, 0x37, 0x48, 0x75, 0x37, 0x48, 0x75, 0x37, 0x49, 0x75,
    0x37, 0x49, 0x75, 0x37, 0x4A, 0x76, 0x37, 0x4A, 0x76, 0x37, 0x4B, 0x76, 0x37, 0x4B, 0x76, 0x37,
    0x4C, 0x77, 0x37, 0x4C, 0x77, 0x37, 0x4D, 0x77, 0x37, 0x4D, 0x77, 0x37, 0x4E, 0x78, 0x37, 0x4E,
    0x78, 0x37, 0x4F, 0x78, 0x37, 0x4F, 0x78, 0x37, 0x50, 0x78, 0x37, 0x50, 0x79, 0x37, 0x51, 0x79,
    0x37, 0x51, 0x79, 0x37, 0x52, 0x79, 0x37, 0x52, 0x7A, 0x37, 0x53, 0x7A, 0x37, 0x53, 0x7A, 0x37,
    0x54, 0x7A, 0x37, 0x54, 0x7B, 0x37, 0x55, 0x7B, 0x37, 0x55, 0x7B, 0x37, 0x56, 0x7B, 0x37, 0x56,
    0x7C, 0x37, 0x57, 0x7C, 0x37, 0x57, 0x7C, 0x37, 0x58, 0x7C, 0x37, 0x58, 0x7D, 0x37, 0x59, 0x7D,
    0x37, 0x59, 0x7D, 0x37, 0x5A, 0x7D, 0x37, 0x5A, 0x7E, 0x37, 0x5B, 0x7E, 0x37, 0x5B, 0x7E, 0x37,
    0x5C, 0x7E, 0x37, 0x5C, 0x7E, 0x37, 0x5D, 0x7F, 0x37, 0x5D, 0x7F, 0x37, 0x5E, 0x7F, 0x37, 0x5E,
    0x7F, 0x37, 0x5F, 0x80, 0x37, 0x5F, 0x80, 0x37, 0x60, 0x80, 0x37, 0x60, 0x80, 0x37, 0x61, 0x81,
    0x37, 0x61, 0x81, 0x37, 0x62, 0x81, 0x37, 0x62, 0x81, 0x37, 0x63, 0x82, 0x37, 0x63, 0x82, 0x37,
    0x64, 0x82, 0x37, 0x64, 0x82, 0x37, 0x65, 0x83, 0x37, 0x65, 0x83, 0x37, 0x66, 0x83, 0x37, 0x66,
    0x83, 0x37, 0x67, 0x84, 0x37, 0x67, 0x84, 0x37, 0x68, 0x84, 0x37, 0x68, 0x84, 0x37, 0x69, 0x84,
    0x37, 0x69, 0x85, 0x37, 0x6A, 0x85, 0x37, 0x6A, 0x85, 0x37, 0x6B, 0x85, 0x37, 0x6B, 0x86, 0x37,
    0x6C, 0x86, 0x37, 0x6C, 0x86, 0x37, 0x6D, 0x86, 0x37, 0x6D, 0x87, 0x37, 0x6E, 0x87, 0x37, 0x6E,
    0x87, 0x37, 0x6F, 0x87, 0x37, 0x6F, 0x61, 0x38, 0x20, 0x62, 0x38, 0x20, 0x62, 0x38, 0x21, 0x62,
    0x38, 0x21, 0x62, 0x38, 0x22, 0x63, 0x38, 0x22, 0x63, 0x38, 0x23, 0x63, 0x38, 0x23, 0x63, 0x38,
    0x24, 0x64, 0x38, 0x24, 0x64, 0x38, 0x25, 0x64, 0x38, 0x25, 0x64, 0x38, 0x26, 0x65, 0x38, 0x26,
    0x65, 0x38, 0x27, 0x65, 0x38, 0x27, 0x65, 0x38, 0x28, 0x66, 0x38, 0x28, 0x66, 0x38, 0x29, 0x66,
    0x38, 0x29, 0x66, 0x38, 0x2A, 0x66, 0x38, 0x2A, 0x67, 0x38, 0x2B, 0x67, 0x38, 0x2B, 0x67, 0x38,
    0x2C, 0x67, 0x38, 0x2C, 0x68, 0x38, 0x2D, 0x68, 0x38, 0x2D, 0x68, 0x38, 0x2E, 0x68, 0x38, 0x2E,
    0x69, 0x38, 0x2F, 0x69, 0x38, 0x2F, 0x69, 0x38, 0x30, 0x69, 0x38, 0x30, 0x6A, 0x38, 0x31, 0x6A,
    0x38, 0x31, 0x6A, 0x38, 0x32, 0x6A, 0x38, 0x32, 0x6B, 0x38, 0x33, 0x6B, 0x38, 0x33, 0x6B, 0x38,
    0x34, 0x6B, 0x38, 0x34, 0x6C, 0x38, 0x35, 0x6C, 0x38, 0x35, 0x6C, 0x38, 0x36, 0x6C, 0x38, 0x36,
    0x6C, 0x38, 0x37, 0x6D, 0x38, 0x37, 0x6D, 0x38, 0x38, 0x6D, 0x38, 0x38, 0x6D, 0x38, 0x39, 0x6E,
    0x38, 0x39, 0x6E, 0x38, 0x3A, 0x6E, 0x38, 0x3A, 0x6E, 0x38, 0x3B, 0x6F, 0x38, 0x3B, 0x6F, 0x38,
    0x3C, 0x6F, 0x38, 0x3C, 0x6F, 0x38, 0x3D, 0x70, 0x38, 0x3D, 0x70, 0x38, 0x3E, 0x70, 0x38, 0x3E,
    0x70, 0x38, 0x3F, 0x71, 0x38, 0x3F, 0x71, 0x38, 0x40, 0x71, 0x38, 0x40, 0x71, 0x38, 0x41, 0x72,
    0x38, 0x41, 0x72, 0x38, 0x42, 0x72, 0x38, 0x42, 0x72, 0x38, 0x43, 0x72, 0x38, 0x43, 0x73, 0x38,
    0x44, 0x73, 0x38, 0x44, 0x73, 0x38, 0x45, 0x73, 0x38, 0x45, 0x74, 0x38, 0x46, 0x74, 0x38, 0x46,
    0x74, 0x38, 0x47, 0x74, 0x38, 0x47, 0x75, 0x38, 0x48, 0x75, 0x38, 0x48, 0x75, 0x38, 0x49, 0x75,
    0x38, 0x49, 0x76, 0x38, 0x4A, 0x76, 0x38, 0x4A, 0x76, 0x38, 0x4B, 0x76, 0x38, 0x4B, 0x77, 0x38,
    0x4C, 0x77, 0x38, 0x4C, 0x77, 0x38, 0x4D, 0x77, 0x38, 0x4D, 0x78, 0x38, 0x4E, 0x78, 0x38, 0x4E,
    0x78, 0x38, 0x4F, 0x78, 0x38, 0x4F, 0x78, 0x38, 0x50, 0x79, 0x38, 0x50, 0x79, 0x38, 0x51, 0x79,
    0x38, 0x51, 0x79, 0x38, 0x52, 0x7A, 0x38, 0x52, 0x7A, 0x38, 0x53, 0x7A, 0x38, 0x53, 0x7A, 0x38,
    0x54, 0x7B, 0x38, 0x54, 0x7B, 0x38, 0x55, 0x7B, 0x38, 0x55, 0x7B, 0x38, 0x56, 0x7C, 0x38, 0x56,
    0x7C, 0x38, 0x57, 0x7C, 0x38, 0x57, 0x7C, 0x38, 0x58, 0x7D, 0x38, 0x58, 0x7D, 0x38, 0x59, 0x7D,
    0x38, 0x59, 0x7D, 0x38, 0x5A, 0x7E, 0x38, 0x5A, 0x7E, 0x38, 0x5B, 0x7E, 0x38, 0x5B, 0x7E, 0x38,
    0x5C, 0x7E, 0x38, 0x5C, 0x7F, 0x38, 0x5D, 0x7F, 0x38, 0x5D, 0x7F, 0x38, 0x5E, 0x7F, 0x38, 0x5E,
    0x80, 0x38, 0x5F, 0x80, 0x38, 0x5F, 0x80, 0x38, 0x60, 0x80, 0x38, 0x60, 0x81, 0x38, 0x61, 0x81,
    0x38, 0x61, 0x81, 0x38, 0x62, 0x81, 0x38, 0x62, 0x82, 0x38, 0x63, 0x82, 0x38, 0x63, 0x82, 0x38,
    0x64, 0x82, 0x38, 0x64, 0x83, 0x38, 0x65, 0x83, 0x38, 0x65, 0x83, 0x38, 0x66, 0x83, 0x38, 0x66,
    0x84, 0x38, 0x67, 0x84, 0x38, 0x67, 0x84, 0x38, 0x68, 0x84, 0x38, 0x68, 0x84, 0x38, 0x69, 0x85,
    0x38, 0x69, 0x85, 0x38, 0x6A, 0x85, 0x38, 0x6A, 0x85, 0x38, 0x6B, 0x86, 0x38, 0x6B, 0x86, 0x38,
    0x6C, 0x86, 0x38, 0x6C, 0x86, 0x38, 0x6D, 0x87, 0x38, 0x6D, 0x87, 0x38, 0x6E, 0x87, 0x38, 0x6E,
    0x87, 0x38, 0x6F, 0x88, 0x38, 0x6F, 0x62, 0x3A, 0x20, 0x62, 0x3A, 0x20, 0x62, 0x3A, 0x21, 0x62,
    0x3A, 0x21, 0x63, 0x3A, 0x22, 0x63, 0x3A, 0x22, 0x63, 0x3A, 0x23, 0x63, 0x3A, 0x23, 0x64, 0x3A,
    0x24, 0x64, 0x3A, 0x24, 0x64, 0x3A, 0x25, 0x64, 0x3A, 0x25, 0x65, 0x3A, 0x26, 0x65, 0x3A, 0x26,
    0x65, 0x3A, 0x27, 0x65, 0x3A, 0x27, 0x66, 0x3A, 0x28, 0x66, 0x3A, 0x28, 0x66, 0x3A, 0x29, 0x66,
    0x3A, 0x29, 0x66, 0x3A, 0x2A, 0x67, 0x3A, 0x2A, 0x67, 0x3A, 0x2B, 0x67, 0x3A, 0x2B, 0x67, 0x3A,
    0x2C, 0x68, 0x3A, 0x2C, 0x68, 0x3A, 0x2D, 0x68, 0x3A, 0x2D, 0x68, 0x3A, 0x2E, 0x69, 0x3A, 0x2E,
    0x69, 0x3A, 0x2F, 0x69, 0x3A, 0x2F, 0x69, 0x3A, 0x30, 0x6A, 0x3A, 0x30, 0x6A, 0x3A, 0x31, 0x6A,
    0x3A, 0x31, 0x6A, 0x3A, 0x32, 0x6B, 0x3A, 0x32, 0x6B, 0x3A, 0x33, 0x6B, 0x3A, 0x33, 0x6B, 0x3A,
    0x34, 0x6C, 0x3A, 0x34, 0x6C, 0x3A, 0x35, 0x6C, 0x3A, 0x35, 0x6C, 0x3A, 0x36, 0x6C, 0x3A, 0x36,
    0x6D, 0x3A, 0x37, 0x6D, 0x3A, 0x37, 0x6D, 0x3A, 0x38, 0x6D, 0x3A, 0x38, 0x6E, 0x3A, 0x39, 0x6E,
    0x3A, 0x39, 0x6E, 0x3A, 0x3A, 0x6E, 0x3A, 0x3A, 0x6F, 0x3A, 0x3B, 0x6F, 0x3A, 0x3B, 0x6F, 0x3A,
    0x3C, 0x6F, 0x3A, 0x3C, 0x70, 0x3A, 0x3D, 0x70, 0x3A, 0x3D, 0x70, 0x3A, 0x3E, 0x70, 0x3A, 0x3E,
    0x71, 0x3A, 0x3F, 0x71, 0x3A, 0x3F, 0x71, 0x3A, 0x40, 0x71, 0x3A, 0x40, 0x72, 0x3A, 0x41, 0x72,
    0x3A, 0x41, 0x72, 0x3A, 0x42, 0x72, 0x3A, 0x42, 0x72, 0x3A, 0x43, 0x73, 0x3A, 0x43, 0x73, 0x3A,
    0x44, 0x73, 0x3A, 0x44, 0x73, 0x3A, 0x45, 0x74, 0x3A, 0x45, 0x74, 0x3A, 0x46, 0x74, 0x3A, 0x46,
    0x74, 0x3A, 0x47, 0x75, 0x3A, 0x47, 0x75, 0x3A, 0x48, 0x75, 0x3A, 0x48, 0x75, 0x3A, 0x49, 0x76,
    0x3A, 0x49, 0x76, 0x3A, 0x4A, 0x76, 0x3A, 0x4A, 0x76, 0x3A, 0x4B, 0x77, 0x3A, 0x4B, 0x77, 0x3A,
    0x4C, 0x77, 0x3A, 0x4C, 0x77, 0x3A, 0x4D, 0x78, 0x3A, 0x4D, 0x78, 0x3A, 0x4E, 0x78, 0x3A, 0x4E,
    0x78, 0x3A, 0x4F, 0x78, 0x3A, 0x4F, 0x79, 0x3A, 0x50, 0x79, 0x3A, 0x50, 0x79, 0x3A, 0x51, 0x79,
    0x3A, 0x51, 0x7A, 0x3A, 0x52, 0x7A, 0x3A, 0x52, 0x7A, 0x3A, 0x53, 0x7A, 0x3A, 0x53, 0x7B, 0x3A,
    0x54, 0x7B, 0x3A, 0x54, 0x7B, 0x3A, 0x55, 0x7B, 0x3A, 0x55, 0x7C, 0x3A, 0x56, 0x7C, 0x3A, 0x56,
    0x7C, 0x3A, 0x57, 0x7C, 0x3A, 0x57, 0x7D, 0x3A, 0x58, 0x7D, 0x3A, 0x58, 0x7D, 0x3A, 0x59, 0x7D,
    0x3A, 0x59, 0x7E, 0x3A, 0x5A, 0x7E, 0x3A, 0x5A, 0x7E, 0x3A, 0x5B, 0x7E, 0x3A, 0x5B, 0x7E, 0x3A,
    0x5C, 0x7F, 0x3A, 0x5C, 0x7F, 0x3A, 0x5D, 0x7F, 0x3A, 0x5D, 0x7F, 0x3A, 0x5E, 0x80, 0x3A, 0x5E,
    0x80, 0x3A, 0x5F, 0x80, 0x3A, 0x5F, 0x80, 0x3A, 0x60, 0x81, 0x3A, 0x60, 0x81, 0x3A, 0x61, 0x81,
    0x3A, 0x61, 0x81, 0x3A, 0x62, 0x82, 0x3A, 0x62, 0x82, 0x3A, 0x63, 0x82, 0x3A, 0x63, 0x82, 0x3A,
    0x64, 0x83, 0x3A, 0x64, 0x83, 0x3A, 0x65, 0x83, 0x3A, 0x65, 0x83, 0x3A, 0x66, 0x84, 0x3A, 0x66,
    0x84, 0x3A, 0x67, 0x84, 0x3A, 0x67, 0x84, 0x3A, 0x68, 0x84, 0x3A, 0x68, 0x85, 0x3A, 0x69, 0x85,
    0x3A, 0x69, 0x85, 0x3A, 0x6A, 0x85, 0x3A, 0x6A, 0x86, 0x3A, 0x6B, 0x86, 0x3A, 0x6B, 0x86, 0x3A,
    0x6C, 0x86, 0x3A, 0x6C, 0x87, 0x3A, 0x6D, 0x87, 0x3A, 0x6D, 0x87, 0x3A, 0x6E, 0x87, 0x3A, 0x6E,
    0x88, 0x3A, 0x6F, 0x88, 0x3A, 0x6F, 0x62, 0x3B, 0x20, 0x62, 0x3B, 0x20, 0x62, 0x3B, 0x21, 0x63,
    0x3B, 0x21, 0x63, 0x3B, 0x22, 0x63, 0x3B, 0x22, 0x63, 0x3B, 0x23, 0x64, 0x3B, 0x23, 0x64, 0x3B,
    0x24, 0x64, 0x3B, 0x24, 0x64, 0x3B, 0x25, 0x65, 0x3B, 0x25, 0x65, 0x3B, 0x26, 0x65, 0x3B, 0x26,
    0x65, 0x3B, 0x27, 0x66, 0x3B, 0x27, 0x66, 0x3B, 0x28, 0x66, 0x3B, 0x28, 0x66, 0x3B, 0x29, 0x66,
    0x3B, 0x29, 0x67, 0x3B, 0x2A, 0x67, 0x3B, 0x2A, 0x67, 0x3B, 0x2B, 0x67, 0x3B, 0x2B, 0x68, 0x3B,
    0x2C, 0x68, 0x3B, 0x2C, 0x68, 0x3B, 0x2D, 0x68, 0x3B, 0x2D, 0x69, 0x3B, 0x2E, 0x69, 0x3B, 0x2E,
    0x69, 0x3B, 0x2F, 0x69, 0x3B, 0x2F, 0x6A, 0x3B, 0x30, 0x6A, 0x3B, 0x30, 0x6A, 0x3B, 0x31, 0x6A,
    0x3B, 0x31, 0x6B, 0x3B, 0x32, 0x6B, 0x3B, 0x32, 0x6B, 0x3B, 0x33, 0x6B, 0x3B, 0x33, 0x6C, 0x3B,
    0x34, 0x6C, 0x3B, 0x34, 0x6C, 0x3B, 0x35, 0x6C, 0x3B, 0x35, 0x6C, 0x3B, 0x36, 0x6D, 0x3B, 0x36,
    0x6D, 0x3B, 0x37, 0x6D, 0x3B, 0x37, 0x6D, 0x3B, 0x38, 0x6E, 0x3B, 0x38, 0x6E, 0x3B, 0x39, 0x6E,
    0x3B, 0x39, 0x6E, 0x3B, 0x3A, 0x6F, 0x3B, 0x3A, 0x6F, 0x3B, 0x3B, 0x6F, 0x3B, 0x3B, 0x6F, 0x3B,
    0x3C, 0x70, 0x3B, 0x3C, 0x70, 0x3B, 0x3D, 0x70, 0x3B, 0x3D, 0x70, 0x3B, 0x3E, 0x71, 0x3B, 0x3E,
    0x71, 0x3B, 0x3F, 0x71, 0x3B, 0x3F, 0x71, 0x3B, 0x40, 0x72, 0x3B, 0x40, 0x72, 0x3B, 0x41, 0x72,
    0x3B, 0x41, 0x72, 0x3B, 0x42, 0x72, 0x3B, 0x42, 0x73, 0x3B, 0x43, 0x73, 0x3B, 0x43, 0x73, 0x3B,
    0x44, 0x73, 0x3B, 0x44, 0x74, 0x3B, 0x45, 0x74, 0x3B, 0x45, 0x74, 0x3B, 0x46, 0x74, 0x3B, 0x46,
    0x75, 0x3B, 0x47, 0x75, 0x3B, 0x47, 0x75, 0x3B, 0x48, 0x75, 0x3B, 0x48, 0x76, 0x3B, 0x49, 0x76,
    0x3B, 0x49, 0x76, 0x3B, 0x4A, 0x76, 0x3B, 0x4A, 0x77, 0x3B, 0x4B, 0x77, 0x3B, 0x4B, 0x77, 0x3B,
    0x4C, 0x77, 0x3B, 0x4C, 0x78, 0x3B, 0x4D, 0x78, 0x3B, 0x4D, 0x78, 0x3B, 0x4E, 0x78, 0x3B, 0x4E,
    0x78, 0x3B, 0x4F, 0x79, 0x3B, 0x4F, 0x79, 0x3B, 0x50, 0x79, 0x3B, 0x50, 0x79, 0x3B, 0x51, 0x7A,
    0x3B, 0x51, 0x7A, 0x3B, 0x52, 0x7A, 0x3B, 0x52, 0x7A, 0x3B, 0x53, 0x7B, 0x3B, 0x53, 0x7B, 0x3B,
    0x54, 0x7B, 0x3B, 0x54, 0x7B, 0x3B, 0x55, 0x7C, 0x3B, 0x55, 0x7C, 0x3B, 0x56, 0x7C, 0x3B, 0x56,
    0x7C, 0x3B, 0x57, 0x7D, 0x3B, 0x57, 0x7D, 0x3B, 0x58, 0x7D, 0x3B, 0x58, 0x7D, 0x3B, 0x59, 0x7E,
    0x3B, 0x59, 0x7E, 0x3B, 0x5A, 0x7E, 0x3B, 0x5A, 0x7E, 0x3B, 0x5B, 0x7E, 0x3B, 0x5B, 0x7F, 0x3B,
    0x5C, 0x7F, 0x3B, 0x5C, 0x7F, 0x3B, 0x5D, 0x7F, 0x3B, 0x5D, 0x80, 0x3B, 0x5E, 0x80, 0x3B, 0x5E,
    0x80, 0x3B, 0x5F, 0x80, 0x3B, 0x5F, 0x81, 0x3B, 0x60, 0x81, 0x3B, 0x60, 0x81, 0x3B, 0x61, 0x81,
    0x3B, 0x61, 0x82, 0x3B, 0x62, 0x82, 0x3B, 0x62, 0x82, 0x3B, 0x63, 0x82, 0x3B, 0x63, 0x83, 0x3B,
    0x64, 0x83, 0x3B, 0x64, 0x83, 0x3B, 0x65, 0x83, 0x3B, 0x65, 0x84, 0x3B, 0x66, 0x84, 0x3B, 0x66,
    0x84, 0x3B, 0x67, 0x84, 0x3B, 0x67, 0x84, 0x3B, 0x68, 0x85, 0x3B, 0x68, 0x85, 0x3B, 0x69, 0x85,
    0x3B, 0x69, 0x85, 0x3B, 0x6A, 0x86, 0x3B, 0x6A, 0x86, 0x3B, 0x6B, 0x86, 0x3B, 0x6B, 0x86, 0x3B,
    0x6C, 0x87, 0x3B, 0x6C, 0x87, 0x3B, 0x6D, 0x87, 0x3B, 0x6D, 0x87, 0x3B, 0x6E, 0x88, 0x3B, 0x6E,
    0x88, 0x3B, 0x6F, 0x88, 0x3B, 0x6F, 0x62, 0x3C, 0x20, 0x62, 0x3C, 0x20, 0x63, 0x3C, 0x21, 0x63,
    0x3C, 0x21, 0x63, 0x3C, 0x22, 0x63, 0x3C, 0x22, 0x64, 0x3C, 0x23, 0x64, 0x3C, 0x23, 0x64, 0x3C,
    0x24, 0x64, 0x3C, 0x24, 0x65, 0x3C, 0x25, 0x65, 0x3C, 0x25, 0x65, 0x3C, 0x26, 0x65, 0x3C, 0x26,
    0x66, 0x3C, 0x27, 0x66, 0x3C, 0x27, 0x66, 0x3C, 0x28, 0x66, 0x3C, 0x28, 0x66, 0x3C, 0x29, 0x67,
    0x3C, 0x29, 0x67, 0x3C, 0x2A, 0x67, 0x3C, 0x2A, 0x67, 0x3C, 0x2B, 0x68, 0x3C, 0x2B, 0x68, 0x3C,
    0x2C, 0x68, 0x3C, 0x2C, 0x68, 0x3C, 0x2D, 0x69, 0x3C, 0x2D, 0x69, 0x3C, 0x2E, 0x69, 0x3C, 0x2E,
    0x69, 0x3C, 0x2F, 0x6A, 0x3C, 0x2F, 0x6A, 0x3C, 0x30, 0x6A, 0x3C, 0x30, 0x6A, 0x3C, 0x31, 0x6B,
    0x3C, 0x31, 0x6B, 0x3C, 0x32, 0x6B, 0x3C, 0x32, 0x6B, 0x3C, 0x33, 0x6C, 0x3C, 0x33, 0x6C, 0x3C,
    0x34, 0x6C, 0x3C, 0x34, 0x6C, 0x3C, 0x35, 0x6C, 0x3C, 0x35, 0x6D, 0x3C, 0x36, 0x6D, 0x3C, 0x36,
    0x6D, 0x3C, 0x37, 0x6D, 0x3C, 0x37, 0x6E, 0x3C, 0x38, 0x6E, 0x3C, 0x38, 0x6E, 0x3C, 0x39, 0x6E,
    0x3C, 0x39, 0x6F, 0x3C, 0x3A, 0x6F, 0x3C, 0x3A, 0x6F, 0x3C, 0x3B, 0x6F, 0x3C, 0x3B, 0x70, 0x3C,
    0x3C, 0x70, 0x3C, 0x3C, 0x70, 0x3C, 0x3D, 0x70, 0x3C, 0x3D, 0x71, 0x3C, 0x3E, 0x71, 0x3C, 0x3E,
    0x71, 0x3C, 0x3F, 0x71, 0x3C, 0x3F, 0x72, 0x3C, 0x40, 0x72, 0x3C, 0x40, 0x72, 0x3C, 0x41, 0x72,
    0x3C, 0x41, 0x72, 0x3C, 0x42, 0x73, 0x3C, 0x42, 0x73, 0x3C, 0x43, 0x73, 0x3C, 0x43, 0x73, 0x3C,
    0x44, 0x74, 0x3C, 0x44, 0x74, 0x3C, 0x45, 0x74, 0x3C, 0x45, 0x74, 0x3C, 0x46, 0x75, 0x3C, 0x46,
    0x75, 0x3C, 0x47, 0x75, 0x3C, 0x47, 0x75, 0x3C, 0x48, 0x76, 0x3C, 0x48, 0x76, 0x3C, 0x49, 0x76,
    0x3C, 0x49, 0x76, 0x3C, 0x4A, 0x77, 0x3C, 0x4A, 0x77, 0x3C, 0x4B, 0x77, 0x3C, 0x4B, 0x77, 0x3C,
    0x4C, 0x78, 0x3C, 0x4C, 0x78, 0x3C, 0x4D, 0x78, 0x3C, 0x4D, 0x78, 0x3C, 0x4E, 0x78, 0x3C, 0x4E,
    0x79, 0x3C, 0x4F, 0x79, 0x3C, 0x4F, 0x79, 0x3C, 0x50, 0x79, 0x3C, 0x50, 0x7A, 0x3C, 0x51, 0x7A,
    0x3C, 0x51, 0x7A, 0x3C, 0x52, 0x7A, 0x3C, 0x52, 0x7B, 0x3C, 0x53, 0x7B, 0x3C, 0x53, 0x7B, 0x3C,
    0x54, 0x7B, 0x3C, 0x54, 0x7C, 0x3C, 0x55, 0x7C, 0x3C, 0x55, 0x7C, 0x3C, 0x56, 0x7C, 0x3C, 0x56,
    0x7D, 0x3C, 0x57, 0x7D, 0x3C, 0x57, 0x7D, 0x3C, 0x58, 0x7D, 0x3C, 0x58, 0x7E, 0x3C, 0x59, 0x7E,
    0x3C, 0x59, 0x7E, 0x3C, 0x5A, 0x7E, 0x3C, 0x5A, 0x7E, 0x3C, 0x5B, 0x7F, 0x3C, 0x5B, 0x7F, 0x3C,
    0x5C, 0x7F, 0x3C, 0x5C, 0x7F, 0x3C, 0x5D, 0x80, 0x3C, 0x5D, 0x80, 0x3C, 0x5E, 0x80, 0x3C, 0x5E,
    0x80, 0x3C, 0x5F, 0x81, 0x3C, 0x5F, 0x81, 0x3C, 0x60, 0x81, 0x3C, 0x60, 0x81, 0x3C, 0x61, 0x82,
    0x3C, 0x61, 0x82, 0x3C, 0x62, 0x82, 0x3C, 0x62, 0x82, 0x3C, 0x63, 0x83, 0x3C, 0x63, 0x83, 0x3C,
    0x64, 0x83, 0x3C, 0x64, 0x83, 0x3C, 0x65, 0x84, 0x3C, 0x65, 0x84, 0x3C, 0x66, 0x84, 0x3C, 0x66,
    0x84, 0x3C, 0x67, 0x84, 0x3C, 0x67, 0x85, 0x3C, 0x68, 0x85, 0x3C, 0x68, 0x85, 0x3C, 0x69, 0x85,
    0x3C, 0x69, 0x86, 0x3C, 0x6A, 0x86, 0x3C, 0x6A, 0x86, 0x3C, 0x6B, 0x86, 0x3C, 0x6B, 0x87, 0x3C,
    0x6C, 0x87, 0x3C, 0x6C, 0x87, 0x3C, 0x6D, 0x87, 0x3C, 0x6D, 0x88, 0x3C, 0x6E, 0x88, 0x3C, 0x6E,
    0x88, 0x3C, 0x6F, 0x88, 0x3C, 0x6F, 0x62, 0x3D, 0x20, 0x63, 0x3D, 0x20, 0x63, 0x3D, 0x21, 0x63,
    0x3D, 0x21, 0x63, 0x3D, 0x22, 0x64, 0x3D, 0x22, 0x64, 0x3D, 0x23, 0x64, 0x3D, 0x23, 0x64, 0x3D,
    0x24, 0x65, 0x3D, 0x24, 0x65, 0x3D, 0x25, 0x65, 0x3D, 0x25, 0x65, 0x3D, 0x26, 0x66, 0x3D, 0x26,
    0x66, 0x3D, 0x27, 0x66, 0x3D, 0x27, 0x66, 0x3D, 0x28, 0x66, 0x3D, 0x28, 0x67, 0x3D, 0x29, 0x67,
    0x3D, 0x29, 0x67, 0x3D, 0x2A, 0x67, 0x3D, 0x2A, 0x68, 0x3D, 0x2B, 0x68, 0x3D, 0x2B, 0x68, 0x3D,
    0x2C, 0x68, 0x3D, 0x2C, 0x69, 0x3D, 0x2D, 0x69, 0x3D, 0x2D, 0x69, 0x3D, 0x2E, 0x69, 0x3D, 0x2E,
    0x6A, 0x3D, 0x2F, 0x6A, 0x3D, 0x2F, 0x6A, 0x3D, 0x30, 0x6A, 0x3D, 0x30, 0x6B, 0x3D, 0x31, 0x6B,
    0x3D, 0x31, 0x6B, 0x3D, 0x32, 0x6B, 0x3D, 0x32, 0x6C, 0x3D, 0x33, 0x6C, 0x3D, 0x33, 0x6C, 0x3D,
    0x34, 0x6C, 0x3D, 0x34, 0x6C, 0x3D, 0x35, 0x6D, 0x3D, 0x35, 0x6D, 0x3D, 0x36, 0x6D, 0x3D, 0x36,
    0x6D, 0x3D, 0x37, 0x6E, 0x3D, 0x37, 0x6E, 0x3D, 0x38, 0x6E, 0x3D, 0x38, 0x6E, 0x3D, 0x39, 0x6F,
    0x3D, 0x39, 0x6F, 0x3D, 0x3A, 0x6F, 0x3D, 0x3A, 0x6F, 0x3D, 0x3B, 0x70, 0x3D, 0x3B, 0x70, 0x3D,
    0x3C, 0x70, 0x3D, 0x3C, 0x70, 0x3D, 0x3D, 0x71, 0x3D, 0x3D, 0x71, 0x3D, 0x3E, 0x71, 0x3D, 0x3E,
    0x71, 0x3D, 0x3F, 0x72, 0x3D, 0x3F, 0x72, 0x3D, 0x40, 0x72, 0x3D, 0x40, 0x72, 0x3D, 0x41, 0x72,
    0x3D, 0x41, 0x73, 0x3D, 0x42, 0x73, 0x3D, 0x42, 0x73, 0x3D, 0x43, 0x73, 0x3D, 0x43, 0x74, 0x3D,
    0x44, 0x74, 0x3D, 0x44, 0x74, 0x3D, 0x45, 0x74, 0x3D, 0x45, 0x75, 0x3D, 0x46, 0x75, 0x3D, 0x46,
    0x75, 0x3D, 0x47, 0x75, 0x3D, 0x47, 0x76, 0x3D, 0x48, 0x76, 0x3D, 0x48, 0x76, 0x3D, 0x49, 0x76,
    0x3D, 0x49, 0x77, 0x3D, 0x4A, 0x77, 0x3D, 0x4A, 0x77, 0x3D, 0x4B, 0x77, 0x3D, 0x4B, 0x78, 0x3D,
    0x4C, 0x78, 0x3D, 0x4C, 0x78, 0x3D, 0x4D, 0x78, 0x3D, 0x4D, 0x78, 0x3D, 0x4E, 0x79, 0x3D, 0x4E,
    0x79, 0x3D, 0x4F, 0x79, 0x3D, 0x4F, 0x79, 0x3D, 0x50, 0x7A, 0x3D, 0x50, 0x7A, 0x3D, 0x51, 0x7A,
    0x3D, 0x51, 0x7A, 0x3D, 0x52, 0x7B, 0x3D, 0x52, 0x7B, 0x3D, 0x53, 0x7B, 0x3D, 0x53, 0x7B, 0x3D,
    0x54, 0x7C, 0x3D, 0x54, 0x7C, 0x3D, 0x55, 0x7C, 0x3D, 0x55, 0x7C, 0x3D, 0x56, 0x7D, 0x3D, 0x56,
    0x7D, 0x3D, 0x57, 0x7D, 0x3D, 0x57, 0x7D, 0x3D, 0x58, 0x7E, 0x3D, 0x58, 0x7E, 0x3D, 0x59, 0x7E,
    0x3D, 0x59, 0x7E, 0x3D, 0x5A, 0x7E, 0x3D, 0x5A, 0x7F, 0x3D, 0x5B, 0x7F, 0x3D, 0x5B, 0x7F, 0x3D,
    0x5C, 0x7F, 0x3D, 0x5C, 0x80, 0x3D, 0x5D, 0x80, 0x3D, 0x5D, 0x80, 0x3D, 0x5E, 0x80, 0x3D, 0x5E,
    0x81, 0x3D, 0x5F, 0x81, 0x3D, 0x5F, 0x81, 0x3D, 0x60, 0x81, 0x3D, 0x60, 0x82, 0x3D, 0x61, 0x82,
    0x3D, 0x61, 0x82, 0x3D, 0x62, 0x82, 0x3D, 0x62, 0x83, 0x3D, 0x63, 0x83, 0x3D, 0x63, 0x83, 0x3D,
    0x64, 0x83, 0x3D, 0x64, 0x84, 0x3D, 0x65, 0x84, 0x3D, 0x65, 0x84, 0x3D, 0x66, 0x84, 0x3D, 0x66,
    0x84, 0x3D, 0x67, 0x85, 0x3D, 0x67, 0x85, 0x3D, 0x68, 0x85, 0x3D, 0x68, 0x85, 0x3D, 0x69, 0x86,
    0x3D, 0x69, 0x86, 0x3D, 0x6A, 0x86, 0x3D, 0x6A, 0x86, 0x3D, 0x6B, 0x87, 0x3D, 0x6B, 0x87, 0x3D,
    0x6C, 0x87, 0x3D, 0x6C, 0x87, 0x3D, 0x6D, 0x88, 0x3D, 0x6D, 0x88, 0x3D, 0x6E, 0x88, 0x3D, 0x6E,
    0x88, 0x3D, 0x6F, 0x89, 0x3D, 0x6F, 0x63, 0x3E, 0x20, 0x63, 0x3E, 0x20, 0x63, 0x3E, 0x21, 0x63,
    0x3E, 0x21, 0x64, 0x3E, 0x22, 0x64, 0x3E, 0x22, 0x64, 0x3E, 0x23, 0x64, 0x3E, 0x23, 0x65, 0x3E,
    0x24, 0x65, 0x3E, 0x24, 0x65, 0x3E, 0x25, 0x65, 0x3E, 0x25, 0x66, 0x3E, 0x26, 0x66, 0x3E, 0x26,
    0x66, 0x3E, 0x27, 0x66, 0x3E, 0x27, 0x66, 0x3E, 0x28, 0x67, 0x3E, 0x28, 0x67, 0x3E, 0x29, 0x67,
    0x3E, 0x29, 0x67, 0x3E, 0x2A, 0x68, 0x3E, 0x2A, 0x68, 0x3E, 0x2B, 0x68, 0x3E, 0x2B, 0x68, 0x3E,
    0x2C, 0x69, 0x3E, 0x2C, 0x69, 0x3E, 0x2D, 0x69, 0x3E, 0x2D, 0x69, 0x3E, 0x2E, 0x6A, 0x3E, 0x2E,
    0x6A, 0x3E, 0x2F, 0x6A, 0x3E, 0x2F, 0x6A, 0x3E, 0x30, 0x6B, 0x3E, 0x30, 0x6B, 0x3E, 0x31, 0x6B,
    0x3E, 0x31, 0x6B, 0x3E, 0x32, 0x6C, 0x3E, 0x32, 0x6C, 0x3E, 0x33, 0x6C, 0x3E, 0x33, 0x6C, 0x3E,
    0x34, 0x6C, 0x3E, 0x34, 0x6D, 0x3E, 0x35, 0x6D, 0x3E, 0x35, 0x6D, 0x3E, 0x36, 0x6D, 0x3E, 0x36,
    0x6E, 0x3E, 0x37, 0x6E, 0x3E, 0x37, 0x6E, 0x3E, 0x38, 0x6E, 0x3E, 0x38, 0x6F, 0x3E, 0x39, 0x6F,
    0x3E, 0x39, 0x6F, 0x3E, 0x3A, 0x6F, 0x3E, 0x3A, 0x70, 0x3E, 0x3B, 0x70, 0x3E, 0x3B, 0x70, 0x3E,
    0x3C, 0x70, 0x3E, 0x3C, 0x71, 0x3E, 0x3D, 0x71, 0x3E, 0x3D, 0x71, 0x3E, 0x3E, 0x71, 0x3E, 0x3E,
    0x72, 0x3E, 0x3F, 0x72, 0x3E, 0x3F, 0x72, 0x3E, 0x40, 0x72, 0x3E, 0x40, 0x72, 0x3E, 0x41, 0x73,
    0x3E, 0x41, 0x73, 0x3E, 0x42, 0x73, 0x3E, 0x42, 0x73, 0x3E, 0x43, 0x74, 0x3E, 0x43, 0x74, 0x3E,
    0x44, 0x74, 0x3E, 0x44, 0x74, 0x3E, 0x45, 0x75, 0x3E, 0x45, 0x75, 0x3E, 0x46, 0x75, 0x3E, 0x46,
    0x75, 0x3E, 0x47, 0x76, 0x3E, 0x47, 0x76, 0x3E, 0x48, 0x76, 0x3E, 0x48, 0x76, 0x3E, 0x49, 0x77,
    0x3E, 0x49, 0x77, 0x3E, 0x4A, 0x77, 0x3E, 0x4A, 0x77, 0x3E, 0x4B, 0x78, 0x3E, 0x4B, 0x78, 0x3E,
    0x4C, 0x78, 0x3E, 0x4C, 0x78, 0x3E, 0x4D, 0x78, 0x3E, 0x4D, 0x79, 0x3E, 0x4E, 0x79, 0x3E, 0x4E,
    0x79, 0x3E, 0x4F, 0x79, 0x3E, 0x4F, 0x7A, 0x3E, 0x50, 0x7A, 0x3E, 0x50, 0x7A, 0x3E, 0x51, 0x7A,
    0x3E, 0x51, 0x7B, 0x3E, 0x52, 0x7B, 0x3E, 0x52, 0x7B, 0x3E, 0x53, 0x7B, 0x3E, 0x53, 0x7C, 0x3E,
    0x54, 0x7C, 0x3E, 0x54, 0x7C, 0x3E, 0x55, 0x7C, 0x3E, 0x55, 0x7D, 0x3E, 0x56, 0x7D, 0x3E, 0x56,
    0x7D, 0x3E, 0x57, 0x7D, 0x3E, 0x57, 0x7E, 0x3E, 0x58, 0x7E, 0x3E, 0x58, 0x7E, 0x3E, 0x59, 0x7E,
    0x3E, 0x59, 0x7E, 0x3E, 0x5A, 0x7F, 0x3E, 0x5A, 0x7F, 0x3E, 0x5B, 0x7F, 0x3E, 0x5B, 0x7F, 0x3E,
    0x5C, 0x80, 0x3E, 0x5C, 0x80, 0x3E, 0x5D, 0x80, 0x3E, 0x5D, 0x80, 0x3E, 0x5E, 0x81, 0x3E, 0x5E,
    0x81, 0x3E, 0x5F, 0x81, 0x3E, 0x5F, 0x81, 0x3E, 0x60, 0x82, 0x3E, 0x60, 0x82, 0x3E, 0x61, 0x82,
    0x3E, 0x61, 0x82, 0x3E, 0x62, 0x83, 0x3E, 0x62, 0x83, 0x3E, 0x63, 0x83, 0x3E, 0x63, 0x83, 0x3E,
    0x64, 0x84, 0x3E, 0x64, 0x84, 0x3E, 0x65, 0x84, 0x3E, 0x65, 0x84, 0x3E, 0x66, 0x84, 0x3E, 0x66,
    0x85, 0x3E, 0x67, 0x85, 0x3E, 0x67, 0x85, 0x3E, 0x68, 0x85, 0x3E, 0x68, 0x86, 0x3E, 0x69, 0x86,
    0x3E, 0x69, 0x86, 0x3E, 0x6A, 0x86, 0x3E, 0x6A, 0x87, 0x3E, 0x6B, 0x87, 0x3E, 0x6B, 0x87, 0x3E,
    0x6C, 0x87, 0x3E, 0x6C, 0x88, 0x3E, 0x6D, 0x88, 0x3E, 0x6D, 0x88, 0x3E, 0x6E, 0x88, 0x3E, 0x6E,
    0x89, 0x3E, 0x6F, 0x89, 0x3E, 0x6F, 0x63, 0x3F, 0x20, 0x63, 0x3F, 0x20, 0x63, 0x3F, 0x21, 0x64,
    0x3F, 0x21, 0x64, 0x3F, 0x22, 0x64, 0x3F, 0x22, 0x64, 0x3F, 0x23, 0x65, 0x3F, 0x23, 0x65, 0x3F,
    0x24, 0x65, 0x3F, 0x24, 0x65, 0x3F, 0x25, 0x66, 0x3F, 0x25, 0x66, 0x3F, 0x26, 0x66, 0x3F, 0x26,
    0x66, 0x3F, 0x27, 0x66, 0x3F, 0x27, 0x67, 0x3F, 0x28, 0x67, 0x3F, 0x28, 0x67, 0x3F, 0x29, 0x67,
    0x3F, 0x29, 0x68, 0x3F, 0x2A, 0x68, 0x3F, 0x2A, 0x68, 0x3F, 0x2B, 0x68, 0x3F, 0x2B, 0x69, 0x3F,
    0x2C, 0x69, 0x3F, 0x2C, 0x69, 0x3F, 0x2D, 0x69, 0x3F, 0x2D, 0x6A, 0x3F, 0x2E, 0x6A, 0x3F, 0x2E,
    0x6A, 0x3F, 0x2F, 0x6A, 0x3F, 0x2F, 0x6B, 0x3F, 0x30, 0x6B, 0x3F, 0x30, 0x6B, 0x3F, 0x31, 0x6B,
    0x3F, 0x31, 0x6C, 0x3F, 0x32, 0x6C, 0x3F, 0x32, 0x6C, 0x3F, 0x33, 0x6C, 0x3F, 0x33, 0x6C, 0x3F,
    0x34, 0x6D, 0x3F, 0x34, 0x6D, 0x3F, 0x35, 0x6D, 0x3F, 0x35, 0x6D, 0x3F, 0x36, 0x6E, 0x3F, 0x36,
    0x6E, 0x3F, 0x37, 0x6E, 0x3F, 0x37, 0x6E, 0x3F, 0x38, 0x6F, 0x3F, 0x38, 0x6F, 0x3F, 0x39, 0x6F,
    0x3F, 0x39, 0x6F, 0x3F, 0x3A, 0x70, 0x3F, 0x3A, 0x70, 0x3F, 0x3B, 0x70, 0x3F, 0x3B, 0x70, 0x3F,
    0x3C, 0x71, 0x3F, 0x3C, 0x71, 0x3F, 0x3D, 0x71, 0x3F, 0x3D, 0x71, 0x3F, 0x3E, 0x72, 0x3F, 0x3E,
    0x72, 0x3F, 0x3F, 0x72, 0x3F, 0x3F, 0x72, 0x3F, 0x40, 0x72, 0x3F, 0x40, 0x73, 0x3F, 0x41, 0x73,
    0x3F, 0x41, 0x73, 0x3F, 0x42, 0x73, 0x3F, 0x42, 0x74, 0x3F, 0x43, 0x74, 0x3F, 0x43, 0x74, 0x3F,
    0x44, 0x74, 0x3F, 0x44, 0x75, 0x3F, 0x45, 0x75, 0x3F, 0x45, 0x75, 0x3F, 0x46, 0x75, 0x3F, 0x46,
    0x76, 0x3F, 0x47, 0x76, 0x3F, 0x47, 0x76, 0x3F, 0x48, 0x76, 0x3F, 0x48, 0x77, 0x3F, 0x49, 0x77,
    0x3F, 0x49, 0x77, 0x3F, 0x4A, 0x77, 0x3F, 0x4A, 0x78, 0x3F, 0x4B, 0x78, 0x3F, 0x4B, 0x78, 0x3F,
    0x4C, 0x78, 0x3F, 0x4C, 0x78, 0x3F, 0x4D, 0x79, 0x3F, 0x4D, 0x79, 0x3F, 0x4E, 0x79, 0x3F, 0x4E,
    0x79, 0x3F, 0x4F, 0x7A, 0x3F, 0x4F, 0x7A, 0x3F, 0x50, 0x7A, 0x3F, 0x50, 0x7A, 0x3F, 0x51, 0x7B,
    0x3F, 0x51, 0x7B, 0x3F, 0x52, 0x7B, 0x3F, 0x52, 0x7B, 0x3F, 0x53, 0x7C, 0x3F, 0x53, 0x7C, 0x3F,
    0x54, 0x7C, 0x3F, 0x54, 0x7C, 0x3F, 0x55, 0x7D, 0x3F, 0x55, 0x7D, 0x3F, 0x56, 0x7D, 0x3F, 0x56,
    0x7D, 0x3F, 0x57, 0x7E, 0x3F, 0x57, 0x7E, 0x3F, 0x58, 0x7E, 0x3F, 0x58, 0x7E, 0x3F, 0x59, 0x7E,
    0x3F, 0x59, 0x7F, 0x3F, 0x5A, 0x7F, 0x3F, 0x5A, 0x7F, 0x3F, 0x5B, 0x7F, 0x3F, 0x5B, 0x80, 0x3F,
    0x5C, 0x80, 0x3F, 0x5C, 0x80, 0x3F, 0x5D, 0x80, 0x3F, 0x5D, 0x81, 0x3F, 0x5E, 0x81, 0x3F, 0x5E,
    0x81, 0x3F, 0x5F, 0x81, 0x3F, 0x5F, 0x82, 0x3F, 0x60, 0x82, 0x3F, 0x60, 0x82, 0x3F, 0x61, 0x82,
    0x3F, 0x61, 0x83, 0x3F, 0x62, 0x83, 0x3F, 0x62, 0x83, 0x3F, 0x63, 0x83, 0x3F, 0x63, 0x84, 0x3F,
    0x64, 0x84, 0x3F, 0x64, 0x84, 0x3F, 0x65, 0x84, 0x3F, 0x65, 0x84, 0x3F, 0x66, 0x85, 0x3F, 0x66,
    0x85, 0x3F, 0x67, 0x85, 0x3F, 0x67, 0x85, 0x3F, 0x68, 0x86, 0x3F, 0x68, 0x86, 0x3F, 0x69, 0x86,
    0x3F, 0x69, 0x86, 0x3F, 0x6A, 0x87, 0x3F, 0x6A, 0x87, 0x3F, 0x6B, 0x87, 0x3F, 0x6B, 0x87, 0x3F,
    0x6C, 0x88, 0x3F, 0x6C, 0x88, 0x3F, 0x6D, 0x88, 0x3F, 0x6D, 0x88, 0x3F, 0x6E, 0x89, 0x3F, 0x6E,
    0x89, 0x3F, 0x6F, 0x89, 0x3F, 0x6F, 0x63, 0x40, 0x20, 0x63, 0x40, 0x20, 0x64, 0x40, 0x21, 0x64,
    0x40, 0x21, 0x64, 0x40, 0x22, 0x64, 0x40, 0x22, 0x65, 0x40, 0x23, 0x65, 0x40, 0x23, 0x65, 0x40,
    0x24, 0x65, 0x40, 0x24, 0x66, 0x40, 0x25, 0x66, 0x40, 0x25, 0x66, 0x40, 0x26, 0x66, 0x40, 0x26,
    0x66, 0x40, 0x27, 0x67, 0x40, 0x27, 0x67, 0x40, 0x28, 0x67, 0x40, 0x28, 0x67, 0x40, 0x29, 0x68,
    0x40, 0x29, 0x68, 0x40, 0x2A, 0x68, 0x40, 0x2A, 0x68, 0x40, 0x2B, 0x69, 0x40, 0x2B, 0x69, 0x40,
    0x2C, 0x69, 0x40, 0x2C, 0x69, 0x40, 0x2D, 0x6A, 0x40, 0x2D, 0x6A, 0x40, 0x2E, 0x6A, 0x40, 0x2E,
    0x6A, 0x40, 0x2F, 0x6B, 0x40, 0x2F, 0x6B, 0x40, 0x30, 0x6B, 0x40, 0x30, 0x6B, 0x40, 0x31, 0x6C,
    0x40, 0x31, 0x6C, 0x40, 0x32, 0x6C, 0x40, 0x32, 0x6C, 0x40, 0x33, 0x6C, 0x40, 0x33, 0x6D, 0x40,
    0x34, 0x6D, 0x40, 0x34, 0x6D, 0x40, 0x35, 0x6D, 0x40, 0x35, 0x6E, 0x40, 0x36, 0x6E, 0x40, 0x36,
    0x6E, 0x40, 0x37, 0x6E, 0x40, 0x37, 0x6F, 0x40, 0x38, 0x6F, 0x40, 0x38, 0x6F, 0x40, 0x39, 0x6F,
    0x40, 0x39, 0x70, 0x40, 0x3A, 0x70, 0x40, 0x3A, 0x70, 0x40, 0x3B, 0x70, 0x40, 0x3B, 0x71, 0x40,
    0x3C, 0x71, 0x40, 0x3C, 0x71, 0x40, 0x3D, 0x71, 0x40, 0x3D, 0x72, 0x40, 0x3E, 0x72, 0x40, 0x3E,
    0x72, 0x40, 0x3F, 0x72, 0x40, 0x3F, 0x72, 0x40, 0x40, 0x73, 0x40, 0x40, 0x73, 0x40, 0x41, 0x73,
    0x40, 0x41, 0x73, 0x40, 0x42, 0x74, 0x40, 0x42, 0x74, 0x40, 0x43, 0x74, 0x40, 0x43, 0x74, 0x40,
    0x44, 0x75, 0x40, 0x44, 0x75, 0x40, 0x45, 0x75, 0x40, 0x45, 0x75, 0x40, 0x46, 0x76, 0x40, 0x46,
    0x76, 0x40, 0x47, 0x76, 0x40, 0x47, 0x76, 0x40, 0x48, 0x77, 0x40, 0x48, 0x77, 0x40, 0x49, 0x77,
    0x40, 0x49, 0x77, 0x40, 0x4A, 0x78, 0x40, 0x4A, 0x78, 0x40, 0x4B, 0x78, 0x40, 0x4B, 0x78, 0x40,
    0x4C, 0x78, 0x40, 0x4C, 0x79, 0x40, 0x4D, 0x79, 0x40, 0x4D, 0x79, 0x40, 0x4E, 0x79, 0x40, 0x4E,
    0x7A, 0x40, 0x4F, 0x7A, 0x40, 0x4F, 0x7A, 0x40, 0x50, 0x7A, 0x40, 0x50, 0x7B, 0x40, 0x51, 0x7B,
    0x40, 0x51, 0x7B, 0x40, 0x52, 0x7B, 0x40, 0x52, 0x7C, 0x40, 0x53, 0x7C, 0x40, 0x53, 0x7C, 0x40,
    0x54, 0x7C, 0x40, 0x54, 0x7D, 0x40, 0x55, 0x7D, 0x40, 0x55, 0x7D, 0x40, 0x56, 0x7D, 0x40, 0x56,
    0x7E, 0x40, 0x57, 0x7E, 0x40, 0x57, 0x7E, 0x40, 0x58, 0x7E, 0x40, 0x58, 0x7E, 0x40, 0x59, 0x7F,
    0x40, 0x59, 0x7F, 0x40, 0x5A, 0x7F, 0x40, 0x5A, 0x7F, 0x40, 0x5B, 0x80, 0x40, 0x5B, 0x80, 0x40,
    0x5C, 0x80, 0x40, 0x5C, 0x80, 0x40, 0x5D, 0x81, 0x40, 0x5D, 0x81, 0x40, 0x5E, 0x81, 0x40, 0x5E,
    0x81, 0x40, 0x5F, 0x82, 0x40, 0x5F, 0x82, 0x40, 0x60, 0x82, 0x40, 0x60, 0x82, 0x40, 0x61, 0x83,
    0x40, 0x61, 0x83, 0x40, 0x62, 0x83, 0x40, 0x62, 0x83, 0x40, 0x63, 0x84, 0x40, 0x63, 0x84, 0x40,
    0x64, 0x84, 0x40, 0x64, 0x84, 0x40, 0x65, 0x84, 0x40, 0x65, 0x85, 0x40, 0x66, 0x85, 0x40, 0x66,
    0x85, 0x40, 0x67, 0x85, 0x40, 0x67, 0x86, 0x40, 0x68, 0x86, 0x40, 0x68, 0x86, 0x40, 0x69, 0x86,
    0x40, 0x69, 0x87, 0x40, 0x6A, 0x87, 0x40, 0x6A, 0x87, 0x40, 0x6B, 0x87, 0x40, 0x6B, 0x88, 0x40,
    0x6C, 0x88, 0x40, 0x6C, 0x88, 0x40, 0x6D, 0x88, 0x40, 0x6D, 0x89, 0x40, 0x6E, 0x89, 0x40, 0x6E,
    0x89, 0x40, 0x6F, 0x89, 0x40, 0x6F, 0x63, 0x41, 0x20, 0x64, 0x41, 0x20, 0x64, 0x41, 0x21, 0x64,
    0x41, 0x21, 0x64, 0x41, 0x22, 0x65, 0x41, 0x22, 0x65, 0x41, 0x23, 0x65, 0x41, 0x23, 0x65, 0x41,
    0x24, 0x66, 0x41, 0x24, 0x66, 0x41, 0x25, 0x66, 0x41, 0x25, 0x66, 0x41, 0x26, 0x66, 0x41, 0x26,
    0x67, 0x41, 0x27, 0x67, 0x41, 0x27, 0x67, 0x41, 0x28, 0x67, 0x41, 0x28, 0x68, 0x41, 0x29, 0x68,
    0x41, 0x29, 0x68, 0x41, 0x2A, 0x68, 0x41, 0x2A, 0x69, 0x41, 0x2B, 0x69, 0x41, 0x2B, 0x69, 0x41,
    0x2C, 0x69, 0x41, 0x2C, 0x6A, 0x41, 0x2D, 0x6A, 0x41, 0x2D, 0x6A, 0x41, 0x2E, 0x6A, 0x41, 0x2E,
    0x6B, 0x41, 0x2F, 0x6B, 0x41, 0x2F, 0x6B, 0x41, 0x30, 0x6B, 0x41, 0x30, 0x6C, 0x41, 0x31, 0x6C,
    0x41, 0x31, 0x6C, 0x41, 0x32, 0x6C, 0x41, 0x32, 0x6C, 0x41, 0x33, 0x6D, 0x41, 0x33, 0x6D, 0x41,
    0x34, 0x6D, 0x41, 0x34, 0x6D, 0x41, 0x35, 0x6E, 0x41, 0x35, 0x6E, 0x41, 0x36, 0x6E, 0x41, 0x36,
    0x6E, 0x41, 0x37, 0x6F, 0x41, 0x37, 0x6F, 0x41, 0x38, 0x6F, 0x41, 0x38, 0x6F, 0x41, 0x39, 0x70,
    0x41, 0x39, 0x70, 0x41, 0x3A, 0x70, 0x41, 0x3A, 0x70, 0x41, 0x3B, 0x71, 0x41, 0x3B, 0x71, 0x41,
    0x3C, 0x71, 0x41, 0x3C, 0x71, 0x41, 0x3D, 0x72, 0x41, 0x3D, 0x72, 0x41, 0x3E, 0x72, 0x41, 0x3E,
    0x72, 0x41, 0x3F, 0x72, 0x41, 0x3F, 0x73, 0x41, 0x40, 0x73, 0x41, 0x40, 0x73, 0x41, 0x41, 0x73,
    0x41, 0x41, 0x74, 0x41, 0x42, 0x74, 0x41, 0x42, 0x74, 0x41, 0x43, 0x74, 0x41, 0x43, 0x75, 0x41,
    0x44, 0x75, 0x41, 0x44, 0x75, 0x41, 0x45, 0x75, 0x41, 0x45, 0x76, 0x41, 0x46, 0x76, 0x41, 0x46,
    0x76, 0x41, 0x47, 0x76, 0x41, 0x47, 0x77, 0x41, 0x48, 0x77, 0x41, 0x48, 0x77, 0x41, 0x49, 0x77,
    0x41, 0x49, 0x78, 0x41, 0x4A, 0x78, 0x41, 0x4A, 0x78, 0x41, 0x4B, 0x78, 0x41, 0x4B, 0x78, 0x41,
    0x4C, 0x79, 0x41, 0x4C, 0x79, 0x41, 0x4D, 0x79, 0x41, 0x4D, 0x79, 0x41, 0x4E, 0x7A, 0x41, 0x4E,
    0x7A, 0x41, 0x4F, 0x7A, 0x41, 0x4F, 0x7A, 0x41, 0x50, 0x7B, 0x41, 0x50, 0x7B, 0x41, 0x51, 0x7B,
    0x41, 0x51, 0x7B, 0x41, 0x52, 0x7C, 0x41, 0x52, 0x7C, 0x41, 0x53, 0x7C, 0x41, 0x53, 0x7C, 0x41,
    0x54, 0x7D, 0x41, 0x54, 0x7D, 0x41, 0x55, 0x7D, 0x41, 0x55, 0x7D, 0x41, 0x56, 0x7E, 0x41, 0x56,
    0x7E, 0x41, 0x57, 0x7E, 0x41, 0x57, 0x7E, 0x41, 0x58, 0x7E, 0x41, 0x58, 0x7F, 0x41, 0x59, 0x7F,
    0x41, 0x59, 0x7F, 0x41, 0x5A, 0x7F, 0x41, 0x5A, 0x80, 0x41, 0x5B, 0x80, 0x41, 0x5B, 0x80, 0x41,
    0x5C, 0x80, 0x41, 0x5C, 0x81, 0x41, 0x5D, 0x81, 0x41, 0x5D, 0x81, 0x41, 0x5E, 0x81, 0x41, 0x5E,
    0x82, 0x41, 0x5F, 0x82, 0x41, 0x5F, 0x82, 0x41, 0x60, 0x82, 0x41, 0x60, 0x83, 0x41, 0x61, 0x83,
    0x41, 0x61, 0x83, 0x41, 0x62, 0x83, 0x41, 0x62, 0x84, 0x41, 0x63, 0x84, 0x41, 0x63, 0x84, 0x41,
    0x64, 0x84, 0x41, 0x64, 0x84, 0x41, 0x65, 0x85, 0x41, 0x65, 0x85, 0x41, 0x66, 0x85, 0x41, 0x66,
    0x85, 0x41, 0x67, 0x86, 0x41, 0x67, 0x86, 0x41, 0x68, 0x86, 0x41, 0x68, 0x86, 0x41, 0x69, 0x87,
    0x41, 0x69, 0x87, 0x41, 0x6A, 0x87, 0x41, 0x6A, 0x87, 0x41, 0x6B, 0x88, 0x41, 0x6B, 0x88, 0x41,
    0x6C, 0x88, 0x41, 0x6C, 0x88, 0x41, 0x6D, 0x89, 0x41, 0x6D, 0x89, 0x41, 0x6E, 0x89, 0x41, 0x6E,
    0x89, 0x41, 0x6F, 0x8A, 0x41, 0x6F, 0x64, 0x42, 0x20, 0x64, 0x42, 0x20, 0x64, 0x42, 0x21, 0x64,
    0x42, 0x21, 0x65, 0x42, 0x22, 0x65, 0x42, 0x22, 0x65, 0x42, 0x23, 0x65, 0x42, 0x23, 0x66, 0x42,
    0x24, 0x66, 0x42, 0x24, 0x66, 0x42, 0x25, 0x66, 0x42, 0x25, 0x66, 0x42, 0x26, 0x67, 0x42, 0x26,
    0x67, 0x42, 0x27, 0x67, 0x42, 0x27, 0x67, 0x42, 0x28, 0x68, 0x42, 0x28, 0x68, 0x42, 0x29, 0x68,
    0x42, 0x29, 0x68, 0x42, 0x2A, 0x69, 0x42, 0x2A, 0x69, 0x42, 0x2B, 0x69, 0x42, 0x2B, 0x69, 0x42,
    0x2C, 0x6A, 0x42, 0x2C, 0x6A, 0x42, 0x2D, 0x6A, 0x42, 0x2D, 0x6A, 0x42, 0x2E, 0x6B, 0x42, 0x2E,
    0x6B, 0x42, 0x2F, 0x6B, 0x42, 0x2F, 0x6B, 0x42, 0x30, 0x6C, 0x42, 0x30, 0x6C, 0x42, 0x31, 0x6C,
    0x42, 0x31, 0x6C, 0x42, 0x32, 0x6C, 0x42, 0x32, 0x6D, 0x42, 0x33, 0x6D, 0x42, 0x33, 0x6D, 0x42,
    0x34, 0x6D, 0x42, 0x34, 0x6E, 0x42, 0x35, 0x6E, 0x42, 0x35, 0x6E, 0x42, 0x36, 0x6E, 0x42, 0x36,
    0x6F, 0x42, 0x37, 0x6F, 0x42, 0x37, 0x6F, 0x42, 0x38, 0x6F, 0x42, 0x38, 0x70, 0x42, 0x39, 0x70,
    0x42, 0x39, 0x70, 0x42, 0x3A, 0x70, 0x42, 0x3A, 0x71, 0x42, 0x3B, 0x71, 0x42, 0x3B, 0x71, 0x42,
    0x3C, 0x71, 0x42, 0x3C, 0x72, 0x42, 0x3D, 0x72, 0x42, 0x3D, 0x72, 0x42, 0x3E, 0x72, 0x42, 0x3E,
    0x72, 0x42, 0x3F, 0x73, 0x42, 0x3F, 0x73, 0x42, 0x40, 0x73, 0x42, 0x40, 0x73, 0x42, 0x41, 0x74,
    0x42, 0x41, 0x74, 0x42, 0x42, 0x74, 0x42, 0x42, 0x74, 0x42, 0x43, 0x75, 0x42, 0x43, 0x75, 0x42,
    0x44, 0x75, 0x42, 0x44, 0x75, 0x42, 0x45, 0x76, 0x42, 0x45, 0x76, 0x42, 0x46, 0x76, 0x42, 0x46,
    0x76, 0x42, 0x47, 0x77, 0x42, 0x47, 0x77, 0x42, 0x48, 0x77, 0x42, 0x48, 0x77, 0x42, 0x49, 0x78,
    0x42, 0x49, 0x78, 0x42, 0x4A, 0x78, 0x42, 0x4A, 0x78, 0x42, 0x4B, 0x78, 0x42, 0x4B, 0x79, 0x42,
    0x4C, 0x79, 0x42, 0x4C, 0x79, 0x42, 0x4D, 0x79, 0x42, 0x4D, 0x7A, 0x42, 0x4E, 0x7A, 0x42, 0x4E,
    0x7A, 0x42, 0x4F, 0x7A, 0x42, 0x4F, 0x7B, 0x42, 0x50, 0x7B, 0x42, 0x50, 0x7B, 0x42, 0x51, 0x7B,
    0x42, 0x51, 0x7C, 0x42, 0x52, 0x7C, 0x42, 0x52, 0x7C, 0x42, 0x53, 0x7C, 0x42, 0x53, 0x7D, 0x42,
    0x54, 0x7D, 0x42, 0x54, 0x7D, 0x42, 0x55, 0x7D, 0x42, 0x55, 0x7E, 0x42, 0x56, 0x7E, 0x42, 0x56,
    0x7E, 0x42, 0x57, 0x7E, 0x42, 0x57, 0x7E, 0x42, 0x58, 0x7F, 0x42, 0x58, 0x7F, 0x42, 0x59, 0x7F,
    0x42, 0x59, 0x7F, 0x42, 0x5A, 0x80, 0x42, 0x5A, 0x80, 0x42, 0x5B, 0x80, 0x42, 0x5B, 0x80, 0x42,
    0x5C, 0x81, 0x42, 0x5C, 0x81, 0x42, 0x5D, 0x81, 0x42, 0x5D, 0x81, 0x42, 0x5E, 0x82, 0x42, 0x5E,
    0x82, 0x42, 0x5F, 0x82, 0x42, 0x5F, 0x82, 0x42, 0x60, 0x83, 0x42, 0x60, 0x83, 0x42, 0x61, 0x83,
    0x42, 0x61, 0x83, 0x42, 0x62, 0x84, 0x42, 0x62, 0x84, 0x42, 0x63, 0x84, 0x42, 0x63, 0x84, 0x42,
    0x64, 0x84, 0x42, 0x64, 0x85, 0x42, 0x65, 0x85, 0x42, 0x65, 0x85, 0x42, 0x66, 0x85, 0x42, 0x66,
    0x86, 0x42, 0x67, 0x86, 0x42, 0x67, 0x86, 0x42, 0x68, 0x86, 0x42, 0x68, 0x87, 0x42, 0x69, 0x87,
    0x42, 0x69, 0x87, 0x42, 0x6A, 0x87, 0x42, 0x6A, 0x88, 0x42, 0x6B, 0x88, 0x42, 0x6B, 0x88, 0x42,
    0x6C, 0x88, 0x42, 0x6C, 0x89, 0x42, 0x6D, 0x89, 0x42, 0x6D, 0x89, 0x42, 0x6E, 0x89, 0x42, 0x6E,
    0x8A, 0x42, 0x6F, 0x8A, 0x42, 0x6F, 0x64, 0x44, 0x20, 0x64, 0x44, 0x20, 0x64, 0x44, 0x21, 0x65,
    0x44, 0x21, 0x65, 0x44, 0x22, 0x65, 0x44, 0x22, 0x65, 0x44, 0x23, 0x66, 0x44, 0x23, 0x66, 0x44,
    0x24, 0x66, 0x44, 0x24, 0x66, 0x44, 0x25, 0x66, 0x44, 0x25, 0x67, 0x44, 0x26, 0x67, 0x44, 0x26,
    0x67, 0x44, 0x27, 0x67, 0x44, 0x27, 0x68, 0x44, 0x28, 0x68, 0x44, 0x28, 0x68, 0x44, 0x29, 0x68,
    0x44, 0x29, 0x69, 0x44, 0x2A, 0x69, 0x44, 0x2A, 0x69, 0x44, 0x2B, 0x69, 0x44, 0x2B, 0x6A, 0x44,
    0x2C, 0x6A, 0x44, 0x2C, 0x6A, 0x44, 0x2D, 0x6A, 0x44, 0x2D, 0x6B, 0x44, 0x2E, 0x6B, 0x44, 0x2E,
    0x6B, 0x44, 0x2F, 0x6B, 0x44, 0x2F, 0x6C, 0x44, 0x30, 0x6C, 0x44, 0x30, 0x6C, 0x44, 0x31, 0x6C,
    0x44, 0x31, 0x6C, 0x44, 0x32, 0x6D, 0x44, 0x32, 0x6D, 0x44, 0x33, 0x6D, 0x44, 0x33, 0x6D, 0x44,
    0x34, 0x6E, 0x44, 0x34, 0x6E, 0x44, 0x35, 0x6E, 0x44, 0x35, 0x6E, 0x44, 0x36, 0x6F, 0x44, 0x36,
    0x6F, 0x44, 0x37, 0x6F, 0x44, 0x37, 0x6F, 0x44, 0x38, 0x70, 0x44, 0x38, 0x70, 0x44, 0x39, 0x70,
    0x44, 0x39, 0x70, 0x44, 0x3A, 0x71, 0x44, 0x3A, 0x71, 0x44, 0x3B, 0x71, 0x44, 0x3B, 0x71, 0x44,
    0x3C, 0x72, 0x44, 0x3C, 0x72, 0x44, 0x3D, 0x72, 0x44, 0x3D, 0x72, 0x44, 0x3E, 0x72, 0x44, 0x3E,
    0x73, 0x44, 0x3F, 0x73, 0x44, 0x3F, 0x73, 0x44, 0x40, 0x73, 0x44, 0x40, 0x74, 0x44, 0x41, 0x74,
    0x44, 0x41, 0x74, 0x44, 0x42, 0x74, 0x44, 0x42, 0x75, 0x44, 0x43, 0x75, 0x44, 0x43, 0x75, 0x44,
    0x44, 0x75, 0x44, 0x44, 0x76, 0x44, 0x45, 0x76, 0x44, 0x45, 0x76, 0x44, 0x46, 0x76, 0x44, 0x46,
    0x77, 0x44, 0x47, 0x77, 0x44, 0x47, 0x77, 0x44, 0x48, 0x77, 0x44, 0x48, 0x78, 0x44, 0x49, 0x78,
    0x44, 0x49, 0x78, 0x44, 0x4A, 0x78, 0x44, 0x4A, 0x78, 0x44, 0x4B, 0x79, 0x44, 0x4B, 0x79, 0x44,
    0x4C, 0x79, 0x44, 0x4C, 0x79, 0x44, 0x4D, 0x7A, 0x44, 0x4D, 0x7A, 0x44, 0x4E, 0x7A, 0x44, 0x4E,
    0x7A, 0x44, 0x4F, 0x7B, 0x44, 0x4F, 0x7B, 0x44, 0x50, 0x7B, 0x44, 0x50, 0x7B, 0x44, 0x51, 0x7C,
    0x44, 0x51, 0x7C, 0x44, 0x52, 0x7C, 0x44, 0x52, 0x7C, 0x44, 0x53, 0x7D, 0x44, 0x53, 0x7D, 0x44,
    0x54, 0x7D, 0x44, 0x54, 0x7D, 0x44, 0x55, 0x7E, 0x44, 0x55, 0x7E, 0x44, 0x56, 0x7E, 0x44, 0x56,
    0x7E, 0x44, 0x57, 0x7E, 0x44, 0x57, 0x7F, 0x44, 0x58, 0x7F, 0x44, 0x58, 0x7F, 0x44, 0x59, 0x7F,
    0x44, 0x59, 0x80, 0x44, 0x5A, 0x80, 0x44, 0x5A, 0x80, 0x44, 0x5B, 0x80, 0x44, 0x5B, 0x81, 0x44,
    0x5C, 0x81, 0x44, 0x5C, 0x81, 0x44, 0x5D, 0x81, 0x44, 0x5D, 0x82, 0x44, 0x5E, 0x82, 0x44, 0x5E,
    0x82, 0x44, 0x5F, 0x82, 0x44, 0x5F, 0x83, 0x44, 0x60, 0x83, 0x44, 0x60, 0x83, 0x44, 0x61, 0x83,
    0x44, 0x61, 0x84, 0x44, 0x62, 0x84, 0x44, 0x62, 0x84, 0x44, 0x63, 0x84, 0x44, 0x63, 0x84, 0x44,
    0x64, 0x85, 0x44, 0x64, 0x85, 0x44, 0x65, 0x85, 0x44, 0x65, 0x85, 0x44, 0x66, 0x86, 0x44, 0x66,
    0x86, 0x44, 0x67, 0x86, 0x44, 0x67, 0x86, 0x44, 0x68, 0x87, 0x44, 0x68, 0x87, 0x44, 0x69, 0x87,
    0x44, 0x69, 0x87, 0x44, 0x6A, 0x88, 0x44, 0x6A, 0x88, 0x44, 0x6B, 0x88, 0x44, 0x6B, 0x88, 0x44,
    0x6C, 0x89, 0x44, 0x6C, 0x89, 0x44, 0x6D, 0x89, 0x44, 0x6D, 0x89, 0x44, 0x6E, 0x8A, 0x44, 0x6E,
    0x8A, 0x44, 0x6F, 0x8A, 0x44, 0x6F, 0x64, 0x45, 0x20, 0x64, 0x45, 0x20, 0x65, 0x45, 0x21, 0x65,
    0x45, 0x21, 0x65, 0x45, 0x22, 0x65, 0x45, 0x22, 0x66, 0x45, 0x23, 0x66, 0x45, 0x23, 0x66, 0x45,
    0x24, 0x66, 0x45, 0x24, 0x66, 0x45, 0x25, 0x67, 0x45, 0x25, 0x67, 0x45, 0x26, 0x67, 0x45, 0x26,
    0x67, 0x45, 0x27, 0x68, 0x45, 0x27, 0x68, 0x45, 0x28, 0x68, 0x45, 0x28, 0x68, 0x45, 0x29, 0x69,
    0x45, 0x29, 0x69, 0x45, 0x2A, 0x69, 0x45, 0x2A, 0x69, 0x45, 0x2B, 0x6A, 0x45, 0x2B, 0x6A, 0x45,
    0x2C, 0x6A, 0x45, 0x2C, 0x6A, 0x45, 0x2D, 0x6B, 0x45, 0x2D, 0x6B, 0x45, 0x2E, 0x6B, 0x45, 0x2E,
    0x6B, 0x45, 0x2F, 0x6C, 0x45, 0x2F, 0x6C, 0x45, 0x30, 0x6C, 0x45, 0x30, 0x6C, 0x45, 0x31, 0x6C,
    0x45, 0x31, 0x6D, 0x45, 0x32, 0x6D, 0x45, 0x32, 0x6D, 0x45, 0x33, 0x6D, 0x45, 0x33, 0x6E, 0x45,
    0x34, 0x6E, 0x45, 0x34, 0x6E, 0x45, 0x35, 0x6E, 0x45, 0x35, 0x6F, 0x45, 0x36, 0x6F, 0x45, 0x36,
    0x6F, 0x45, 0x37, 0x6F, 0x45, 0x37, 0x70, 0x45, 0x38, 0x70, 0x45, 0x38, 0x70, 0x45, 0x39, 0x70,
    0x45, 0x39, 0x71, 0x45, 0x3A, 0x71, 0x45, 0x3A, 0x71, 0x45, 0x3B, 0x71, 0x45, 0x3B, 0x72, 0x45,
    0x3C, 0x72, 0x45, 0x3C, 0x72, 0x45, 0x3D, 0x72, 0x45, 0x3D, 0x72, 0x45, 0x3E, 0x73, 0x45, 0x3E,
    0x73, 0x45, 0x3F, 0x73, 0x45, 0x3F, 0x73, 0x45, 0x40, 0x74, 0x45, 0x40, 0x74, 0x45, 0x41, 0x74,
    0x45, 0x41, 0x74, 0x45, 0x42, 0x75, 0x45, 0x42, 0x75, 0x45, 0x43, 0x75, 0x45, 0x43, 0x75, 0x45,
    0x44, 0x76, 0x45, 0x44, 0x76, 0x45, 0x45, 0x76, 0x45, 0x45, 0x76, 0x45, 0x46, 0x77, 0x45, 0x46,
    0x77, 0x45, 0x47, 0x77, 0x45, 0x47, 0x77, 0x45, 0x48, 0x78, 0x45, 0x48, 0x78, 0x45, 0x49, 0x78,
    0x45, 0x49, 0x78, 0x45, 0x4A, 0x78, 0x45, 0x4A, 0x79, 0x45, 0x4B, 0x79, 0x45, 0x4B, 0x79, 0x45,
    0x4C, 0x79, 0x45, 0x4C, 0x7A, 0x45, 0x4D, 0x7A, 0x45, 0x4D, 0x7A, 0x45, 0x4E, 0x7A, 0x45, 0x4E,
    0x7B, 0x45, 0x4F, 0x7B, 0x45, 0x4F, 0x7B, 0x45, 0x50, 0x7B, 0x45, 0x50, 0x7C, 0x45, 0x51, 0x7C,
    0x45, 0x51, 0x7C, 0x45, 0x52, 0x7C, 0x45, 0x52, 0x7D, 0x45, 0x53, 0x7D, 0x45, 0x53, 0x7D, 0x45,
    0x54, 0x7D, 0x45, 0x54, 0x7E, 0x45, 0x55, 0x7E, 0x45, 0x55, 0x7E, 0x45, 0x56, 0x7E, 0x45, 0x56,
    0x7E, 0x45, 0x57, 0x7F, 0x45, 0x57, 0x7F, 0x45, 0x58, 0x7F, 0x45, 0x58, 0x7F, 0x45, 0x59, 0x80,
    0x45, 0x59, 0x80, 0x45, 0x5A, 0x80, 0x45, 0x5A, 0x80, 0x45, 0x5B, 0x81, 0x45, 0x5B, 0x81, 0x45,
    0x5C, 0x81, 0x45, 0x5C, 0x81, 0x45, 0x5D, 0x82, 0x45, 0x5D, 0x82, 0x45, 0x5E, 0x82, 0x45, 0x5E,
    0x82, 0x45, 0x5F, 0x83, 0x45, 0x5F, 0x83, 0x45, 0x60, 0x83, 0x45, 0x60, 0x83, 0x45, 0x61, 0x84,
    0x45, 0x61, 0x84, 0x45, 0x62, 0x84, 0x45, 0x62, 0x84, 0x45, 0x63, 0x84, 0x45, 0x63, 0x85, 0x45,
    0x64, 0x85, 0x45, 0x64, 0x85, 0x45, 0x65, 0x85, 0x45, 0x65, 0x86, 0x45, 0x66, 0x86, 0x45, 0x66,
    0x86, 0x45, 0x67, 0x86, 0x45, 0x67, 0x87, 0x45, 0x68, 0x87, 0x45, 0x68, 0x87, 0x45, 0x69, 0x87,
    0x45, 0x69, 0x88, 0x45, 0x6A, 0x88, 0x45, 0x6A, 0x88, 0x45, 0x6B, 0x88, 0x45, 0x6B, 0x89, 0x45,
    0x6C, 0x89, 0x45, 0x6C, 0x89, 0x45, 0x6D, 0x89, 0x45, 0x6D, 0x8A, 0x45, 0x6E, 0x8A, 0x45, 0x6E,
    0x8A, 0x45, 0x6F, 0x8A, 0x45, 0x6F, 0x64, 0x46, 0x20, 0x65, 0x46, 0x20, 0x65, 0x46, 0x21, 0x65,
    0x46, 0x21, 0x65, 0x46, 0x22, 0x66, 0x46, 0x22, 0x66, 0x46, 0x23, 0x66, 0x46, 0x23, 0x66, 0x46,
    0x24, 0x66, 0x46, 0x24, 0x67, 0x46, 0x25, 0x67, 0x46, 0x25, 0x67, 0x46, 0x26, 0x67, 0x46, 0x26,
    0x68, 0x46, 0x27, 0x68, 0x46, 0x27, 0x68, 0x46, 0x28, 0x68, 0x46, 0x28, 0x69, 0x46, 0x29, 0x69,
    0x46, 0x29, 0x69, 0x46, 0x2A, 0x69, 0x46, 0x2A, 0x6A, 0x46, 0x2B, 0x6A, 0x46, 0x2B, 0x6A, 0x46,
    0x2C, 0x6A, 0x46, 0x2C, 0x6B, 0x46, 0x2D, 0x6B, 0x46, 0x2D, 0x6B, 0x46, 0x2E, 0x6B, 0x46, 0x2E,
    0x6C, 0x46, 0x2F, 0x6C, 0x46, 0x2F, 0x6C, 0x46, 0x30, 0x6C, 0x46, 0x30, 0x6C, 0x46, 0x31, 0x6D,
    0x46, 0x31, 0x6D, 0x46, 0x32, 0x6D, 0x46, 0x32, 0x6D, 0x46, 0x33, 0x6E, 0x46, 0x33, 0x6E, 0x46,
    0x34, 0x6E, 0x46, 0x34, 0x6E, 0x46, 0x35, 0x6F, 0x46, 0x35, 0x6F, 0x46, 0x36, 0x6F, 0x46, 0x36,
    0x6F, 0x46, 0x37, 0x70, 0x46, 0x37, 0x70, 0x46, 0x38, 0x70, 0x46, 0x38, 0x70, 0x46, 0x39, 0x71,
    0x46, 0x39, 0x71, 0x46, 0x3A, 0x71, 0x46, 0x3A, 0x71, 0x46, 0x3B, 0x72, 0x46, 0x3B, 0x72, 0x46,
    0x3C, 0x72, 0x46, 0x3C, 0x72, 0x46, 0x3D, 0x72, 0x46, 0x3D, 0x73, 0x46, 0x3E, 0x73, 0x46, 0x3E,
    0x73, 0x46, 0x3F, 0x73, 0x46, 0x3F, 0x74, 0x46, 0x40, 0x74, 0x46, 0x40, 0x74, 0x46, 0x41, 0x74,
    0x46, 0x41, 0x75, 0x46, 0x42, 0x75, 0x46, 0x42, 0x75, 0x46, 0x43, 0x75, 0x46, 0x43, 0x76, 0x46,
    0x44, 0x76, 0x46, 0x44, 0x76, 0x46, 0x45, 0x76, 0x46, 0x45, 0x77, 0x46, 0x46, 0x77, 0x46, 0x46,
    0x77, 0x46, 0x47, 0x77, 0x46, 0x47, 0x78, 0x46, 0x48, 0x78, 0x46, 0x48, 0x78, 0x46, 0x49, 0x78,
    0x46, 0x49, 0x78, 0x46, 0x4A, 0x79, 0x46, 0x4A, 0x79, 0x46, 0x4B, 0x79, 0x46, 0x4B, 0x79, 0x46,
    0x4C, 0x7A, 0x46, 0x4C, 0x7A, 0x46, 0x4D, 0x7A, 0x46, 0x4D, 0x7A, 0x46, 0x4E, 0x7B, 0x46, 0x4E,
    0x7B, 0x46, 0x4F, 0x7B, 0x46, 0x4F, 0x7B, 0x46, 0x50, 0x7C, 0x46, 0x50, 0x7C, 0x46, 0x51, 0x7C,
    0x46, 0x51, 0x7C, 0x46, 0x52, 0x7D, 0x46, 0x52, 0x7D, 0x46, 0x53, 0x7D, 0x46, 0x53, 0x7D, 0x46,
    0x54, 0x7E, 0x46, 0x54, 0x7E, 0x46, 0x55, 0x7E, 0x46, 0x55, 0x7E, 0x46, 0x56, 0x7E, 0x46, 0x56,
    0x7F, 0x46, 0x57, 0x7F, 0x46, 0x57, 0x7F, 0x46, 0x58, 0x7F, 0x46, 0x58, 0x80, 0x46, 0x59, 0x80,
    0x46, 0x59, 0x80, 0x46, 0x5A, 0x80, 0x46, 0x5A, 0x81, 0x46, 0x5B, 0x81, 0x46, 0x5B, 0x81, 0x46,
    0x5C, 0x81, 0x46, 0x5C, 0x82, 0x46, 0x5D, 0x82, 0x46, 0x5D, 0x82, 0x46, 0x5E, 0x82, 0x46, 0x5E,
    0x83, 0x46, 0x5F, 0x83, 0x46, 0x5F, 0x83, 0x46, 0x60, 0x83, 0x46, 0x60, 0x84, 0x46, 0x61, 0x84,
    0x46, 0x61, 0x84, 0x46, 0x62, 0x84, 0x46, 0x62, 0x84, 0x46, 0x63, 0x85, 0x46, 0x63, 0x85, 0x46,
    0x64, 0x85, 0x46, 0x64, 0x85, 0x46, 0x65, 0x86, 0x46, 0x65, 0x86, 0x46, 0x66, 0x86, 0x46, 0x66,
    0x86, 0x46, 0x67, 0x87, 0x46, 0x67, 0x87, 0x46, 0x68, 0x87, 0x46, 0x68, 0x87, 0x46, 0x69, 0x88,
    0x46, 0x69, 0x88, 0x46, 0x6A, 0x88, 0x46, 0x6A, 0x88, 0x46, 0x6B, 0x89, 0x46, 0x6B, 0x89, 0x46,
    0x6C, 0x89, 0x46, 0x6C, 0x89, 0x46, 0x6D, 0x8A, 0x46, 0x6D, 0x8A, 0x46, 0x6E, 0x8A, 0x46, 0x6E,
    0x8A, 0x46, 0x6F, 0x8A, 0x46, 0x6F, 0x65, 0x47, 0x20, 0x65, 0x47, 0x20, 0x65, 0x47, 0x21, 0x65,
    0x47, 0x21, 0x66, 0x47, 0x22, 0x66, 0x47, 0x22, 0x66, 0x47, 0x23, 0x66, 0x47, 0x23, 0x66, 0x47,
    0x24, 0x67, 0x47, 0x24, 0x67, 0x47, 0x25, 0x67, 0x47, 0x25, 0x67, 0x47, 0x26, 0x68, 0x47, 0x26,
    0x68, 0x47, 0x27, 0x68, 0x47, 0x27, 0x68, 0x47, 0x28, 0x69, 0x47, 0x28, 0x69, 0x47, 0x29, 0x69,
    0x47, 0x29, 0x69, 0x47, 0x2A, 0x6A, 0x47, 0x2A, 0x6A, 0x47, 0x2B, 0x6A, 0x47, 0x2B, 0x6A, 0x47,
    0x2C, 0x6B, 0x47, 0x2C, 0x6B, 0x47, 0x2D, 0x6B, 0x47, 0x2D, 0x6B, 0x47, 0x2E, 0x6C, 0x47, 0x2E,
    0x6C, 0x47, 0x2F, 0x6C, 0x47, 0x2F, 0x6C, 0x47, 0x30, 0x6C, 0x47, 0x30, 0x6D, 0x47, 0x31, 0x6D,
    0x47, 0x31, 0x6D, 0x47, 0x32, 0x6D, 0x47, 0x32, 0x6E, 0x47, 0x33, 0x6E, 0x47, 0x33, 0x6E, 0x47,
    0x34, 0x6E, 0x47, 0x34, 0x6F, 0x47, 0x35, 0x6F, 0x47, 0x35, 0x6F, 0x47, 0x36, 0x6F, 0x47, 0x36,
    0x70, 0x47, 0x37, 0x70, 0x47, 0x37, 0x70, 0x47, 0x38, 0x70, 0x47, 0x38, 0x71, 0x47, 0x39, 0x71,
    0x47, 0x39, 0x71, 0x47, 0x3A, 0x71, 0x47, 0x3A, 0x72, 0x47, 0x3B, 0x72, 0x47, 0x3B, 0x72, 0x47,
    0x3C, 0x72, 0x47, 0x3C, 0x72, 0x47, 0x3D, 0x73, 0x47, 0x3D, 0x73, 0x47, 0x3E, 0x73, 0x47, 0x3E,
    0x73, 0x47, 0x3F, 0x74, 0x47, 0x3F, 0x74, 0x47, 0x40, 0x74, 0x47, 0x40, 0x74, 0x47, 0x41, 0x75,
    0x47, 0x41, 0x75, 0x47, 0x42, 0x75, 0x47, 0x42, 0x75, 0x47, 0x43, 0x76, 0x47, 0x43, 0x76, 0x47,
    0x44, 0x76, 0x47, 0x44, 0x76, 0x47, 0x45, 0x77, 0x47, 0x45, 0x77, 0x47, 0x46, 0x77, 0x47, 0x46,
    0x77, 0x47, 0x47, 0x78, 0x47, 0x47, 0x78, 0x47, 0x48, 0x78, 0x47, 0x48, 0x78, 0x47, 0x49, 0x78,
    0x47, 0x49, 0x79, 0x47, 0x4A, 0x79, 0x47, 0x4A, 0x79, 0x47, 0x4B, 0x79, 0x47, 0x4B, 0x7A, 0x47,
    0x4C, 0x7A, 0x47, 0x4C, 0x7A, 0x47, 0x4D, 0x7A, 0x47, 0x4D, 0x7B, 0x47, 0x4E, 0x7B, 0x47, 0x4E,
    0x7B, 0x47, 0x4F, 0x7B, 0x47, 0x4F, 0x7C, 0x47, 0x50, 0x7C, 0x47, 0x50, 0x7C, 0x47, 0x51, 0x7C,
    0x47, 0x51, 0x7D, 0x47, 0x52, 0x7D, 0x47, 0x52, 0x7D, 0x47, 0x53, 0x7D, 0x47, 0x53, 0x7E, 0x47,
    0x54, 0x7E, 0x47, 0x54, 0x7E, 0x47, 0x55, 0x7E, 0x47, 0x55, 0x7E, 0x47, 0x56, 0x7F, 0x47, 0x56,
    0x7F, 0x47, 0x57, 0x7F, 0x47, 0x57, 0x7F, 0x47, 0x58, 0x80, 0x47, 0x58, 0x80, 0x47, 0x59, 0x80,
    0x47, 0x59, 0x80, 0x47, 0x5A, 0x81, 0x47, 0x5A, 0x81, 0x47, 0x5B, 0x81, 0x47, 0x5B, 0x81, 0x47,
    0x5C, 0x82, 0x47, 0x5C, 0x82, 0x47, 0x5D, 0x82, 0x47, 0x5D, 0x82, 0x47, 0x5E, 0x83, 0x47, 0x5E,
    0x83, 0x47, 0x5F, 0x83, 0x47, 0x5F, 0x83, 0x47, 0x60, 0x84, 0x47, 0x60, 0x84, 0x47, 0x61, 0x84,
    0x47, 0x61, 0x84, 0x47, 0x62, 0x84, 0x47, 0x62, 0x85, 0x47, 0x63, 0x85, 0x47, 0x63, 0x85, 0x47,
    0x64, 0x85, 0x47, 0x64, 0x86, 0x47, 0x65, 0x86, 0x47, 0x65, 0x86, 0x47, 0x66, 0x86, 0x47, 0x66,
    0x87, 0x47, 0x67, 0x87, 0x47, 0x67, 0x87, 0x47, 0x68, 0x87, 0x47, 0x68, 0x88, 0x47, 0x69, 0x88,
    0x47, 0x69, 0x88, 0x47, 0x6A, 0x88, 0x47, 0x6A, 0x89, 0x47, 0x6B, 0x89, 0x47, 0x6B, 0x89, 0x47,
    0x6C, 0x89, 0x47, 0x6C, 0x8A, 0x47, 0x6D, 0x8A, 0x47, 0x6D, 0x8A, 0x47, 0x6E, 0x8A, 0x47, 0x6E,
    0x8A, 0x47, 0x6F, 0x8B, 0x47, 0x6F, 0x65, 0x48, 0x20, 0x65, 0x48, 0x20, 0x65, 0x48, 0x21, 0x66,
    0x48, 0x21, 0x66, 0x48, 0x22, 0x66, 0x48, 0x22, 0x66, 0x48, 0x23, 0x66, 0x48, 0x23, 0x67, 0x48,
    0x24, 0x67, 0x48, 0x24, 0x67, 0x48, 0x25, 0x67, 0x48, 0x25, 0x68, 0x48, 0x26, 0x68, 0x48, 0x26,
    0x68, 0x48, 0x27, 0x68, 0x48, 0x27, 0x69, 0x48, 0x28, 0x69, 0x48, 0x28, 0x69, 0x48, 0x29, 0x69,
    0x48, 0x29, 0x6A, 0x48, 0x2A, 0x6A, 0x48, 0x2A, 0x6A, 0x48, 0x2B, 0x6A, 0x48, 0x2B, 0x6B, 0x48,
    0x2C, 0x6B, 0x48, 0x2C, 0x6B, 0x48, 0x2D, 0x6B, 0x48, 0x2D, 0x6C, 0x48, 0x2E, 0x6C, 0x48, 0x2E,
    0x6C, 0x48, 0x2F, 0x6C, 0x48, 0x2F, 0x6C, 0x48, 0x30, 0x6D, 0x48, 0x30, 0x6D, 0x48, 0x31, 0x6D,
    0x48, 0x31, 0x6D, 0x48, 0x32, 0x6E, 0x48, 0x32, 0x6E, 0x48, 0x33, 0x6E, 0x48, 0x33, 0x6E, 0x48,
    0x34, 0x6F, 0x48, 0x34, 0x6F, 0x48, 0x35, 0x6F, 0x48, 0x35, 0x6F, 0x48, 0x36, 0x70, 0x48, 0x36,
    0x70, 0x48, 0x37, 0x70, 0x48, 0x37, 0x70, 0x48, 0x38, 0x71, 0x48, 0x38, 0x71, 0x48, 0x39, 0x71,
    0x48, 0x39, 0x71, 0x48, 0x3A, 0x72, 0x48, 0x3A, 0x72, 0x48, 0x3B, 0x72, 0x48, 0x3B, 0x72, 0x48,
    0x3C, 0x72, 0x48, 0x3C, 0x73, 0x48, 0x3D, 0x73, 0x48, 0x3D, 0x73, 0x48, 0x3E, 0x73, 0x48, 0x3E,
    0x74, 0x48, 0x3F, 0x74, 0x48, 0x3F, 0x74, 0x48, 0x40, 0x74, 0x48, 0x40, 0x75, 0x48, 0x41, 0x75,
    0x48, 0x41, 0x75, 0x48, 0x42, 0x75, 0x48, 0x42, 0x76, 0x48, 0x43, 0x76, 0x48, 0x43, 0x76, 0x48,
    0x44, 0x76, 0x48, 0x44, 0x77, 0x48, 0x45, 0x77, 0x48, 0x45, 0x77, 0x48, 0x46, 0x77, 0x48, 0x46,
    0x78, 0x48, 0x47, 0x78, 0x48, 0x47, 0x78, 0x48, 0x48, 0x78, 0x48, 0x48, 0x78, 0x48, 0x49, 0x79,
    0x48, 0x49, 0x79, 0x48, 0x4A, 0x79, 0x48, 0x4A, 0x79, 0x48, 0x4B, 0x7A, 0x48, 0x4B, 0x7A, 0x48,
    0x4C, 0x7A, 0x48, 0x4C, 0x7A, 0x48, 0x4D, 0x7B, 0x48, 0x4D, 0x7B, 0x48, 0x4E, 0x7B, 0x48, 0x4E,
    0x7B, 0x48, 0x4F, 0x7C, 0x48, 0x4F, 0x7C, 0x48, 0x50, 0x7C, 0x48, 0x50, 0x7C, 0x48, 0x51, 0x7D,
    0x48, 0x51, 0x7D, 0x48, 0x52, 0x7D, 0x48, 0x52, 0x7D, 0x48, 0x53, 0x7E, 0x48, 0x53, 0x7E, 0x48,
    0x54, 0x7E, 0x48, 0x54, 0x7E, 0x48, 0x55, 0x7E, 0x48, 0x55, 0x7F, 0x48, 0x56, 0x7F, 0x48, 0x56,
    0x7F, 0x48, 0x57, 0x7F, 0x48, 0x57, 0x80, 0x48, 0x58, 0x80, 0x48, 0x58, 0x80, 0x48, 0x59, 0x80,
    0x48, 0x59, 0x81, 0x48, 0x5A, 0x81, 0x48, 0x5A, 0x81, 0x48, 0x5B, 0x81, 0x48, 0x5B, 0x82, 0x48,
    0x5C, 0x82, 0x48, 0x5C, 0x82, 0x48, 0x5D, 0x82, 0x48, 0x5D, 0x83, 0x48, 0x5E, 0x83, 0x48, 0x5E,
    0x83, 0x48, 0x5F, 0x83, 0x48, 0x5F, 0x84, 0x48, 0x60, 0x84, 0x48, 0x60, 0x84, 0x48, 0x61, 0x84,
    0x48, 0x61, 0x84, 0x48, 0x62, 0x85, 0x48, 0x62, 0x85, 0x48, 0x63, 0x85, 0x48, 0x63, 0x85, 0x48,
    0x64, 0x86, 0x48, 0x64, 0x86, 0x48, 0x65, 0x86, 0x48, 0x65, 0x86, 0x48, 0x66, 0x87, 0x48, 0x66,
    0x87, 0x48, 0x67, 0x87, 0x48, 0x67, 0x87, 0x48, 0x68, 0x88, 0x48, 0x68, 0x88, 0x48, 0x69, 0x88,
    0x48, 0x69, 0x88, 0x48, 0x6A, 0x89, 0x48, 0x6A, 0x89, 0x48, 0x6B, 0x89, 0x48, 0x6B, 0x89, 0x48,
    0x6C, 0x8A, 0x48, 0x6C, 0x8A, 0x48, 0x6D, 0x8A, 0x48, 0x6D, 0x8A, 0x48, 0x6E, 0x8A, 0x48, 0x6E,
    0x8B, 0x48, 0x6F, 0x8B, 0x48, 0x6F, 0x65, 0x49, 0x20, 0x65, 0x49, 0x20, 0x66, 0x49, 0x21, 0x66,
    0x49, 0x21, 0x66, 0x49, 0x22, 0x66, 0x49, 0x22, 0x66, 0x49, 0x23, 0x67, 0x49, 0x23, 0x67, 0x49,
    0x24, 0x67, 0x49, 0x24, 0x67, 0x49, 0x25, 0x68, 0x49, 0x25, 0x68, 0x49, 0x26, 0x68, 0x49, 0x26,
    0x68, 0x49, 0x27, 0x69, 0x49, 0x27, 0x69, 0x49, 0x28, 0x69, 0x49, 0x28, 0x69, 0x49, 0x29, 0x6A,
    0x49, 0x29, 0x6A, 0x49, 0x2A, 0x6A, 0x49, 0x2A, 0x6A, 0x49, 0x2B, 0x6B, 0x49, 0x2B, 0x6B, 0x49,
    0x2C, 0x6B, 0x49, 0x2C, 0x6B, 0x49, 0x2D, 0x6C, 0x49, 0x2D, 0x6C, 0x49, 0x2E, 0x6C, 0x49, 0x2E,
    0x6C, 0x49, 0x2F, 0x6C, 0x49, 0x2F, 0x6D, 0x49, 0x30, 0x6D, 0x49, 0x30, 0x6D, 0x49, 0x31, 0x6D,
    0x49, 0x31, 0x6E, 0x49, 0x32, 0x6E, 0x49, 0x32, 0x6E, 0x49, 0x33, 0x6E, 0x49, 0x33, 0x6F, 0x49,
    0x34, 0x6F, 0x49, 0x34, 0x6F, 0x49, 0x35, 0x6F, 0x49, 0x35, 0x70, 0x49, 0x36, 0x70, 0x49, 0x36,
    0x70, 0x49, 0x37, 0x70, 0x49, 0x37, 0x71, 0x49, 0x38, 0x71, 0x49, 0x38, 0x71, 0x49, 0x39, 0x71,
    0x49, 0x39, 0x72, 0x49, 0x3A, 0x72, 0x49, 0x3A, 0x72, 0x49, 0x3B, 0x72, 0x49, 0x3B, 0x72, 0x49,
    0x3C, 0x73, 0x49, 0x3C, 0x73, 0x49, 0x3D, 0x73, 0x49, 0x3D, 0x73, 0x49, 0x3E, 0x74, 0x49, 0x3E,
    0x74, 0x49, 0x3F, 0x74, 0x49, 0x3F, 0x74, 0x49, 0x40, 0x75, 0x49, 0x40, 0x75, 0x49, 0x41, 0x75,
    0x49, 0x41, 0x75, 0x49, 0x42, 0x76, 0x49, 0x42, 0x76, 0x49, 0x43, 0x76, 0x49, 0x43, 0x76, 0x49,
    0x44, 0x77, 0x49, 0x44, 0x77, 0x49, 0x45, 0x77, 0x49, 0x45, 0x77, 0x49, 0x46, 0x78, 0x49, 0x46,
    0x78, 0x49, 0x47, 0x78, 0x49, 0x47, 0x78, 0x49, 0x48, 0x78, 0x49, 0x48, 0x79, 0x49, 0x49, 0x79,
    0x49, 0x49, 0x79, 0x49, 0x4A, 0x79, 0x49, 0x4A, 0x7A, 0x49, 0x4B, 0x7A, 0x49, 0x4B, 0x7A, 0x49,
    0x4C, 0x7A, 0x49, 0x4C, 0x7B, 0x49, 0x4D, 0x7B, 0x49, 0x4D, 0x7B, 0x49, 0x4E, 0x7B, 0x49, 0x4E,
    0x7C, 0x49, 0x4F, 0x7C, 0x49, 0x4F, 0x7C, 0x49, 0x50, 0x7C, 0x49, 0x50, 0x7D, 0x49, 0x51, 0x7D,
    0x49, 0x51, 0x7D, 0x49, 0x52, 0x7D, 0x49, 0x52, 0x7E, 0x49, 0x53, 0x7E, 0x49, 0x53, 0x7E, 0x49,
    0x54, 0x7E, 0x49, 0x54, 0x7E, 0x49, 0x55, 0x7F, 0x49, 0x55, 0x7F, 0x49, 0x56, 0x7F, 0x49, 0x56,
    0x7F, 0x49, 0x57, 0x80, 0x49, 0x57, 0x80, 0x49, 0x58, 0x80, 0x49, 0x58, 0x80, 0x49, 0x59, 0x81,
    0x49, 0x59, 0x81, 0x49, 0x5A, 0x81, 0x49, 0x5A, 0x81, 0x49, 0x5B, 0x82, 0x49, 0x5B, 0x82, 0x49,
    0x5C, 0x82, 0x49, 0x5C, 0x82, 0x49, 0x5D, 0x83, 0x49, 0x5D, 0x83, 0x49, 0x5E, 0x83, 0x49, 0x5E,
    0x83, 0x49, 0x5F, 0x84, 0x49, 0x5F, 0x84, 0x49, 0x60, 0x84, 0x49, 0x60, 0x84, 0x49, 0x61, 0x84,
    0x49, 0x61, 0x85, 0x49, 0x62, 0x85, 0x49, 0x62, 0x85, 0x49, 0x63, 0x85, 0x49, 0x63, 0x86, 0x49,
    0x64, 0x86, 0x49, 0x64, 0x86, 0x49, 0x65, 0x86, 0x49, 0x65, 0x87, 0x49, 0x66, 0x87, 0x49, 0x66,
    0x87, 0x49, 0x67, 0x87, 0x49, 0x67, 0x88, 0x49, 0x68, 0x88, 0x49, 0x68, 0x88, 0x49, 0x69, 0x88,
    0x49, 0x69, 0x89, 0x49, 0x6A, 0x89, 0x49, 0x6A, 0x89, 0x49, 0x6B, 0x89, 0x49, 0x6B, 0x8A, 0x49,
    0x6C, 0x8A, 0x49, 0x6C, 0x8A, 0x49, 0x6D, 0x8A, 0x49, 0x6D, 0x8A, 0x49, 0x6E, 0x8B, 0x49, 0x6E,
    0x8B, 0x49, 0x6F, 0x8B, 0x49, 0x6F, 0x65, 0x4A, 0x20, 0x66, 0x4A, 0x20, 0x66, 0x4A, 0x21, 0x66,
    0x4A, 0x21, 0x66, 0x4A, 0x22, 0x66, 0x4A, 0x22, 0x67, 0x4A, 0x23, 0x67, 0x4A, 0x23, 0x67, 0x4A,
    0x24, 0x67, 0x4A, 0x24, 0x68, 0x4A, 0x25, 0x68, 0x4A, 0x25, 0x68, 0x4A, 0x26, 0x68, 0x4A, 0x26,
    0x69, 0x4A, 0x27, 0x69, 0x4A, 0x27, 0x69, 0x4A, 0x28, 0x69, 0x4A, 0x28, 0x6A, 0x4A, 0x29, 0x6A,
    0x4A, 0x29, 0x6A, 0x4A, 0x2A, 0x6A, 0x4A, 0x2A, 0x6B, 0x4A, 0x2B, 0x6B, 0x4A, 0x2B, 0x6B, 0x4A,
    0x2C, 0x6B, 0x4A, 0x2C, 0x6C, 0x4A, 0x2D, 0x6C, 0x4A, 0x2D, 0x6C, 0x4A, 0x2E, 0x6C, 0x4A, 0x2E,
    0x6C, 0x4A, 0x2F, 0x6D, 0x4A, 0x2F, 0x6D, 0x4A, 0x30, 0x6D, 0x4A, 0x30, 0x6D, 0x4A, 0x31, 0x6E,
    0x4A, 0x31, 0x6E, 0x4A, 0x32, 0x6E, 0x4A, 0x32, 0x6E, 0x4A, 0x33, 0x6F, 0x4A, 0x33, 0x6F, 0x4A,
    0x34, 0x6F, 0x4A, 0x34, 0x6F, 0x4A, 0x35, 0x70, 0x4A, 0x35, 0x70, 0x4A, 0x36, 0x70, 0x4A, 0x36,
    0x70, 0x4A, 0x37, 0x71, 0x4A, 0x37, 0x71, 0x4A, 0x38, 0x71, 0x4A, 0x38, 0x71, 0x4A, 0x39, 0x72,
    0x4A, 0x39, 0x72, 0x4A, 0x3A, 0x72, 0x4A, 0x3A, 0x72, 0x4A, 0x3B, 0x72, 0x4A, 0x3B, 0x73, 0x4A,
    0x3C, 0x73, 0x4A, 0x3C, 0x73, 0x4A, 0x3D, 0x73, 0x4A, 0x3D, 0x74, 0x4A, 0x3E, 0x74, 0x4A, 0x3E,
    0x74, 0x4A, 0x3F, 0x74, 0x4A, 0x3F, 0x75, 0x4A, 0x40, 0x75, 0x4A, 0x40, 0x75, 0x4A, 0x41, 0x75,
    0x4A, 0x41, 0x76, 0x4A, 0x42, 0x76, 0x4A, 0x42, 0x76, 0x4A, 0x43, 0x76, 0x4A, 0x43, 0x77, 0x4A,
    0x44, 0x77, 0x4A, 0x44, 0x77, 0x4A, 0x45, 0x77, 0x4A, 0x45, 0x78, 0x4A, 0x46, 0x78, 0x4A, 0x46,
    0x78, 0x4A, 0x47, 0x78, 0x4A, 0x47, 0x78, 0x4A, 0x48, 0x79, 0x4A, 0x48, 0x79, 0x4A, 0x49, 0x79,
    0x4A, 0x49, 0x79, 0x4A, 0x4A, 0x7A, 0x4A, 0x4A, 0x7A, 0x4A, 0x4B, 0x7A, 0x4A, 0x4B, 0x7A, 0x4A,
    0x4C, 0x7B, 0x4A, 0x4C, 0x7B, 0x4A, 0x4D, 0x7B, 0x4A, 0x4D, 0x7B, 0x4A, 0x4E, 0x7C, 0x4A, 0x4E,
    0x7C, 0x4A, 0x4F, 0x7C, 0x4A, 0x4F, 0x7C, 0x4A, 0x50, 0x7D, 0x4A, 0x50, 0x7D, 0x4A, 0x51, 0x7D,
    0x4A, 0x51, 0x7D, 0x4A, 0x52, 0x7E, 0x4A, 0x52, 0x7E, 0x4A, 0x53, 0x7E, 0x4A, 0x53, 0x7E, 0x4A,
    0x54, 0x7E, 0x4A, 0x54, 0x7F, 0x4A, 0x55, 0x7F, 0x4A, 0x55, 0x7F, 0x4A, 0x56, 0x7F, 0x4A, 0x56,
    0x80, 0x4A, 0x57, 0x80, 0x4A, 0x57, 0x80, 0x4A, 0x58, 0x80, 0x4A, 0x58, 0x81, 0x4A, 0x59, 0x81,
    0x4A, 0x59, 0x81, 0x4A, 0x5A, 0x81, 0x4A, 0x5A, 0x82, 0x4A, 0x5B, 0x82, 0x4A, 0x5B, 0x82, 0x4A,
    0x5C, 0x82, 0x4A, 0x5C, 0x83, 0x4A, 0x5D, 0x83, 0x4A, 0x5D, 0x83, 0x4A, 0x5E, 0x83, 0x4A, 0x5E,
    0x84, 0x4A, 0x5F, 0x84, 0x4A, 0x5F, 0x84, 0x4A, 0x60, 0x84, 0x4A, 0x60, 0x84, 0x4A, 0x61, 0x85,
    0x4A, 0x61, 0x85, 0x4A, 0x62, 0x85, 0x4A, 0x62, 0x85, 0x4A, 0x63, 0x86, 0x4A, 0x63, 0x86, 0x4A,
    0x64, 0x86, 0x4A, 0x64, 0x86, 0x4A, 0x65, 0x87, 0x4A, 0x65, 0x87, 0x4A, 0x66, 0x87, 0x4A, 0x66,
    0x87, 0x4A, 0x67, 0x88, 0x4A, 0x67, 0x88, 0x4A, 0x68, 0x88, 0x4A, 0x68, 0x88, 0x4A, 0x69, 0x89,
    0x4A, 0x69, 0x89, 0x4A, 0x6A, 0x89, 0x4A, 0x6A, 0x89, 0x4A, 0x6B, 0x8A, 0x4A, 0x6B, 0x8A, 0x4A,
    0x6C, 0x8A, 0x4A, 0x6C, 0x8A, 0x4A, 0x6D, 0x8A, 0x4A, 0x6D, 0x8B, 0x4A, 0x6E, 0x8B, 0x4A, 0x6E,
    0x8B, 0x4A, 0x6F, 0x8B, 0x4A, 0x6F, 0x66, 0x4B, 0x20, 0x66, 0x4B, 0x20, 0x66, 0x4B, 0x21, 0x66,
    0x4B, 0x21, 0x66, 0x4B, 0x22, 0x67, 0x4B, 0x22, 0x67, 0x4B, 0x23, 0x67, 0x4B, 0x23, 0x67, 0x4B,
    0x24, 0x68, 0x4B, 0x24, 0x68, 0x4B, 0x25, 0x68, 0x4B, 0x25, 0x68, 0x4B, 0x26, 0x69, 0x4B, 0x26,
    0x69, 0x4B, 0x27, 0x69, 0x4B, 0x27, 0x69, 0x4B, 0x28, 0x6A, 0x4B, 0x28, 0x6A, 0x4B, 0x29, 0x6A,
    0x4B, 0x29, 0x6A, 0x4B, 0x2A, 0x6B, 0x4B, 0x2A, 0x6B, 0x4B, 0x2B, 0x6B, 0x4B, 0x2B, 0x6B, 0x4B,
    0x2C, 0x6C, 0x4B, 0x2C, 0x6C, 0x4B, 0x2D, 0x6C, 0x4B, 0x2D, 0x6C, 0x4B, 0x2E, 0x6C, 0x4B, 0x2E,
    0x6D, 0x4B, 0x2F, 0x6D, 0x4B, 0x2F, 0x6D, 0x4B, 0x30, 0x6D, 0x4B, 0x30, 0x6E, 0x4B, 0x31, 0x6E,
    0x4B, 0x31, 0x6E, 0x4B, 0x32, 0x6E, 0x4B, 0x32, 0x6F, 0x4B, 0x33, 0x6F, 0x4B, 0x33, 0x6F, 0x4B,
    0x34, 0x6F, 0x4B, 0x34, 0x70, 0x4B, 0x35, 0x70, 0x4B, 0x35, 0x70, 0x4B, 0x36, 0x70, 0x4B, 0x36,
    0x71, 0x4B, 0x37, 0x71, 0x4B, 0x37, 0x71, 0x4B, 0x38, 0x71, 0x4B, 0x38, 0x72, 0x4B, 0x39, 0x72,
    0x4B, 0x39, 0x72, 0x4B, 0x3A, 0x72, 0x4B, 0x3A, 0x72, 0x4B, 0x3B, 0x73, 0x4B, 0x3B, 0x73, 0x4B,
    0x3C, 0x73, 0x4B, 0x3C, 0x73, 0x4B, 0x3D, 0x74, 0x4B, 0x3D, 0x74, 0x4B, 0x3E, 0x74, 0x4B, 0x3E,
    0x74, 0x4B, 0x3F, 0x75, 0x4B, 0x3F, 0x75, 0x4B, 0x40, 0x75, 0x4B, 0x40, 0x75, 0x4B, 0x41, 0x76,
    0x4B, 0x41, 0x76, 0x4B, 0x42, 0x76, 0x4B, 0x42, 0x76, 0x4B, 0x43, 0x77, 0x4B, 0x43, 0x77, 0x4B,
    0x44, 0x77, 0x4B, 0x44, 0x77, 0x4B, 0x45, 0x78, 0x4B, 0x45, 0x78, 0x4B, 0x46, 0x78, 0x4B, 0x46,
    0x78, 0x4B, 0x47, 0x78, 0x4B, 0x47, 0x79, 0x4B, 0x48, 0x79, 0x4B, 0x48, 0x79, 0x4B, 0x49, 0x79,
    0x4B, 0x49, 0x7A, 0x4B, 0x4A, 0x7A, 0x4B, 0x4A, 0x7A, 0x4B, 0x4B, 0x7A, 0x4B, 0x4B, 0x7B, 0x4B,
    0x4C, 0x7B, 0x4B, 0x4C, 0x7B, 0x4B, 0x4D, 0x7B, 0x4B, 0x4D, 0x7C, 0x4B, 0x4E, 0x7C, 0x4B, 0x4E,
    0x7C, 0x4B, 0x4F, 0x7C, 0x4B, 0x4F, 0x7D, 0x4B, 0x50, 0x7D, 0x4B, 0x50, 0x7D, 0x4B, 0x51, 0x7D,
    0x4B, 0x51, 0x7E, 0x4B, 0x52, 0x7E, 0x4B, 0x52, 0x7E, 0x4B, 0x53, 0x7E, 0x4B, 0x53, 0x7E, 0x4B,
    0x54, 0x7F, 0x4B, 0x54, 0x7F, 0x4B, 0x55, 0x7F, 0x4B, 0x55, 0x7F, 0x4B, 0x56, 0x80, 0x4B, 0x56,
    0x80, 0x4B, 0x57, 0x80, 0x4B, 0x57, 0x80, 0x4B, 0x58, 0x81, 0x4B, 0x58, 0x81, 0x4B, 0x59, 0x81,
    0x4B, 0x59, 0x81, 0x4B, 0x5A, 0x82, 0x4B, 0x5A, 0x82, 0x4B, 0x5B, 0x82, 0x4B, 0x5B, 0x82, 0x4B,
    0x5C, 0x83, 0x4B, 0x5C, 0x83, 0x4B, 0x5D, 0x83, 0x4B, 0x5D, 0x83, 0x4B, 0x5E, 0x84, 0x4B, 0x5E,
    0x84, 0x4B, 0x5F, 0x84, 0x4B, 0x5F, 0x84, 0x4B, 0x60, 0x84, 0x4B, 0x60, 0x85, 0x4B, 0x61, 0x85,
    0x4B, 0x61, 0x85, 0x4B, 0x62, 0x85, 0x4B, 0x62, 0x86, 0x4B, 0x63, 0x86, 0x4B, 0x63, 0x86, 0x4B,
    0x64, 0x86, 0x4B, 0x64, 0x87, 0x4B, 0x65, 0x87, 0x4B, 0x65, 0x87, 0x4B, 0x66, 0x87, 0x4B, 0x66,
    0x88, 0x4B, 0x67, 0x88, 0x4B, 0x67, 0x88, 0x4B, 0x68, 0x88, 0x4B, 0x68, 0x89, 0x4B, 0x69, 0x89,
    0x4B, 0x69, 0x89, 0x4B, 0x6A, 0x89, 0x4B, 0x6A, 0x8A, 0x4B, 0x6B, 0x8A, 0x4B, 0x6B, 0x8A, 0x4B,
    0x6C, 0x8A, 0x4B, 0x6C, 0x8A, 0x4B, 0x6D, 0x8B, 0x4B, 0x6D, 0x8B, 0x4B, 0x6E, 0x8B, 0x4B, 0x6E,
    0x8B, 0x4B, 0x6F, 0x8C, 0x4B, 0x6F, 0x66, 0x4C, 0x20, 0x66, 0x4C, 0x20, 0x66, 0x4C, 0x21, 0x66,
    0x4C, 0x21, 0x67, 0x4C, 0x22, 0x67, 0x4C, 0x22, 0x67, 0x4C, 0x23, 0x67, 0x4C, 0x23, 0x68, 0x4C,
    0x24, 0x68, 0x4C, 0x24, 0x68, 0x4C, 0x25, 0x68, 0x4C, 0x25, 0x69, 0x4C, 0x26, 0x69, 0x4C, 0x26,
    0x69, 0x4C, 0x27, 0x69, 0x4C, 0x27, 0x6A, 0x4C, 0x28, 0x6A, 0x4C, 0x28, 0x6A, 0x4C, 0x29, 0x6A,
    0x4C, 0x29, 0x6B, 0x4C, 0x2A, 0x6B, 0x4C, 0x2A, 0x6B, 0x4C, 0x2B, 0x6B, 0x4C, 0x2B, 0x6C, 0x4C,
    0x2C, 0x6C, 0x4C, 0x2C, 0x6C, 0x4C, 0x2D, 0x6C, 0x4C, 0x2D, 0x6C, 0x4C, 0x2E, 0x6D, 0x4C, 0x2E,
    0x6D, 0x4C, 0x2F, 0x6D, 0x4C, 0x2F, 0x6D, 0x4C, 0x30, 0x6E, 0x4C, 0x30, 0x6E, 0x4C, 0x31, 0x6E,
    0x4C, 0x31, 0x6E, 0x4C, 0x32, 0x6F, 0x4C, 0x32, 0x6F, 0x4C, 0x33, 0x6F, 0x4C, 0x33, 0x6F, 0x4C,
    0x34, 0x70, 0x4C, 0x34, 0x70, 0x4C, 0x35, 0x70, 0x4C, 0x35, 0x70, 0x4C, 0x36, 0x71, 0x4C, 0x36,
    0x71, 0x4C, 0x37, 0x71, 0x4C, 0x37, 0x71, 0x4C, 0x38, 0x72, 0x4C, 0x38, 0x72, 0x4C, 0x39, 0x72,
    0x4C, 0x39, 0x72, 0x4C, 0x3A, 0x72, 0x4C, 0x3A, 0x73, 0x4C, 0x3B, 0x73, 0x4C, 0x3B, 0x73, 0x4C,
    0x3C, 0x73, 0x4C, 0x3C, 0x74, 0x4C, 0x3D, 0x74, 0x4C, 0x3D, 0x74, 0x4C, 0x3E, 0x74, 0x4C, 0x3E,
    0x75, 0x4C, 0x3F, 0x75, 0x4C, 0x3F, 0x75, 0x4C, 0x40, 0x75, 0x4C, 0x40, 0x76, 0x4C, 0x41, 0x76,
    0x4C, 0x41, 0x76, 0x4C, 0x42, 0x76, 0x4C, 0x42, 0x77, 0x4C, 0x43, 0x77, 0x4C, 0x43, 0x77, 0x4C,
    0x44, 0x77, 0x4C, 0x44, 0x78, 0x4C, 0x45, 0x78, 0x4C, 0x45, 0x78, 0x4C, 0x46, 0x78, 0x4C, 0x46,
    0x78, 0x4C, 0x47, 0x79, 0x4C, 0x47, 0x79, 0x4C, 0x48, 0x79, 0x4C, 0x48, 0x79, 0x4C, 0x49, 0x7A,
    0x4C, 0x49, 0x7A, 0x4C, 0x4A, 0x7A, 0x4C, 0x4A, 0x7A, 0x4C, 0x4B, 0x7B, 0x4C, 0x4B, 0x7B, 0x4C,
    0x4C, 0x7B, 0x4C, 0x4C, 0x7B, 0x4C, 0x4D, 0x7C, 0x4C, 0x4D, 0x7C, 0x4C, 0x4E, 0x7C, 0x4C, 0x4E,
    0x7C, 0x4C, 0x4F, 0x7D, 0x4C, 0x4F, 0x7D, 0x4C, 0x50, 0x7D, 0x4C, 0x50, 0x7D, 0x4C, 0x51, 0x7E,
    0x4C, 0x51, 0x7E, 0x4C, 0x52, 0x7E, 0x4C, 0x52, 0x7E, 0x4C, 0x53, 0x7E, 0x4C, 0x53, 0x7F, 0x4C,
    0x54, 0x7F, 0x4C, 0x54, 0x7F, 0x4C, 0x55, 0x7F, 0x4C, 0x55, 0x80, 0x4C, 0x56, 0x80, 0x4C, 0x56,
    0x80, 0x4C, 0x57, 0x80, 0x4C, 0x57, 0x81, 0x4C, 0x58, 0x81, 0x4C, 0x58, 0x81, 0x4C, 0x59, 0x81,
    0x4C, 0x59, 0x82, 0x4C, 0x5A, 0x82, 0x4C, 0x5A, 0x82, 0x4C, 0x5B, 0x82, 0x4C, 0x5B, 0x83, 0x4C,
    0x5C, 0x83, 0x4C, 0x5C, 0x83, 0x4C, 0x5D, 0x83, 0x4C, 0x5D, 0x84, 0x4C, 0x5E, 0x84, 0x4C, 0x5E,
    0x84, 0x4C, 0x5F, 0x84, 0x4C, 0x5F, 0x84, 0x4C, 0x60, 0x85, 0x4C, 0x60, 0x85, 0x4C, 0x61, 0x85,
    0x4C, 0x61, 0x85, 0x4C, 0x62, 0x86, 0x4C, 0x62, 0x86, 0x4C, 0x63, 0x86, 0x4C, 0x63, 0x86, 0x4C,
    0x64, 0x87, 0x4C, 0x64, 0x87, 0x4C, 0x65, 0x87, 0x4C, 0x65, 0x87, 0x4C, 0x66, 0x88, 0x4C, 0x66,
    0x88, 0x4C, 0x67, 0x88, 0x4C, 0x67, 0x88, 0x4C, 0x68, 0x89, 0x4C, 0x68, 0x89, 0x4C, 0x69, 0x89,
    0x4C, 0x69, 0x89, 0x4C, 0x6A, 0x8A, 0x4C, 0x6A, 0x8A, 0x4C, 0x6B, 0x8A, 0x4C, 0x6B, 0x8A, 0x4C,
    0x6C, 0x8A, 0x4C, 0x6C, 0x8B, 0x4C, 0x6D, 0x8B, 0x4C, 0x6D, 0x8B, 0x4C, 0x6E, 0x8B, 0x4C, 0x6E,
    0x8C, 0x4C, 0x6F, 0x8C, 0x4C, 0x6F, 0x66, 0x4E, 0x20, 0x66, 0x4E, 0x20, 0x66, 0x4E, 0x21, 0x67,
    0x4E, 0x21, 0x67, 0x4E, 0x22, 0x67, 0x4E, 0x22, 0x67, 0x4E, 0x23, 0x68, 0x4E, 0x23, 0x68, 0x4E,
    0x24, 0x68, 0x4E, 0x24, 0x68, 0x4E, 0x25, 0x69, 0x4E, 0x25, 0x69, 0x4E, 0x26, 0x69, 0x4E, 0x26,
    0x69, 0x4E, 0x27, 0x6A, 0x4E, 0x27, 0x6A, 0x4E, 0x28, 0x6A, 0x4E, 0x28, 0x6A, 0x4E, 0x29, 0x6B,
    0x4E, 0x29, 0x6B, 0x4E, 0x2A, 0x6B, 0x4E, 0x2A, 0x6B, 0x4E, 0x2B, 0x6C, 0x4E, 0x2B, 0x6C, 0x4E,
    0x2C, 0x6C, 0x4E, 0x2C, 0x6C, 0x4E, 0x2D, 0x6C, 0x4E, 0x2D, 0x6D, 0x4E, 0x2E, 0x6D, 0x4E, 0x2E,
    0x6D, 0x4E, 0x2F, 0x6D, 0x4E, 0x2F, 0x6E, 0x4E, 0x30, 0x6E, 0x4E, 0x30, 0x6E, 0x4E, 0x31, 0x6E,
    0x4E, 0x31, 0x6F, 0x4E, 0x32, 0x6F, 0x4E, 0x32, 0x6F, 0x4E, 0x33, 0x6F, 0x4E, 0x33, 0x70, 0x4E,
    0x34, 0x70, 0x4E, 0x34, 0x70, 0x4E, 0x35, 0x70, 0x4E, 0x35, 0x71, 0x4E, 0x36, 0x71, 0x4E, 0x36,
    0x71, 0x4E, 0x37, 0x71, 0x4E, 0x37, 0x72, 0x4E, 0x38, 0x72, 0x4E, 0x38, 0x72, 0x4E, 0x39, 0x72,
    0x4E, 0x39, 0x72, 0x4E, 0x3A, 0x73, 0x4E, 0x3A, 0x73, 0x4E, 0x3B, 0x73, 0x4E, 0x3B, 0x73, 0x4E,
    0x3C, 0x74, 0x4E, 0x3C, 0x74, 0x4E, 0x3D, 0x74, 0x4E, 0x3D, 0x74, 0x4E, 0x3E, 0x75, 0x4E, 0x3E,
    0x75, 0x4E, 0x3F, 0x75, 0x4E, 0x3F, 0x75, 0x4E, 0x40, 0x76, 0x4E, 0x40, 0x76, 0x4E, 0x41, 0x76,
    0x4E, 0x41, 0x76, 0x4E, 0x42, 0x77, 0x4E, 0x42, 0x77, 0x4E, 0x43, 0x77, 0x4E, 0x43, 0x77, 0x4E,
    0x44, 0x78, 0x4E, 0x44, 0x78, 0x4E, 0x45, 0x78, 0x4E, 0x45, 0x78, 0x4E, 0x46, 0x78, 0x4E, 0x46,
    0x79, 0x4E, 0x47, 0x79, 0x4E, 0x47, 0x79, 0x4E, 0x48, 0x79, 0x4E, 0x48, 0x7A, 0x4E, 0x49, 0x7A,
    0x4E, 0x49, 0x7A, 0x4E, 0x4A, 0x7A, 0x4E, 0x4A, 0x7B, 0x4E, 0x4B, 0x7B, 0x4E, 0x4B, 0x7B, 0x4E,
    0x4C, 0x7B, 0x4E, 0x4C, 0x7C, 0x4E, 0x4D, 0x7C, 0x4E, 0x4D, 0x7C, 0x4E, 0x4E, 0x7C, 0x4E, 0x4E,
    0x7D, 0x4E, 0x4F, 0x7D, 0x4E, 0x4F, 0x7D, 0x4E, 0x50, 0x7D, 0x4E, 0x50, 0x7E, 0x4E, 0x51, 0x7E,
    0x4E, 0x51, 0x7E, 0x4E, 0x52, 0x7E, 0x4E, 0x52, 0x7E, 0x4E, 0x53, 0x7F, 0x4E, 0x53, 0x7F, 0x4E,
    0x54, 0x7F, 0x4E, 0x54, 0x7F, 0x4E, 0x55, 0x80, 0x4E, 0x55, 0x80, 0x4E, 0x56, 0x80, 0x4E, 0x56,
    0x80, 0x4E, 0x57, 0x81, 0x4E, 0x57, 0x81, 0x4E, 0x58, 0x81, 0x4E, 0x58, 0x81, 0x4E, 0x59, 0x82,
    0x4E, 0x59, 0x82, 0x4E, 0x5A, 0x82, 0x4E, 0x5A, 0x82, 0x4E, 0x5B, 0x83, 0x4E, 0x5B, 0x83, 0x4E,
    0x5C, 0x83, 0x4E, 0x5C, 0x83, 0x4E, 0x5D, 0x84, 0x4E, 0x5D, 0x84, 0x4E, 0x5E, 0x84, 0x4E, 0x5E,
    0x84, 0x4E, 0x5F, 0x84, 0x4E, 0x5F, 0x85, 0x4E, 0x60, 0x85, 0x4E, 0x60, 0x85, 0x4E, 0x61, 0x85,
    0x4E, 0x61, 0x86, 0x4E, 0x62, 0x86, 0x4E, 0x62, 0x86, 0x4E, 0x63, 0x86, 0x4E, 0x63, 0x87, 0x4E,
    0x64, 0x87, 0x4E, 0x64, 0x87, 0x4E, 0x65, 0x87, 0x4E, 0x65, 0x88, 0x4E, 0x66, 0x88, 0x4E, 0x66,
    0x88, 0x4E, 0x67, 0x88, 0x4E, 0x67, 0x89, 0x4E, 0x68, 0x89, 0x4E, 0x68, 0x89, 0x4E, 0x69, 0x89,
    0x4E, 0x69, 0x8A, 0x4E, 0x6A, 0x8A, 0x4E, 0x6A, 0x8A, 0x4E, 0x6B, 0x8A, 0x4E, 0x6B, 0x8A, 0x4E,
    0x6C, 0x8B, 0x4E, 0x6C, 0x8B, 0x4E, 0x6D, 0x8B, 0x4E, 0x6D, 0x8B, 0x4E, 0x6E, 0x8C, 0x4E, 0x6E,
    0x8C, 0x4E, 0x6F, 0x8C, 0x4E, 0x6F, 0x66, 0x4F, 0x20, 0x66, 0x4F, 0x20, 0x67, 0x4F, 0x21, 0x67,
    0x4F, 0x21, 0x67, 0x4F, 0x22, 0x67, 0x4F, 0x22, 0x68, 0x4F, 0x23, 0x68, 0x4F, 0x23, 0x68, 0x4F,
    0x24, 0x68, 0x4F, 0x24, 0x69, 0x4F, 0x25, 0x69, 0x4F, 0x25, 0x69, 0x4F, 0x26, 0x69, 0x4F, 0x26,
    0x6A, 0x4F, 0x27, 0x6A, 0x4F, 0x27, 0x6A, 0x4F, 0x28, 0x6A, 0x4F, 0x28, 0x6B, 0x4F, 0x29, 0x6B,
    0x4F, 0x29, 0x6B, 0x4F, 0x2A, 0x6B, 0x4F, 0x2A, 0x6C, 0x4F, 0x2B, 0x6C, 0x4F, 0x2B, 0x6C, 0x4F,
    0x2C, 0x6C, 0x4F, 0x2C, 0x6C, 0x4F, 0x2D, 0x6D, 0x4F, 0x2D, 0x6D, 0x4F, 0x2E, 0x6D, 0x4F, 0x2E,
    0x6D, 0x4F, 0x2F, 0x6E, 0x4F, 0x2F, 0x6E, 0x4F, 0x30, 0x6E, 0x4F, 0x30, 0x6E, 0x4F, 0x31, 0x6F,
    0x4F, 0x31, 0x6F, 0x4F, 0x32, 0x6F, 0x4F, 0x32, 0x6F, 0x4F, 0x33, 0x70, 0x4F, 0x33, 0x70, 0x4F,
    0x34, 0x70, 0x4F, 0x34, 0x70, 0x4F, 0x35, 0x71, 0x4F, 0x35, 0x71, 0x4F, 0x36, 0x71, 0x4F, 0x36,
    0x71, 0x4F, 0x37, 0x72, 0x4F, 0x37, 0x72, 0x4F, 0x38, 0x72, 0x4F, 0x38, 0x72, 0x4F, 0x39, 0x72,
    0x4F, 0x39, 0x73, 0x4F, 0x3A, 0x73, 0x4F, 0x3A, 0x73, 0x4F, 0x3B, 0x73, 0x4F, 0x3B, 0x74, 0x4F,
    0x3C, 0x74, 0x4F, 0x3C, 0x74, 0x4F, 0x3D, 0x74, 0x4F, 0x3D, 0x75, 0x4F, 0x3E, 0x75, 0x4F, 0x3E,
    0x75, 0x4F, 0x3F, 0x75, 0x4F, 0x3F, 0x76, 0x4F, 0x40, 0x76, 0x4F, 0x40, 0x76, 0x4F, 0x41, 0x76,
    0x4F, 0x41, 0x77, 0x4F, 0x42, 0x77, 0x4F, 0x42, 0x77, 0x4F, 0x43, 0x77, 0x4F, 0x43, 0x78, 0x4F,
    0x44, 0x78, 0x4F, 0x44, 0x78, 0x4F, 0x45, 0x78, 0x4F, 0x45, 0x78, 0x4F, 0x46, 0x79, 0x4F, 0x46,
    0x79, 0x4F, 0x47, 0x79, 0x4F, 0x47, 0x79, 0x4F, 0x48, 0x7A, 0x4F, 0x48, 0x7A, 0x4F, 0x49, 0x7A,
    0x4F, 0x49, 0x7A, 0x4F, 0x4A, 0x7B, 0x4F, 0x4A, 0x7B, 0x4F, 0x4B, 0x7B, 0x4F, 0x4B, 0x7B, 0x4F,
    0x4C, 0x7C, 0x4F, 0x4C, 0x7C, 0x4F, 0x4D, 0x7C, 0x4F, 0x4D, 0x7C, 0x4F, 0x4E, 0x7D, 0x4F, 0x4E,
    0x7D, 0x4F, 0x4F, 0x7D, 0x4F, 0x4F, 0x7D, 0x4F, 0x50, 0x7E, 0x4F, 0x50, 0x7E, 0x4F, 0x51, 0x7E,
    0x4F, 0x51, 0x7E, 0x4F, 0x52, 0x7E, 0x4F, 0x52, 0x7F, 0x4F, 0x53, 0x7F, 0x4F, 0x53, 0x7F, 0x4F,
    0x54, 0x7F, 0x4F, 0x54, 0x80, 0x4F, 0x55, 0x80, 0x4F, 0x55, 0x80, 0x4F, 0x56, 0x80, 0x4F, 0x56,
    0x81, 0x4F, 0x57, 0x81, 0x4F, 0x57, 0x81, 0x4F, 0x58, 0x81, 0x4F, 0x58, 0x82, 0x4F, 0x59, 0x82,
    0x4F, 0x59, 0x82, 0x4F, 0x5A, 0x82, 0x4F, 0x5A, 0x83, 0x4F, 0x5B, 0x83, 0x4F, 0x5B, 0x83, 0x4F,
    0x5C, 0x83, 0x4F, 0x5C, 0x84, 0x4F, 0x5D, 0x84, 0x4F, 0x5D, 0x84, 0x4F, 0x5E, 0x84, 0x4F, 0x5E,
    0x84, 0x4F, 0x5F, 0x85, 0x4F, 0x5F, 0x85, 0x4F, 0x60, 0x85, 0x4F, 0x60, 0x85, 0x4F, 0x61, 0x86,
    0x4F, 0x61, 0x86, 0x4F, 0x62, 0x86, 0x4F, 0x62, 0x86, 0x4F, 0x63, 0x87, 0x4F, 0x63, 0x87, 0x4F,
    0x64, 0x87, 0x4F, 0x64, 0x87, 0x4F, 0x65, 0x88, 0x4F, 0x65, 0x88, 0x4F, 0x66, 0x88, 0x4F, 0x66,
    0x88, 0x4F, 0x67, 0x89, 0x4F, 0x67, 0x89, 0x4F, 0x68, 0x89, 0x4F, 0x68, 0x89, 0x4F, 0x69, 0x8A,
    0x4F, 0x69, 0x8A, 0x4F, 0x6A, 0x8A, 0x4F, 0x6A, 0x8A, 0x4F, 0x6B, 0x8A, 0x4F, 0x6B, 0x8B, 0x4F,
    0x6C, 0x8B, 0x4F, 0x6C, 0x8B, 0x4F, 0x6D, 0x8B, 0x4F, 0x6D, 0x8C, 0x4F, 0x6E, 0x8C, 0x4F, 0x6E,
    0x8C, 0x4F, 0x6F, 0x8C, 0x4F, 0x6F, 0x66, 0x50, 0x20, 0x67, 0x50, 0x20, 0x67, 0x50, 0x21, 0x67,
    0x50, 0x21, 0x67, 0x50, 0x22, 0x68, 0x50, 0x22, 0x68, 0x50, 0x23, 0x68, 0x50, 0x23, 0x68, 0x50,
    0x24, 0x69, 0x50, 0x24, 0x69, 0x50, 0x25, 0x69, 0x50, 0x25, 0x69, 0x50, 0x26, 0x6A, 0x50, 0x26,
    0x6A, 0x50, 0x27, 0x6A, 0x50, 0x27, 0x6A, 0x50, 0x28, 0x6B, 0x50, 0x28, 0x6B, 0x50, 0x29, 0x6B,
    0x50, 0x29, 0x6B, 0x50, 0x2A, 0x6C, 0x50, 0x2A, 0x6C, 0x50, 0x2B, 0x6C, 0x50, 0x2B, 0x6C, 0x50,
    0x2C, 0x6C, 0x50, 0x2C, 0x6D, 0x50, 0x2D, 0x6D, 0x50, 0x2D, 0x6D, 0x50, 0x2E, 0x6D, 0x50, 0x2E,
    0x6E, 0x50, 0x2F, 0x6E, 0x50, 0x2F, 0x6E, 0x50, 0x30, 0x6E, 0x50, 0x30, 0x6F, 0x50, 0x31, 0x6F,
    0x50, 0x31, 0x6F, 0x50, 0x32, 0x6F, 0x50, 0x32, 0x70, 0x50, 0x33, 0x70, 0x50, 0x33, 0x70, 0x50,
    0x34, 0x70, 0x50, 0x34, 0x71, 0x50, 0x35, 0x71, 0x50, 0x35, 0x71, 0x50, 0x36, 0x71, 0x50, 0x36,
    0x72, 0x50, 0x37, 0x72, 0x50, 0x37, 0x72, 0x50, 0x38, 0x72, 0x50, 0x38, 0x72, 0x50, 0x39, 0x73,
    0x50, 0x39, 0x73, 0x50, 0x3A, 0x73, 0x50, 0x3A, 0x73, 0x50, 0x3B, 0x74, 0x50, 0x3B, 0x74, 0x50,
    0x3C, 0x74, 0x50, 0x3C, 0x74, 0x50, 0x3D, 0x75, 0x50, 0x3D, 0x75, 0x50, 0x3E, 0x75, 0x50, 0x3E,
    0x75, 0x50, 0x3F, 0x76, 0x50, 0x3F, 0x76, 0x50, 0x40, 0x76, 0x50, 0x40, 0x76, 0x50, 0x41, 0x77,
    0x50, 0x41, 0x77, 0x50, 0x42, 0x77, 0x50, 0x42, 0x77, 0x50, 0x43, 0x78, 0x50, 0x43, 0x78, 0x50,
    0x44, 0x78, 0x50, 0x44, 0x78, 0x50, 0x45, 0x78, 0x50, 0x45, 0x79, 0x50, 0x46, 0x79, 0x50, 0x46,
    0x79, 0x50, 0x47, 0x79, 0x50, 0x47, 0x7A, 0x50, 0x48, 0x7A, 0x50, 0x48, 0x7A, 0x50, 0x49, 0x7A,
    0x50, 0x49, 0x7B, 0x50, 0x4A, 0x7B, 0x50, 0x4A, 0x7B, 0x50, 0x4B, 0x7B, 0x50, 0x4B, 0x7C, 0x50,
    0x4C, 0x7C, 0x50, 0x4C, 0x7C, 0x50, 0x4D, 0x7C, 0x50, 0x4D, 0x7D, 0x50, 0x4E, 0x7D, 0x50, 0x4E,
    0x7D, 0x50, 0x4F, 0x7D, 0x50, 0x4F, 0x7E, 0x50, 0x50, 0x7E, 0x50, 0x50, 0x7E, 0x50, 0x51, 0x7E,
    0x50, 0x51, 0x7E, 0x50, 0x52, 0x7F, 0x50, 0x52, 0x7F, 0x50, 0x53, 0x7F, 0x50, 0x53, 0x7F, 0x50,
    0x54, 0x80, 0x50, 0x54, 0x80, 0x50, 0x55, 0x80, 0x50, 0x55, 0x80, 0x50, 0x56, 0x81, 0x50, 0x56,
    0x81, 0x50, 0x57, 0x81, 0x50, 0x57, 0x81, 0x50, 0x58, 0x82, 0x50, 0x58, 0x82, 0x50, 0x59, 0x82,
    0x50, 0x59, 0x82, 0x50, 0x5A, 0x83, 0x50, 0x5A, 0x83, 0x50, 0x5B, 0x83, 0x50, 0x5B, 0x83, 0x50,
    0x5C, 0x84, 0x50, 0x5C, 0x84, 0x50, 0x5D, 0x84, 0x50, 0x5D, 0x84, 0x50, 0x5E, 0x84, 0x50, 0x5E,
    0x85, 0x50, 0x5F, 0x85, 0x50, 0x5F, 0x85, 0x50, 0x60, 0x85, 0x50, 0x60, 0x86, 0x50, 0x61, 0x86,
    0x50, 0x61, 0x86, 0x50, 0x62, 0x86, 0x50, 0x62, 0x87, 0x50, 0x63, 0x87, 0x50, 0x63, 0x87, 0x50,
    0x64, 0x87, 0x50, 0x64, 0x88, 0x50, 0x65, 0x88, 0x50, 0x65, 0x88, 0x50, 0x66, 0x88, 0x50, 0x66,
    0x89, 0x50, 0x67, 0x89, 0x50, 0x67, 0x89, 0x50, 0x68, 0x89, 0x50, 0x68, 0x8A, 0x50, 0x69, 0x8A,
    0x50, 0x69, 0x8A, 0x50, 0x6A, 0x8A, 0x50, 0x6A, 0x8A, 0x50, 0x6B, 0x8B, 0x50, 0x6B, 0x8B, 0x50,
    0x6C, 0x8B, 0x50, 0x6C, 0x8B, 0x50, 0x6D, 0x8C, 0x50, 0x6D, 0x8C, 0x50, 0x6E, 0x8C, 0x50, 0x6E,
    0x8C, 0x50, 0x6F, 0x8D, 0x50, 0x6F, 0x67, 0x51, 0x20, 0x67, 0x51, 0x20, 0x67, 0x51, 0x21, 0x67,
    0x51, 0x21, 0x68, 0x51, 0x22, 0x68, 0x51, 0x22, 0x68, 0x51, 0x23, 0x68, 0x51, 0x23, 0x69, 0x51,
    0x24, 0x69, 0x51, 0x24, 0x69, 0x51, 0x25, 0x69, 0x51, 0x25, 0x6A, 0x51, 0x26, 0x6A, 0x51, 0x26,
    0x6A, 0x51, 0x27, 0x6A, 0x51, 0x27, 0x6B, 0x51, 0x28, 0x6B, 0x51, 0x28, 0x6B, 0x51, 0x29, 0x6B,
    0x51, 0x29, 0x6C, 0x51, 0x2A, 0x6C, 0x51, 0x2A, 0x6C, 0x51, 0x2B, 0x6C, 0x51, 0x2B, 0x6C, 0x51,
    0x2C, 0x6D, 0x51, 0x2C, 0x6D, 0x51, 0x2D, 0x6D, 0x51, 0x2D, 0x6D, 0x51, 0x2E, 0x6E, 0x51, 0x2E,
    0x6E, 0x51, 0x2F, 0x6E, 0x51, 0x2F, 0x6E, 0x51, 0x30, 0x6F, 0x51, 0x30, 0x6F, 0x51, 0x31, 0x6F,
    0x51, 0x31, 0x6F, 0x51, 0x32, 0x70, 0x51, 0x32, 0x70, 0x51, 0x33, 0x70, 0x51, 0x33, 0x70, 0x51,
    0x34, 0x71, 0x51, 0x34, 0x71, 0x51, 0x35, 0x71, 0x51, 0x35, 0x71, 0x51, 0x36, 0x72, 0x51, 0x36,
    0x72, 0x51, 0x37, 0x72, 0x51, 0x37, 0x72, 0x51, 0x38, 0x72, 0x51, 0x38, 0x73, 0x51, 0x39, 0x73,
    0x51, 0x39, 0x73, 0x51, 0x3A, 0x73, 0x51, 0x3A, 0x74, 0x51, 0x3B, 0x74, 0x51, 0x3B, 0x74, 0x51,
    0x3C, 0x74, 0x51, 0x3C, 0x75, 0x51, 0x3D, 0x75, 0x51, 0x3D, 0x75, 0x51, 0x3E, 0x75, 0x51, 0x3E,
    0x76, 0x51, 0x3F, 0x76, 0x51, 0x3F, 0x76, 0x51, 0x40, 0x76, 0x51, 0x40, 0x77, 0x51, 0x41, 0x77,
    0x51, 0x41, 0x77, 0x51, 0x42, 0x77, 0x51, 0x42, 0x78, 0x51, 0x43, 0x78, 0x51, 0x43, 0x78, 0x51,
    0x44, 0x78, 0x51, 0x44, 0x78, 0x51, 0x45, 0x79, 0x51, 0x45, 0x79, 0x51, 0x46, 0x79, 0x51, 0x46,
    0x79, 0x51, 0x47, 0x7A, 0x51, 0x47, 0x7A, 0x51, 0x48, 0x7A, 0x51, 0x48, 0x7A, 0x51, 0x49, 0x7B,
    0x51, 0x49, 0x7B, 0x51, 0x4A, 0x7B, 0x51, 0x4A, 0x7B, 0x51, 0x4B, 0x7C, 0x51, 0x4B, 0x7C, 0x51,
    0x4C, 0x7C, 0x51, 0x4C, 0x7C, 0x51, 0x4D, 0x7D, 0x51, 0x4D, 0x7D, 0x51, 0x4E, 0x7D, 0x51, 0x4E,
    0x7D, 0x51, 0x4F, 0x7E, 0x51, 0x4F, 0x7E, 0x51, 0x50, 0x7E, 0x51, 0x50, 0x7E, 0x51, 0x51, 0x7E,
    0x51, 0x51, 0x7F, 0x51, 0x52, 0x7F, 0x51, 0x52, 0x7F, 0x51, 0x53, 0x7F, 0x51, 0x53, 0x80, 0x51,
    0x54, 0x80, 0x51, 0x54, 0x80, 0x51, 0x55, 0x80, 0x51, 0x55, 0x81, 0x51, 0x56, 0x81, 0x51, 0x56,
    0x81, 0x51, 0x57, 0x81, 0x51, 0x57, 0x82, 0x51, 0x58, 0x82, 0x51, 0x58, 0x82, 0x51, 0x59, 0x82,
    0x51, 0x59, 0x83, 0x51, 0x5A, 0x83, 0x51, 0x5A, 0x83, 0x51, 0x5B, 0x83, 0x51, 0x5B, 0x84, 0x51,
    0x5C, 0x84, 0x51, 0x5C, 0x84, 0x51, 0x5D, 0x84, 0x51, 0x5D, 0x84, 0x51, 0x5E, 0x85, 0x51, 0x5E,
    0x85, 0x51, 0x5F, 0x85, 0x51, 0x5F, 0x85, 0x51, 0x60, 0x86, 0x51, 0x60, 0x86, 0x51, 0x61, 0x86,
    0x51, 0x61, 0x86, 0x51, 0x62, 0x87, 0x51, 0x62, 0x87, 0x51, 0x63, 0x87, 0x51, 0x63, 0x87, 0x51,
    0x64, 0x88, 0x51, 0x64, 0x88, 0x51, 0x65, 0x88, 0x51, 0x65, 0x88, 0x51, 0x66, 0x89, 0x51, 0x66,
    0x89, 0x51, 0x67, 0x89, 0x51, 0x67, 0x89, 0x51, 0x68, 0x8A, 0x51, 0x68, 0x8A, 0x51, 0x69, 0x8A,
    0x51, 0x69, 0x8A, 0x51, 0x6A, 0x8A, 0x51, 0x6A, 0x8B, 0x51, 0x6B, 0x8B, 0x51, 0x6B, 0x8B, 0x51,
    0x6C, 0x8B, 0x51, 0x6C, 0x8C, 0x51, 0x6D, 0x8C, 0x51, 0x6D, 0x8C, 0x51, 0x6E, 0x8C, 0x51, 0x6E,
    0x8D, 0x51, 0x6F, 0x8D, 0x51, 0x6F, 0x67, 0x52, 0x20, 0x67, 0x52, 0x20, 0x67, 0x52, 0x21, 0x68,
    0x52, 0x21, 0x68, 0x52, 0x22, 0x68, 0x52, 0x22, 0x68, 0x52, 0x23, 0x69, 0x52, 0x23, 0x69, 0x52,
    0x24, 0x69, 0x52, 0x24, 0x69, 0x52, 0x25, 0x6A, 0x52, 0x25, 0x6A, 0x52, 0x26, 0x6A, 0x52, 0x26,
    0x6A, 0x52, 0x27, 0x6B, 0x52, 0x27, 0x6B, 0x52, 0x28, 0x6B, 0x52, 0x28, 0x6B, 0x52, 0x29, 0x6C,
    0x52, 0x29, 0x6C, 0x52, 0x2A, 0x6C, 0x52, 0x2A, 0x6C, 0x52, 0x2B, 0x6C, 0x52, 0x2B, 0x6D, 0x52,
    0x2C, 0x6D, 0x52, 0x2C, 0x6D, 0x52, 0x2D, 0x6D, 0x52, 0x2D, 0x6E, 0x52, 0x2E, 0x6E, 0x52, 0x2E,
    0x6E, 0x52, 0x2F, 0x6E, 0x52, 0x2F, 0x6F, 0x52, 0x30, 0x6F, 0x52, 0x30, 0x6F, 0x52, 0x31, 0x6F,
    0x52, 0x31, 0x70, 0x52, 0x32, 0x70, 0x52, 0x32, 0x70, 0x52, 0x33, 0x70, 0x52, 0x33, 0x71, 0x52,
    0x34, 0x71, 0x52, 0x34, 0x71, 0x52, 0x35, 0x71, 0x52, 0x35, 0x72, 0x52, 0x36, 0x72, 0x52, 0x36,
    0x72, 0x52, 0x37, 0x72, 0x52, 0x37, 0x72, 0x52, 0x38, 0x73, 0x52, 0x38, 0x73, 0x52, 0x39, 0x73,
    0x52, 0x39, 0x73, 0x52, 0x3A, 0x74, 0x52, 0x3A, 0x74, 0x52, 0x3B, 0x74, 0x52, 0x3B, 0x74, 0x52,
    0x3C, 0x75, 0x52, 0x3C, 0x75, 0x52, 0x3D, 0x75, 0x52, 0x3D, 0x75, 0x52, 0x3E, 0x76, 0x52, 0x3E,
    0x76, 0x52, 0x3F, 0x76, 0x52, 0x3F, 0x76, 0x52, 0x40, 0x77, 0x52, 0x40, 0x77, 0x52, 0x41, 0x77,
    0x52, 0x41, 0x77, 0x52, 0x42, 0x78, 0x52, 0x42, 0x78, 0x52, 0x43, 0x78, 0x52, 0x43, 0x78, 0x52,
    0x44, 0x78, 0x52, 0x44, 0x79, 0x52, 0x45, 0x79, 0x52, 0x45, 0x79, 0x52, 0x46, 0x79, 0x52, 0x46,
    0x7A, 0x52, 0x47, 0x7A, 0x52, 0x47, 0x7A, 0x52, 0x48, 0x7A, 0x52, 0x48, 0x7B, 0x52, 0x49, 0x7B,
    0x52, 0x49, 0x7B, 0x52, 0x4A, 0x7B, 0x52, 0x4A, 0x7C, 0x52, 0x4B, 0x7C, 0x52, 0x4B, 0x7C, 0x52,
    0x4C, 0x7C, 0x52, 0x4C, 0x7D, 0x52, 0x4D, 0x7D, 0x52, 0x4D, 0x7D, 0x52, 0x4E, 0x7D, 0x52, 0x4E,
    0x7E, 0x52, 0x4F, 0x7E, 0x52, 0x4F, 0x7E, 0x52, 0x50, 0x7E, 0x52, 0x50, 0x7E, 0x52, 0x51, 0x7F,
    0x52, 0x51, 0x7F, 0x52, 0x52, 0x7F, 0x52, 0x52, 0x7F, 0x52, 0x53, 0x80, 0x52, 0x53, 0x80, 0x52,
    0x54, 0x80, 0x52, 0x54, 0x80, 0x52, 0x55, 0x81, 0x52, 0x55, 0x81, 0x52, 0x56, 0x81, 0x52, 0x56,
    0x81, 0x52, 0x57, 0x82, 0x52, 0x57, 0x82, 0x52, 0x58, 0x82, 0x52, 0x58, 0x82, 0x52, 0x59, 0x83,
    0x52, 0x59, 0x83, 0x52, 0x5A, 0x83, 0x52, 0x5A, 0x83, 0x52, 0x5B, 0x84, 0x52, 0x5B, 0x84, 0x52,
    0x5C, 0x84, 0x52, 0x5C, 0x84, 0x52, 0x5D, 0x84, 0x52, 0x5D, 0x85, 0x52, 0x5E, 0x85, 0x52, 0x5E,
    0x85, 0x52, 0x5F, 0x85, 0x52, 0x5F, 0x86, 0x52, 0x60, 0x86, 0x52, 0x60, 0x86, 0x52, 0x61, 0x86,
    0x52, 0x61, 0x87, 0x52, 0x62, 0x87, 0x52, 0x62, 0x87, 0x52, 0x63, 0x87, 0x52, 0x63, 0x88, 0x52,
    0x64, 0x88, 0x52, 0x64, 0x88, 0x52, 0x65, 0x88, 0x52, 0x65, 0x89, 0x52, 0x66, 0x89, 0x52, 0x66,
    0x89, 0x52, 0x67, 0x89, 0x52, 0x67, 0x8A, 0x52, 0x68, 0x8A, 0x52, 0x68, 0x8A, 0x52, 0x69, 0x8A,
    0x52, 0x69, 0x8A, 0x52, 0x6A, 0x8B, 0x52, 0x6A, 0x8B, 0x52, 0x6B, 0x8B, 0x52, 0x6B, 0x8B, 0x52,
    0x6C, 0x8C, 0x52, 0x6C, 0x8C, 0x52, 0x6D, 0x8C, 0x52, 0x6D, 0x8C, 0x52, 0x6E, 0x8D, 0x52, 0x6E,
    0x8D, 0x52, 0x6F, 0x8D, 0x52, 0x6F, 0x67, 0x53, 0x20, 0x67, 0x53, 0x20, 0x68, 0x53, 0x21, 0x68,
    0x53, 0x21, 0x68, 0x53, 0x22, 0x68, 0x53, 0x22, 0x69, 0x53, 0x23, 0x69, 0x53, 0x23, 0x69, 0x53,
    0x24, 0x69, 0x53, 0x24, 0x6A, 0x53, 0x25, 0x6A, 0x53, 0x25, 0x6A, 0x53, 0x26, 0x6A, 0x53, 0x26,
    0x6B, 0x53, 0x27, 0x6B, 0x53, 0x27, 0x6B, 0x53, 0x28, 0x6B, 0x53, 0x28, 0x6C, 0x53, 0x29, 0x6C,
    0x53, 0x29, 0x6C, 0x53, 0x2A, 0x6C, 0x53, 0x2A, 0x6C, 0x53, 0x2B, 0x6D, 0x53, 0x2B, 0x6D, 0x53,
    0x2C, 0x6D, 0x53, 0x2C, 0x6D, 0x53, 0x2D, 0x6E, 0x53, 0x2D, 0x6E, 0x53, 0x2E, 0x6E, 0x53, 0x2E,
    0x6E, 0x53, 0x2F, 0x6F, 0x53, 0x2F, 0x6F, 0x53, 0x30, 0x6F, 0x53, 0x30, 0x6F, 0x53, 0x31, 0x70,
    0x53, 0x31, 0x70, 0x53, 0x32, 0x70, 0x53, 0x32, 0x70, 0x53, 0x33, 0x71, 0x53, 0x33, 0x71, 0x53,
    0x34, 0x71, 0x53, 0x34, 0x71, 0x53, 0x35, 0x72, 0x53, 0x35, 0x72, 0x53, 0x36, 0x72, 0x53, 0x36,
    0x72, 0x53, 0x37, 0x72, 0x53, 0x37, 0x73, 0x53, 0x38, 0x73, 0x53, 0x38, 0x73, 0x53, 0x39, 0x73,
    0x53, 0x39, 0x74, 0x53, 0x3A, 0x74, 0x53, 0x3A, 0x74, 0x53, 0x3B, 0x74, 0x53, 0x3B, 0x75, 0x53,
    0x3C, 0x75, 0x53, 0x3C, 0x75, 0x53, 0x3D, 0x75, 0x53, 0x3D, 0x76, 0x53, 0x3E, 0x76, 0x53, 0x3E,
    0x76, 0x53, 0x3F, 0x76, 0x53, 0x3F, 0x77, 0x53, 0x40, 0x77, 0x53, 0x40, 0x77, 0x53, 0x41, 0x77,
    0x53, 0x41, 0x78, 0x53, 0x42, 0x78, 0x53, 0x42, 0x78, 0x53, 0x43, 0x78, 0x53, 0x43, 0x78, 0x53,
    0x44, 0x79, 0x53, 0x44, 0x79, 0x53, 0x45, 0x79, 0x53, 0x45, 0x79, 0x53, 0x46, 0x7A, 0x53, 0x46,
    0x7A, 0x53, 0x47, 0x7A, 0x53, 0x47, 0x7A, 0x53, 0x48, 0x7B, 0x53, 0x48, 0x7B, 0x53, 0x49, 0x7B,
    0x53, 0x49, 0x7B, 0x53, 0x4A, 0x7C, 0x53, 0x4A, 0x7C, 0x53, 0x4B, 0x7C, 0x53, 0x4B, 0x7C, 0x53,
    0x4C, 0x7D, 0x53, 0x4C, 0x7D, 0x53, 0x4D, 0x7D, 0x53, 0x4D, 0x7D, 0x53, 0x4E, 0x7E, 0x53, 0x4E,
    0x7E, 0x53, 0x4F, 0x7E, 0x53, 0x4F, 0x7E, 0x53, 0x50, 0x7E, 0x53, 0x50, 0x7F, 0x53, 0x51, 0x7F,
    0x53, 0x51, 0x7F, 0x53, 0x52, 0x7F, 0x53, 0x52, 0x80, 0x53, 0x53, 0x80, 0x53, 0x53, 0x80, 0x53,
    0x54, 0x80, 0x53, 0x54, 0x81, 0x53, 0x55, 0x81, 0x53, 0x55, 0x81, 0x53, 0x56, 0x81, 0x53, 0x56,
    0x82, 0x53, 0x57, 0x82, 0x53, 0x57, 0x82, 0x53, 0x58, 0x82, 0x53, 0x58, 0x83, 0x53, 0x59, 0x83,
    0x53, 0x59, 0x83, 0x53, 0x5A, 0x83, 0x53, 0x5A, 0x84, 0x53, 0x5B, 0x84, 0x53, 0x5B, 0x84, 0x53,
    0x5C, 0x84, 0x53, 0x5C, 0x84, 0x53, 0x5D, 0x85, 0x53, 0x5D, 0x85, 0x53, 0x5E, 0x85, 0x53, 0x5E,
    0x85, 0x53, 0x5F, 0x86, 0x53, 0x5F, 0x86, 0x53, 0x60, 0x86, 0x53, 0x60, 0x86, 0x53, 0x61, 0x87,
    0x53, 0x61, 0x87, 0x53, 0x62, 0x87, 0x53, 0x62, 0x87, 0x53, 0x63, 0x88, 0x53, 0x63, 0x88, 0x53,
    0x64, 0x88, 0x53, 0x64, 0x88, 0x53, 0x65, 0x89, 0x53, 0x65, 0x89, 0x53, 0x66, 0x89, 0x53, 0x66,
    0x89, 0x53, 0x67, 0x8A, 0x53, 0x67, 0x8A, 0x53, 0x68, 0x8A, 0x53, 0x68, 0x8A, 0x53, 0x69, 0x8A,
    0x53, 0x69, 0x8B, 0x53, 0x6A, 0x8B, 0x53, 0x6A, 0x8B, 0x53, 0x6B, 0x8B, 0x53, 0x6B, 0x8C, 0x53,
    0x6C, 0x8C, 0x53, 0x6C, 0x8C, 0x53, 0x6D, 0x8C, 0x53, 0x6D, 0x8D, 0x53, 0x6E, 0x8D, 0x53, 0x6E,
    0x8D, 0x53, 0x6F, 0x8D, 0x53, 0x6F, 0x67, 0x54, 0x20, 0x68, 0x54, 0x20, 0x68, 0x54, 0x21, 0x68,
    0x54, 0x21, 0x68, 0x54, 0x22, 0x69, 0x54, 0x22, 0x69, 0x54, 0x23, 0x69, 0x54, 0x23, 0x69, 0x54,
    0x24, 0x6A, 0x54, 0x24, 0x6A, 0x54, 0x25, 0x6A, 0x54, 0x25, 0x6A, 0x54, 0x26, 0x6B, 0x54, 0x26,
    0x6B, 0x54, 0x27, 0x6B, 0x54, 0x27, 0x6B, 0x54, 0x28, 0x6C, 0x54, 0x28, 0x6C, 0x54, 0x29, 0x6C,
    0x54, 0x29, 0x6C, 0x54, 0x2A, 0x6C, 0x54, 0x2A, 0x6D, 0x54, 0x2B, 0x6D, 0x54, 0x2B, 0x6D, 0x54,
    0x2C, 0x6D, 0x54, 0x2C, 0x6E, 0x54, 0x2D, 0x6E, 0x54, 0x2D, 0x6E, 0x54, 0x2E, 0x6E, 0x54, 0x2E,
    0x6F, 0x54, 0x2F, 0x6F, 0x54, 0x2F, 0x6F, 0x54, 0x30, 0x6F, 0x54, 0x30, 0x70, 0x54, 0x31, 0x70,
    0x54, 0x31, 0x70, 0x54, 0x32, 0x70, 0x54, 0x32, 0x71, 0x54, 0x33, 0x71, 0x54, 0x33, 0x71, 0x54,
    0x34, 0x71, 0x54, 0x34, 0x72, 0x54, 0x35, 0x72, 0x54, 0x35, 0x72, 0x54, 0x36, 0x72, 0x54, 0x36,
    0x72, 0x54, 0x37, 0x73, 0x54, 0x37, 0x73, 0x54, 0x38, 0x73, 0x54, 0x38, 0x73, 0x54, 0x39, 0x74,
    0x54, 0x39, 0x74, 0x54, 0x3A, 0x74, 0x54, 0x3A, 0x74, 0x54, 0x3B, 0x75, 0x54, 0x3B, 0x75, 0x54,
    0x3C, 0x75, 0x54, 0x3C, 0x75, 0x54, 0x3D, 0x76, 0x54, 0x3D, 0x76, 0x54, 0x3E, 0x76, 0x54, 0x3E,
    0x76, 0x54, 0x3F, 0x77, 0x54, 0x3F, 0x77, 0x54, 0x40, 0x77, 0x54, 0x40, 0x77, 0x54, 0x41, 0x78,
    0x54, 0x41, 0x78, 0x54, 0x42, 0x78, 0x54, 0x42, 0x78, 0x54, 0x43, 0x78, 0x54, 0x43, 0x79, 0x54,
    0x44, 0x79, 0x54, 0x44, 0x79, 0x54, 0x45, 0x79, 0x54, 0x45, 0x7A, 0x54, 0x46, 0x7A, 0x54, 0x46,
    0x7A, 0x54, 0x47, 0x7A, 0x54, 0x47, 0x7B, 0x54, 0x48, 0x7B, 0x54, 0x48, 0x7B, 0x54, 0x49, 0x7B,
    0x54, 0x49, 0x7C, 0x54, 0x4A, 0x7C, 0x54, 0x4A, 0x7C, 0x54, 0x4B, 0x7C, 0x54, 0x4B, 0x7D, 0x54,
    0x4C, 0x7D, 0x54, 0x4C, 0x7D, 0x54, 0x4D, 0x7D, 0x54, 0x4D, 0x7E, 0x54, 0x4E, 0x7E, 0x54, 0x4E,
    0x7E, 0x54, 0x4F, 0x7E, 0x54, 0x4F, 0x7E, 0x54, 0x50, 0x7F, 0x54, 0x50, 0x7F, 0x54, 0x51, 0x7F,
    0x54, 0x51, 0x7F, 0x54, 0x52, 0x80, 0x54, 0x52, 0x80, 0x54, 0x53, 0x80, 0x54, 0x53, 0x80, 0x54,
    0x54, 0x81, 0x54, 0x54, 0x81, 0x54, 0x55, 0x81, 0x54, 0x55, 0x81, 0x54, 0x56, 0x82, 0x54, 0x56,
    0x82, 0x54, 0x57, 0x82, 0x54, 0x57, 0x82, 0x54, 0x58, 0x83, 0x54, 0x58, 0x83, 0x54, 0x59, 0x83,
    0x54, 0x59, 0x83, 0x54, 0x5A, 0x84, 0x54, 0x5A, 0x84, 0x54, 0x5B, 0x84, 0x54, 0x5B, 0x84, 0x54,
    0x5C, 0x84, 0x54, 0x5C, 0x85, 0x54, 0x5D, 0x85, 0x54, 0x5D, 0x85, 0x54, 0x5E, 0x85, 0x54, 0x5E,
    0x86, 0x54, 0x5F, 0x86, 0x54, 0x5F, 0x86, 0x54, 0x60, 0x86, 0x54, 0x60, 0x87, 0x54, 0x61, 0x87,
    0x54, 0x61, 0x87, 0x54, 0x62, 0x87, 0x54, 0x62, 0x88, 0x54, 0x63, 0x88, 0x54, 0x63, 0x88, 0x54,
    0x64, 0x88, 0x54, 0x64, 0x89, 0x54, 0x65, 0x89, 0x54, 0x65, 0x89, 0x54, 0x66, 0x89, 0x54, 0x66,
    0x8A, 0x54, 0x67, 0x8A, 0x54, 0x67, 0x8A, 0x54, 0x68, 0x8A, 0x54, 0x68, 0x8A, 0x54, 0x69, 0x8B,
    0x54, 0x69, 0x8B, 0x54, 0x6A, 0x8B, 0x54, 0x6A, 0x8B, 0x54, 0x6B, 0x8C, 0x54, 0x6B, 0x8C, 0x54,
    0x6C, 0x8C, 0x54, 0x6C, 0x8C, 0x54, 0x6D, 0x8D, 0x54, 0x6D, 0x8D, 0x54, 0x6E, 0x8D, 0x54, 0x6E,
    0x8D, 0x54, 0x6F, 0x8E, 0x54, 0x6F, 0x68, 0x55, 0x20, 0x68, 0x55, 0x20, 0x68, 0x55, 0x21, 0x68,
    0x55, 0x21, 0x69, 0x55, 0x22, 0x69, 0x55, 0x22, 0x69, 0x55, 0x23, 0x69, 0x55, 0x23, 0x6A, 0x55,
    0x24, 0x6A, 0x55, 0x24, 0x6A, 0x55, 0x25, 0x6A, 0x55, 0x25, 0x6B, 0x55, 0x26, 0x6B, 0x55, 0x26,
    0x6B, 0x55, 0x27, 0x6B, 0x55, 0x27, 0x6C, 0x55, 0x28, 0x6C, 0x55, 0x28, 0x6C, 0x55, 0x29, 0x6C,
    0x55, 0x29, 0x6C, 0x55, 0x2A, 0x6D, 0x55, 0x2A, 0x6D, 0x55, 0x2B, 0x6D, 0x55, 0x2B, 0x6D, 0x55,
    0x2C, 0x6E, 0x55, 0x2C, 0x6E, 0x55, 0x2D, 0x6E, 0x55, 0x2D, 0x6E, 0x55, 0x2E, 0x6F, 0x55, 0x2E,
    0x6F, 0x55, 0x2F, 0x6F, 0x55, 0x2F, 0x6F, 0x55, 0x30, 0x70, 0x55, 0x30, 0x70, 0x55, 0x31, 0x70,
    0x55, 0x31, 0x70, 0x55, 0x32, 0x71, 0x55, 0x32, 0x71, 0x55, 0x33, 0x71, 0x55, 0x33, 0x71, 0x55,
    0x34, 0x72, 0x55, 0x34, 0x72, 0x55, 0x35, 0x72, 0x55, 0x35, 0x72, 0x55, 0x36, 0x72, 0x55, 0x36,
    0x73, 0x55, 0x37, 0x73, 0x55, 0x37, 0x73, 0x55, 0x38, 0x73, 0x55, 0x38, 0x74, 0x55, 0x39, 0x74,
    0x55, 0x39, 0x74, 0x55, 0x3A, 0x74, 0x55, 0x3A, 0x75, 0x55, 0x3B, 0x75, 0x55, 0x3B, 0x75, 0x55,
    0x3C, 0x75, 0x55, 0x3C, 0x76, 0x55, 0x3D, 0x76, 0x55, 0x3D, 0x76, 0x55, 0x3E, 0x76, 0x55, 0x3E,
    0x77, 0x55, 0x3F, 0x77, 0x55, 0x3F, 0x77, 0x55, 0x40, 0x77, 0x55, 0x40, 0x78, 0x55, 0x41, 0x78,
    0x55, 0x41, 0x78, 0x55, 0x42, 0x78, 0x55, 0x42, 0x78, 0x55, 0x43, 0x79, 0x55, 0x43, 0x79, 0x55,
    0x44, 0x79, 0x55, 0x44, 0x79, 0x55, 0x45, 0x7A, 0x55, 0x45, 0x7A, 0x55, 0x46, 0x7A, 0x55, 0x46,
    0x7A, 0x55, 0x47, 0x7B, 0x55, 0x47, 0x7B, 0x55, 0x48, 0x7B, 0x55, 0x48, 0x7B, 0x55, 0x49, 0x7C,
    0x55, 0x49, 0x7C, 0x55, 0x4A, 0x7C, 0x55, 0x4A, 0x7C, 0x55, 0x4B, 0x7D, 0x55, 0x4B, 0x7D, 0x55,
    0x4C, 0x7D, 0x55, 0x4C, 0x7D, 0x55, 0x4D, 0x7E, 0x55, 0x4D, 0x7E, 0x55, 0x4E, 0x7E, 0x55, 0x4E,
    0x7E, 0x55, 0x4F, 0x7E, 0x55, 0x4F, 0x7F, 0x55, 0x50, 0x7F, 0x55, 0x50, 0x7F, 0x55, 0x51, 0x7F,
    0x55, 0x51, 0x80, 0x55, 0x52, 0x80, 0x55, 0x52, 0x80, 0x55, 0x53, 0x80, 0x55, 0x53, 0x81, 0x55,
    0x54, 0x81, 0x55, 0x54, 0x81, 0x55, 0x55, 0x81, 0x55, 0x55, 0x82, 0x55, 0x56, 0x82, 0x55, 0x56,
    0x82, 0x55, 0x57, 0x82, 0x55, 0x57, 0x83, 0x55, 0x58, 0x83, 0x55, 0x58, 0x83, 0x55, 0x59, 0x83,
    0x55, 0x59, 0x84, 0x55, 0x5A, 0x84, 0x55, 0x5A, 0x84, 0x55, 0x5B, 0x84, 0x55, 0x5B, 0x84, 0x55,
    0x5C, 0x85, 0x55, 0x5C, 0x85, 0x55, 0x5D, 0x85, 0x55, 0x5D, 0x85, 0x55, 0x5E, 0x86, 0x55, 0x5E,
    0x86, 0x55, 0x5F, 0x86, 0x55, 0x5F, 0x86, 0x55, 0x60, 0x87, 0x55, 0x60, 0x87, 0x55, 0x61, 0x87,
    0x55, 0x61, 0x87, 0x55, 0x62, 0x88, 0x55, 0x62, 0x88, 0x55, 0x63, 0x88, 0x55, 0x63, 0x88, 0x55,
    0x64, 0x89, 0x55, 0x64, 0x89, 0x55, 0x65, 0x89, 0x55, 0x65, 0x89, 0x55, 0x66, 0x8A, 0x55, 0x66,
    0x8A, 0x55, 0x67, 0x8A, 0x55, 0x67, 0x8A, 0x55, 0x68, 0x8A, 0x55, 0x68, 0x8B, 0x55, 0x69, 0x8B,
    0x55, 0x69, 0x8B, 0x55, 0x6A, 0x8B, 0x55, 0x6A, 0x8C, 0x55, 0x6B, 0x8C, 0x55, 0x6B, 0x8C, 0x55,
    0x6C, 0x8C, 0x55, 0x6C, 0x8D, 0x55, 0x6D, 0x8D, 0x55, 0x6D, 0x8D, 0x55, 0x6E, 0x8D, 0x55, 0x6E,
    0x8E, 0x55, 0x6F, 0x8E, 0x55, 0x6F, 0x68, 0x56, 0x20, 0x68, 0x56, 0x20, 0x68, 0x56, 0x21, 0x69,
    0x56, 0x21, 0x69, 0x56, 0x22, 0x69, 0x56, 0x22, 0x69, 0x56, 0x23, 0x6A, 0x56, 0x23, 0x6A, 0x56,
    0x24, 0x6A, 0x56, 0x24, 0x6A, 0x56, 0x25, 0x6B, 0x56, 0x25, 0x6B, 0x56, 0x26, 0x6B, 0x56, 0x26,
    0x6B, 0x56, 0x27, 0x6C, 0x56, 0x27, 0x6C, 0x56, 0x28, 0x6C, 0x56, 0x28, 0x6C, 0x56, 0x29, 0x6C,
    0x56, 0x29, 0x6D, 0x56, 0x2A, 0x6D, 0x56, 0x2A, 0x6D, 0x56, 0x2B, 0x6D, 0x56, 0x2B, 0x6E, 0x56,
    0x2C, 0x6E, 0x56, 0x2C, 0x6E, 0x56, 0x2D, 0x6E, 0x56, 0x2D, 0x6F, 0x56, 0x2E, 0x6F, 0x56, 0x2E,
    0x6F, 0x56, 0x2F, 0x6F, 0x56, 0x2F, 0x70, 0x56, 0x30, 0x70, 0x56, 0x30, 0x70, 0x56, 0x31, 0x70,
    0x56, 0x31, 0x71, 0x56, 0x32, 0x71, 0x56, 0x32, 0x71, 0x56, 0x33, 0x71, 0x56, 0x33, 0x72, 0x56,
    0x34, 0x72, 0x56, 0x34, 0x72, 0x56, 0x35, 0x72, 0x56, 0x35, 0x72, 0x56, 0x36, 0x73, 0x56, 0x36,
    0x73, 0x56, 0x37, 0x73, 0x56, 0x37, 0x73, 0x56, 0x38, 0x74, 0x56, 0x38, 0x74, 0x56, 0x39, 0x74,
    0x56, 0x39, 0x74, 0x56, 0x3A, 0x75, 0x56, 0x3A, 0x75, 0x56, 0x3B, 0x75, 0x56, 0x3B, 0x75, 0x56,
    0x3C, 0x76, 0x56, 0x3C, 0x76, 0x56, 0x3D, 0x76, 0x56, 0x3D, 0x76, 0x56, 0x3E, 0x77, 0x56, 0x3E,
    0x77, 0x56, 0x3F, 0x77, 0x56, 0x3F, 0x77, 0x56, 0x40, 0x78, 0x56, 0x40, 0x78, 0x56, 0x41, 0x78,
    0x56, 0x41, 0x78, 0x56, 0x42, 0x78, 0x56, 0x42, 0x79, 0x56, 0x43, 0x79, 0x56, 0x43, 0x79, 0x56,
    0x44, 0x79, 0x56, 0x44, 0x7A, 0x56, 0x45, 0x7A, 0x56, 0x45, 0x7A, 0x56, 0x46, 0x7A, 0x56, 0x46,
    0x7B, 0x56, 0x47, 0x7B, 0x56, 0x47, 0x7B, 0x56, 0x48, 0x7B, 0x56, 0x48, 0x7C, 0x56, 0x49, 0x7C,
    0x56, 0x49, 0x7C, 0x56, 0x4A, 0x7C, 0x56, 0x4A, 0x7D, 0x56, 0x4B, 0x7D, 0x56, 0x4B, 0x7D, 0x56,
    0x4C, 0x7D, 0x56, 0x4C, 0x7E, 0x56, 0x4D, 0x7E, 0x56, 0x4D, 0x7E, 0x56, 0x4E, 0x7E, 0x56, 0x4E,
    0x7E, 0x56, 0x4F, 0x7F, 0x56, 0x4F, 0x7F, 0x56, 0x50, 0x7F, 0x56, 0x50, 0x7F, 0x56, 0x51, 0x80,
    0x56, 0x51, 0x80, 0x56, 0x52, 0x80, 0x56, 0x52, 0x80, 0x56, 0x53, 0x81, 0x56, 0x53, 0x81, 0x56,
    0x54, 0x81, 0x56, 0x54, 0x81, 0x56, 0x55, 0x82, 0x56, 0x55, 0x82, 0x56, 0x56, 0x82, 0x56, 0x56,
    0x82, 0x56, 0x57, 0x83, 0x56, 0x57, 0x83, 0x56, 0x58, 0x83, 0x56, 0x58, 0x83, 0x56, 0x59, 0x84,
    0x56, 0x59, 0x84, 0x56, 0x5A, 0x84, 0x56, 0x5A, 0x84, 0x56, 0x5B, 0x84, 0x56, 0x5B, 0x85, 0x56,
    0x5C, 0x85, 0x56, 0x5C, 0x85, 0x56, 0x5D, 0x85, 0x56, 0x5D, 0x86, 0x56, 0x5E, 0x86, 0x56, 0x5E,
    0x86, 0x56, 0x5F, 0x86, 0x56, 0x5F, 0x87, 0x56, 0x60, 0x87, 0x56, 0x60, 0x87, 0x56, 0x61, 0x87,
    0x56, 0x61, 0x88, 0x56, 0x62, 0x88, 0x56, 0x62, 0x88, 0x56, 0x63, 0x88, 0x56, 0x63, 0x89, 0x56,
    0x64, 0x89, 0x56, 0x64, 0x89, 0x56, 0x65, 0x89, 0x56, 0x65, 0x8A, 0x56, 0x66, 0x8A, 0x56, 0x66,
    0x8A, 0x56, 0x67, 0x8A, 0x56, 0x67, 0x8A, 0x56, 0x68, 0x8B, 0x56, 0x68, 0x8B, 0x56, 0x69, 0x8B,
    0x56, 0x69, 0x8B, 0x56, 0x6A, 0x8C, 0x56, 0x6A, 0x8C, 0x56, 0x6B, 0x8C, 0x56, 0x6B, 0x8C, 0x56,
    0x6C, 0x8D, 0x56, 0x6C, 0x8D, 0x56, 0x6D, 0x8D, 0x56, 0x6D, 0x8D, 0x56, 0x6E, 0x8E, 0x56, 0x6E,
    0x8E, 0x56, 0x6F, 0x8E, 0x56, 0x6F, 0x68, 0x58, 0x20, 0x68, 0x58, 0x20, 0x69, 0x58, 0x21, 0x69,
    0x58, 0x21, 0x69, 0x58, 0x22, 0x69, 0x58, 0x22, 0x6A, 0x58, 0x23, 0x6A, 0x58, 0x23, 0x6A, 0x58,
    0x24, 0x6A, 0x58, 0x24, 0x6B, 0x58, 0x25, 0x6B, 0x58, 0x25, 0x6B, 0x58, 0x26, 0x6B, 0x58, 0x26,
    0x6C, 0x58, 0x27, 0x6C, 0x58, 0x27, 0x6C, 0x58, 0x28, 0x6C, 0x58, 0x28, 0x6C, 0x58, 0x29, 0x6D,
    0x58, 0x29, 0x6D, 0x58, 0x2A, 0x6D, 0x58, 0x2A, 0x6D, 0x58, 0x2B, 0x6E, 0x58, 0x2B, 0x6E, 0x58,
    0x2C, 0x6E, 0x58, 0x2C, 0x6E, 0x58, 0x2D, 0x6F, 0x58, 0x2D, 0x6F, 0x58, 0x2E, 0x6F, 0x58, 0x2E,
    0x6F, 0x58, 0x2F, 0x70, 0x58, 0x2F, 0x70, 0x58, 0x30, 0x70, 0x58, 0x30, 0x70, 0x58, 0x31, 0x71,
    0x58, 0x31, 0x71, 0x58, 0x32, 0x71, 0x58, 0x32, 0x71, 0x58, 0x33, 0x72, 0x58, 0x33, 0x72, 0x58,
    0x34, 0x72, 0x58, 0x34, 0x72, 0x58, 0x35, 0x72, 0x58, 0x35, 0x73, 0x58, 0x36, 0x73, 0x58, 0x36,
    0x73, 0x58, 0x37, 0x73, 0x58, 0x37, 0x74, 0x58, 0x38, 0x74, 0x58, 0x38, 0x74, 0x58, 0x39, 0x74,
    0x58, 0x39, 0x75, 0x58, 0x3A, 0x75, 0x58, 0x3A, 0x75, 0x58, 0x3B, 0x75, 0x58, 0x3B, 0x76, 0x58,
    0x3C, 0x76, 0x58, 0x3C, 0x76, 0x58, 0x3D, 0x76, 0x58, 0x3D, 0x77, 0x58, 0x3E, 0x77, 0x58, 0x3E,
    0x77, 0x58, 0x3F, 0x77, 0x58, 0x3F, 0x78, 0x58, 0x40, 0x78, 0x58, 0x40, 0x78, 0x58, 0x41, 0x78,
    0x58, 0x41, 0x78, 0x58, 0x42, 0x79, 0x58, 0x42, 0x79, 0x58, 0x43, 0x79, 0x58, 0x43, 0x79, 0x58,
    0x44, 0x7A, 0x58, 0x44, 0x7A, 0x58, 0x45, 0x7A, 0x58, 0x45, 0x7A, 0x58, 0x46, 0x7B, 0x58, 0x46,
    0x7B, 0x58, 0x47, 0x7B, 0x58, 0x47, 0x7B, 0x58, 0x48, 0x7C, 0x58, 0x48, 0x7C, 0x58, 0x49, 0x7C,
    0x58, 0x49, 0x7C, 0x58, 0x4A, 0x7D, 0x58, 0x4A, 0x7D, 0x58, 0x4B, 0x7D, 0x58, 0x4B, 0x7D, 0x58,
    0x4C, 0x7E, 0x58, 0x4C, 0x7E, 0x58, 0x4D, 0x7E, 0x58, 0x4D, 0x7E, 0x58, 0x4E, 0x7E, 0x58, 0x4E,
    0x7F, 0x58, 0x4F, 0x7F, 0x58, 0x4F, 0x7F, 0x58, 0x50, 0x7F, 0x58, 0x50, 0x80, 0x58, 0x51, 0x80,
    0x58, 0x51, 0x80, 0x58, 0x52, 0x80, 0x58, 0x52, 0x81, 0x58, 0x53, 0x81, 0x58, 0x53, 0x81, 0x58,
    0x54, 0x81, 0x58, 0x54, 0x82, 0x58, 0x55, 0x82, 0x58, 0x55, 0x82, 0x58, 0x56, 0x82, 0x58, 0x56,
    0x83, 0x58, 0x57, 0x83, 0x58, 0x57, 0x83, 0x58, 0x58, 0x83, 0x58, 0x58, 0x84, 0x58, 0x59, 0x84,
    0x58, 0x59, 0x84, 0x58, 0x5A, 0x84, 0x58, 0x5A, 0x84, 0x58, 0x5B, 0x85, 0x58, 0x5B, 0x85, 0x58,
    0x5C, 0x85, 0x58, 0x5C, 0x85, 0x58, 0x5D, 0x86, 0x58, 0x5D, 0x86, 0x58, 0x5E, 0x86, 0x58, 0x5E,
    0x86, 0x58, 0x5F, 0x87, 0x58, 0x5F, 0x87, 0x58, 0x60, 0x87, 0x58, 0x60, 0x87, 0x58, 0x61, 0x88,
    0x58, 0x61, 0x88, 0x58, 0x62, 0x88, 0x58, 0x62, 0x88, 0x58, 0x63, 0x89, 0x58, 0x63, 0x89, 0x58,
    0x64, 0x89, 0x58, 0x64, 0x89, 0x58, 0x65, 0x8A, 0x58, 0x65, 0x8A, 0x58, 0x66, 0x8A, 0x58, 0x66,
    0x8A, 0x58, 0x67, 0x8A, 0x58, 0x67, 0x8B, 0x58, 0x68, 0x8B, 0x58, 0x68, 0x8B, 0x58, 0x69, 0x8B,
    0x58, 0x69, 0x8C, 0x58, 0x6A, 0x8C, 0x58, 0x6A, 0x8C, 0x58, 0x6B, 0x8C, 0x58, 0x6B, 0x8D, 0x58,
    0x6C, 0x8D, 0x58, 0x6C, 0x8D, 0x58, 0x6D, 0x8D, 0x58, 0x6D, 0x8E, 0x58, 0x6E, 0x8E, 0x58, 0x6E,
    0x8E, 0x58, 0x6F, 0x8E, 0x58, 0x6F, 0x68, 0x59, 0x20, 0x69, 0x59, 0x20, 0x69, 0x59, 0x21, 0x69,
    0x59, 0x21, 0x69, 0x59, 0x22, 0x6A, 0x59, 0x22, 0x6A, 0x59, 0x23, 0x6A, 0x59, 0x23, 0x6A, 0x59,
    0x24, 0x6B, 0x59, 0x24, 0x6B, 0x59, 0x25, 0x6B, 0x59, 0x25, 0x6B, 0x59, 0x26, 0x6C, 0x59, 0x26,
    0x6C, 0x59, 0x27, 0x6C, 0x59, 0x27, 0x6C, 0x59, 0x28, 0x6C, 0x59, 0x28, 0x6D, 0x59, 0x29, 0x6D,
    0x59, 0x29, 0x6D, 0x59, 0x2A, 0x6D, 0x59, 0x2A, 0x6E, 0x59, 0x2B, 0x6E, 0x59, 0x2B, 0x6E, 0x59,
    0x2C, 0x6E, 0x59, 0x2C, 0x6F, 0x59, 0x2D, 0x6F, 0x59, 0x2D, 0x6F, 0x59, 0x2E, 0x6F, 0x59, 0x2E,
    0x70, 0x59, 0x2F, 0x70, 0x59, 0x2F, 0x70, 0x59, 0x30, 0x70, 0x59, 0x30, 0x71, 0x59, 0x31, 0x71,
    0x59, 0x31, 0x71, 0x59, 0x32, 0x71, 0x59, 0x32, 0x72, 0x59, 0x33, 0x72, 0x59, 0x33, 0x72, 0x59,
    0x34, 0x72, 0x59, 0x34, 0x72, 0x59, 0x35, 0x73, 0x59, 0x35, 0x73, 0x59, 0x36, 0x73, 0x59, 0x36,
    0x73, 0x59, 0x37, 0x74, 0x59, 0x37, 0x74, 0x59, 0x38, 0x74, 0x59, 0x38, 0x74, 0x59, 0x39, 0x75,
    0x59, 0x39, 0x75, 0x59, 0x3A, 0x75, 0x59, 0x3A, 0x75, 0x59, 0x3B, 0x76, 0x59, 0x3B, 0x76, 0x59,
    0x3C, 0x76, 0x59, 0x3C, 0x76, 0x59, 0x3D, 0x77, 0x59, 0x3D, 0x77, 0x59, 0x3E, 0x77, 0x59, 0x3E,
    0x77, 0x59, 0x3F, 0x78, 0x59, 0x3F, 0x78, 0x59, 0x40, 0x78, 0x59, 0x40, 0x78, 0x59, 0x41, 0x78,
    0x59, 0x41, 0x79, 0x59, 0x42, 0x79, 0x59, 0x42, 0x79, 0x59, 0x43, 0x79, 0x59, 0x43, 0x7A, 0x59,
    0x44, 0x7A, 0x59, 0x44, 0x7A, 0x59, 0x45, 0x7A, 0x59, 0x45, 0x7B, 0x59, 0x46, 0x7B, 0x59, 0x46,
    0x7B, 0x59, 0x47, 0x7B, 0x59, 0x47, 0x7C, 0x59, 0x48, 0x7C, 0x59, 0x48, 0x7C, 0x59, 0x49, 0x7C,
    0x59, 0x49, 0x7D, 0x59, 0x4A, 0x7D, 0x59, 0x4A, 0x7D, 0x59, 0x4B, 0x7D, 0x59, 0x4B, 0x7E, 0x59,
    0x4C, 0x7E, 0x59, 0x4C, 0x7E, 0x59, 0x4D, 0x7E, 0x59, 0x4D, 0x7E, 0x59, 0x4E, 0x7F, 0x59, 0x4E,
    0x7F, 0x59, 0x4F, 0x7F, 0x59, 0x4F, 0x7F, 0x59, 0x50, 0x80, 0x59, 0x50, 0x80, 0x59, 0x51, 0x80,
    0x59, 0x51, 0x80, 0x59, 0x52, 0x81, 0x59, 0x52, 0x81, 0x59, 0x53, 0x81, 0x59, 0x53, 0x81, 0x59,
    0x54, 0x82, 0x59, 0x54, 0x82, 0x59, 0x55, 0x82, 0x59, 0x55, 0x82, 0x59, 0x56, 0x83, 0x59, 0x56,
    0x83, 0x59, 0x57, 0x83, 0x59, 0x57, 0x83, 0x59, 0x58, 0x84, 0x59, 0x58, 0x84, 0x59, 0x59, 0x84,
    0x59, 0x59, 0x84, 0x59, 0x5A, 0x84, 0x59, 0x5A, 0x85, 0x59, 0x5B, 0x85, 0x59, 0x5B, 0x85, 0x59,
    0x5C, 0x85, 0x59, 0x5C, 0x86, 0x59, 0x5D, 0x86, 0x59, 0x5D, 0x86, 0x59, 0x5E, 0x86, 0x59, 0x5E,
    0x87, 0x59, 0x5F, 0x87, 0x59, 0x5F, 0x87, 0x59, 0x60, 0x87, 0x59, 0x60, 0x88, 0x59, 0x61, 0x88,
    0x59, 0x61, 0x88, 0x59, 0x62, 0x88, 0x59, 0x62, 0x89, 0x59, 0x63, 0x89, 0x59, 0x63, 0x89, 0x59,
    0x64, 0x89, 0x59, 0x64, 0x8A, 0x59, 0x65, 0x8A, 0x59, 0x65, 0x8A, 0x59, 0x66, 0x8A, 0x59, 0x66,
    0x8A, 0x59, 0x67, 0x8B, 0x59, 0x67, 0x8B, 0x59, 0x68, 0x8B, 0x59, 0x68, 0x8B, 0x59, 0x69, 0x8C,
    0x59, 0x69, 0x8C, 0x59, 0x6A, 0x8C, 0x59, 0x6A, 0x8C, 0x59, 0x6B, 0x8D, 0x59, 0x6B, 0x8D, 0x59,
    0x6C, 0x8D, 0x59, 0x6C, 0x8D, 0x59, 0x6D, 0x8E, 0x59, 0x6D, 0x8E, 0x59, 0x6E, 0x8E, 0x59, 0x6E,
    0x8E, 0x59, 0x6F, 0x8F, 0x59, 0x6F, 0x69, 0x5A, 0x20, 0x69, 0x5A, 0x20, 0x69, 0x5A, 0x21, 0x69,
    0x5A, 0x21, 0x6A, 0x5A, 0x22, 0x6A, 0x5A, 0x22, 0x6A, 0x5A, 0x23, 0x6A, 0x5A, 0x23, 0x6B, 0x5A,
    0x24, 0x6B, 0x5A, 0x24, 0x6B, 0x5A, 0x25, 0x6B, 0x5A, 0x25, 0x6C, 0x5A, 0x26, 0x6C, 0x5A, 0x26,
    0x6C, 0x5A, 0x27, 0x6C, 0x5A, 0x27, 0x6C, 0x5A, 0x28, 0x6D, 0x5A, 0x28, 0x6D, 0x5A, 0x29, 0x6D,
    0x5A, 0x29, 0x6D, 0x5A, 0x2A, 0x6E, 0x5A, 0x2A, 0x6E, 0x5A, 0x2B, 0x6E, 0x5A, 0x2B, 0x6E, 0x5A,
    0x2C, 0x6F, 0x5A, 0x2C, 0x6F, 0x5A, 0x2D, 0x6F, 0x5A, 0x2D, 0x6F, 0x5A, 0x2E, 0x70, 0x5A, 0x2E,
    0x70, 0x5A, 0x2F, 0x70, 0x5A, 0x2F, 0x70, 0x5A, 0x30, 0x71, 0x5A, 0x30, 0x71, 0x5A, 0x31, 0x71,
    0x5A, 0x31, 0x71, 0x5A, 0x32, 0x72, 0x5A, 0x32, 0x72, 0x5A, 0x33, 0x72, 0x5A, 0x33, 0x72, 0x5A,
    0x34, 0x72, 0x5A, 0x34, 0x73, 0x5A, 0x35, 0x73, 0x5A, 0x35, 0x73, 0x5A, 0x36, 0x73, 0x5A, 0x36,
    0x74, 0x5A, 0x37, 0x74, 0x5A, 0x37, 0x74, 0x5A, 0x38, 0x74, 0x5A, 0x38, 0x75, 0x5A, 0x39, 0x75,
    0x5A, 0x39, 0x75, 0x5A, 0x3A, 0x75, 0x5A, 0x3A, 0x76, 0x5A, 0x3B, 0x76, 0x5A, 0x3B, 0x76, 0x5A,
    0x3C, 0x76, 0x5A, 0x3C, 0x77, 0x5A, 0x3D, 0x77, 0x5A, 0x3D, 0x77, 0x5A, 0x3E, 0x77, 0x5A, 0x3E,
    0x78, 0x5A, 0x3F, 0x78, 0x5A, 0x3F, 0x78, 0x5A, 0x40, 0x78, 0x5A, 0x40, 0x78, 0x5A, 0x41, 0x79,
    0x5A, 0x41, 0x79, 0x5A, 0x42, 0x79, 0x5A, 0x42, 0x79, 0x5A, 0x43, 0x7A, 0x5A, 0x43, 0x7A, 0x5A,
    0x44, 0x7A, 0x5A, 0x44, 0x7A, 0x5A, 0x45, 0x7B, 0x5A, 0x45, 0x7B, 0x5A, 0x46, 0x7B, 0x5A, 0x46,
    0x7B, 0x5A, 0x47, 0x7C, 0x5A, 0x47, 0x7C, 0x5A, 0x48, 0x7C, 0x5A, 0x48, 0x7C, 0x5A, 0x49, 0x7D,
    0x5A, 0x49, 0x7D, 0x5A, 0x4A, 0x7D, 0x5A, 0x4A, 0x7D, 0x5A, 0x4B, 0x7E, 0x5A, 0x4B, 0x7E, 0x5A,
    0x4C, 0x7E, 0x5A, 0x4C, 0x7E, 0x5A, 0x4D, 0x7E, 0x5A, 0x4D, 0x7F, 0x5A, 0x4E, 0x7F, 0x5A, 0x4E,
    0x7F, 0x5A, 0x4F, 0x7F, 0x5A, 0x4F, 0x80, 0x5A, 0x50, 0x80, 0x5A, 0x50, 0x80, 0x5A, 0x51, 0x80,
    0x5A, 0x51, 0x81, 0x5A, 0x52, 0x81, 0x5A, 0x52, 0x81, 0x5A, 0x53, 0x81, 0x5A, 0x53, 0x82, 0x5A,
    0x54, 0x82, 0x5A, 0x54, 0x82, 0x5A, 0x55, 0x82, 0x5A, 0x55, 0x83, 0x5A, 0x56, 0x83, 0x5A, 0x56,
    0x83, 0x5A, 0x57, 0x83, 0x5A, 0x57, 0x84, 0x5A, 0x58, 0x84, 0x5A, 0x58, 0x84, 0x5A, 0x59, 0x84,
    0x5A, 0x59, 0x84, 0x5A, 0x5A, 0x85, 0x5A, 0x5A, 0x85, 0x5A, 0x5B, 0x85, 0x5A, 0x5B, 0x85, 0x5A,
    0x5C, 0x86, 0x5A, 0x5C, 0x86, 0x5A, 0x5D, 0x86, 0x5A, 0x5D, 0x86, 0x5A, 0x5E, 0x87, 0x5A, 0x5E,
    0x87, 0x5A, 0x5F, 0x87, 0x5A, 0x5F, 0x87, 0x5A, 0x60, 0x88, 0x5A, 0x60, 0x88, 0x5A, 0x61, 0x88,
    0x5A, 0x61, 0x88, 0x5A, 0x62, 0x89, 0x5A, 0x62, 0x89, 0x5A, 0x63, 0x89, 0x5A, 0x63, 0x89, 0x5A,
    0x64, 0x8A, 0x5A, 0x64, 0x8A, 0x5A, 0x65, 0x8A, 0x5A, 0x65, 0x8A, 0x5A, 0x66, 0x8A, 0x5A, 0x66,
    0x8B, 0x5A, 0x67, 0x8B, 0x5A, 0x67, 0x8B, 0x5A, 0x68, 0x8B, 0x5A, 0x68, 0x8C, 0x5A, 0x69, 0x8C,
    0x5A, 0x69, 0x8C, 0x5A, 0x6A, 0x8C, 0x5A, 0x6A, 0x8D, 0x5A, 0x6B, 0x8D, 0x5A, 0x6B, 0x8D, 0x5A,
    0x6C, 0x8D, 0x5A, 0x6C, 0x8E, 0x5A, 0x6D, 0x8E, 0x5A, 0x6D, 0x8E, 0x5A, 0x6E, 0x8E, 0x5A, 0x6E,
    0x8F, 0x5A, 0x6F, 0x8F, 0x5A, 0x6F, 0x69, 0x5B, 0x20, 0x69, 0x5B, 0x20, 0x69, 0x5B, 0x21, 0x6A,
    0x5B, 0x21, 0x6A, 0x5B, 0x22, 0x6A, 0x5B, 0x22, 0x6A, 0x5B, 0x23, 0x6B, 0x5B, 0x23, 0x6B, 0x5B,
    0x24, 0x6B, 0x5B, 0x24, 0x6B, 0x5B, 0x25, 0x6C, 0x5B, 0x25, 0x6C, 0x5B, 0x26, 0x6C, 0x5B, 0x26,
    0x6C, 0x5B, 0x27, 0x6C, 0x5B, 0x27, 0x6D, 0x5B, 0x28, 0x6D, 0x5B, 0x28, 0x6D, 0x5B, 0x29, 0x6D,
    0x5B, 0x29, 0x6E, 0x5B, 0x2A, 0x6E, 0x5B, 0x2A, 0x6E, 0x5B, 0x2B, 0x6E, 0x5B, 0x2B, 0x6F, 0x5B,
    0x2C, 0x6F, 0x5B, 0x2C, 0x6F, 0x5B, 0x2D, 0x6F, 0x5B, 0x2D, 0x70, 0x5B, 0x2E, 0x70, 0x5B, 0x2E,
    0x70, 0x5B, 0x2F, 0x70, 0x5B, 0x2F, 0x71, 0x5B, 0x30, 0x71, 0x5B, 0x30, 0x71, 0x5B, 0x31, 0x71,
    0x5B, 0x31, 0x72, 0x5B, 0x32, 0x72, 0x5B, 0x32, 0x72, 0x5B, 0x33, 0x72, 0x5B, 0x33, 0x72, 0x5B,
    0x34, 0x73, 0x5B, 0x34, 0x73, 0x5B, 0x35, 0x73, 0x5B, 0x35, 0x73, 0x5B, 0x36, 0x74, 0x5B, 0x36,
    0x74, 0x5B, 0x37, 0x74, 0x5B, 0x37, 0x74, 0x5B, 0x38, 0x75, 0x5B, 0x38, 0x75, 0x5B, 0x39, 0x75,
    0x5B, 0x39, 0x75, 0x5B, 0x3A, 0x76, 0x5B, 0x3A, 0x76, 0x5B, 0x3B, 0x76, 0x5B, 0x3B, 0x76, 0x5B,
    0x3C, 0x77, 0x5B, 0x3C, 0x77, 0x5B, 0x3D, 0x77, 0x5B, 0x3D, 0x77, 0x5B, 0x3E, 0x78, 0x5B, 0x3E,
    0x78, 0x5B, 0x3F, 0x78, 0x5B, 0x3F, 0x78, 0x5B, 0x40, 0x78, 0x5B, 0x40, 0x79, 0x5B, 0x41, 0x79,
    0x5B, 0x41, 0x79, 0x5B, 0x42, 0x79, 0x5B, 0x42, 0x7A, 0x5B, 0x43, 0x7A, 0x5B, 0x43, 0x7A, 0x5B,
    0x44, 0x7A, 0x5B, 0x44, 0x7B, 0x5B, 0x45, 0x7B, 0x5B, 0x45, 0x7B, 0x5B, 0x46, 0x7B, 0x5B, 0x46,
    0x7C, 0x5B, 0x47, 0x7C, 0x5B, 0x47, 0x7C, 0x5B, 0x48, 0x7C, 0x5B, 0x48, 0x7D, 0x5B, 0x49, 0x7D,
    0x5B, 0x49, 0x7D, 0x5B, 0x4A, 0x7D, 0x5B, 0x4A, 0x7E, 0x5B, 0x4B, 0x7E, 0x5B, 0x4B, 0x7E, 0x5B,
    0x4C, 0x7E, 0x5B, 0x4C, 0x7E, 0x5B, 0x4D, 0x7F, 0x5B, 0x4D, 0x7F, 0x5B, 0x4E, 0x7F, 0x5B, 0x4E,
    0x7F, 0x5B, 0x4F, 0x80, 0x5B, 0x4F, 0x80, 0x5B, 0x50, 0x80, 0x5B, 0x50, 0x80, 0x5B, 0x51, 0x81,
    0x5B, 0x51, 0x81, 0x5B, 0x52, 0x81, 0x5B, 0x52, 0x81, 0x5B, 0x53, 0x82, 0x5B, 0x53, 0x82, 0x5B,
    0x54, 0x82, 0x5B, 0x54, 0x82, 0x5B, 0x55, 0x83, 0x5B, 0x55, 0x83, 0x5B, 0x56, 0x83, 0x5B, 0x56,
    0x83, 0x5B, 0x57, 0x84, 0x5B, 0x57, 0x84, 0x5B, 0x58, 0x84, 0x5B, 0x58, 0x84, 0x5B, 0x59, 0x84,
    0x5B, 0x59, 0x85, 0x5B, 0x5A, 0x85, 0x5B, 0x5A, 0x85, 0x5B, 0x5B, 0x85, 0x5B, 0x5B, 0x86, 0x5B,
    0x5C, 0x86, 0x5B, 0x5C, 0x86, 0x5B, 0x5D, 0x86, 0x5B, 0x5D, 0x87, 0x5B, 0x5E, 0x87, 0x5B, 0x5E,
    0x87, 0x5B, 0x5F, 0x87, 0x5B, 0x5F, 0x88, 0x5B, 0x60, 0x88, 0x5B, 0x60, 0x88, 0x5B, 0x61, 0x88,
    0x5B, 0x61, 0x89, 0x5B, 0x62, 0x89, 0x5B, 0x62, 0x89, 0x5B, 0x63, 0x89, 0x5B, 0x63, 0x8A, 0x5B,
    0x64, 0x8A, 0x5B, 0x64, 0x8A, 0x5B, 0x65, 0x8A, 0x5B, 0x65, 0x8A, 0x5B, 0x66, 0x8B, 0x5B, 0x66,
    0x8B, 0x5B, 0x67, 0x8B, 0x5B, 0x67, 0x8B, 0x5B, 0x68, 0x8C, 0x5B, 0x68, 0x8C, 0x5B, 0x69, 0x8C,
    0x5B, 0x69, 0x8C, 0x5B, 0x6A, 0x8D, 0x5B, 0x6A, 0x8D, 0x5B, 0x6B, 0x8D, 0x5B, 0x6B, 0x8D, 0x5B,
    0x6C, 0x8E, 0x5B, 0x6C, 0x8E, 0x5B, 0x6D, 0x8E, 0x5B, 0x6D, 0x8E, 0x5B, 0x6E, 0x8F, 0x5B, 0x6E,
    0x8F, 0x5B, 0x6F, 0x8F, 0x5B, 0x6F, 0x69, 0x5C, 0x20, 0x69, 0x5C, 0x20, 0x6A, 0x5C, 0x21, 0x6A,
    0x5C, 0x21, 0x6A, 0x5C, 0x22, 0x6A, 0x5C, 0x22, 0x6B, 0x5C, 0x23, 0x6B, 0x5C, 0x23, 0x6B, 0x5C,
    0x24, 0x6B, 0x5C, 0x24, 0x6C, 0x5C, 0x25, 0x6C, 0x5C, 0x25, 0x6C, 0x5C, 0x26, 0x6C, 0x5C, 0x26,
    0x6C, 0x5C, 0x27, 0x6D, 0x5C, 0x27, 0x6D, 0x5C, 0x28, 0x6D, 0x5C, 0x28, 0x6D, 0x5C, 0x29, 0x6E,
    0x5C, 0x29, 0x6E, 0x5C, 0x2A, 0x6E, 0x5C, 0x2A, 0x6E, 0x5C, 0x2B, 0x6F, 0x5C, 0x2B, 0x6F, 0x5C,
    0x2C, 0x6F, 0x5C, 0x2C, 0x6F, 0x5C, 0x2D, 0x70, 0x5C, 0x2D, 0x70, 0x5C, 0x2E, 0x70, 0x5C, 0x2E,
    0x70, 0x5C, 0x2F, 0x71, 0x5C, 0x2F, 0x71, 0x5C, 0x30, 0x71, 0x5C, 0x30, 0x71, 0x5C, 0x31, 0x72,
    0x5C, 0x31, 0x72, 0x5C, 0x32, 0x72, 0x5C, 0x32, 0x72, 0x5C, 0x33, 0x72, 0x5C, 0x33, 0x73, 0x5C,
    0x34, 0x73, 0x5C, 0x34, 0x73, 0x5C, 0x35, 0x73, 0x5C, 0x35, 0x74, 0x5C, 0x36, 0x74, 0x5C, 0x36,
    0x74, 0x5C, 0x37, 0x74, 0x5C, 0x37, 0x75, 0x5C, 0x38, 0x75, 0x5C, 0x38, 0x75, 0x5C, 0x39, 0x75,
    0x5C, 0x39, 0x76, 0x5C, 0x3A, 0x76, 0x5C, 0x3A, 0x76, 0x5C, 0x3B, 0x76, 0x5C, 0x3B, 0x77, 0x5C,
    0x3C, 0x77, 0x5C, 0x3C, 0x77, 0x5C, 0x3D, 0x77, 0x5C, 0x3D, 0x78, 0x5C, 0x3E, 0x78, 0x5C, 0x3E,
    0x78, 0x5C, 0x3F, 0x78, 0x5C, 0x3F, 0x78, 0x5C, 0x40, 0x79, 0x5C, 0x40, 0x79, 0x5C, 0x41, 0x79,
    0x5C, 0x41, 0x79, 0x5C, 0x42, 0x7A, 0x5C, 0x42, 0x7A, 0x5C, 0x43, 0x7A, 0x5C, 0x43, 0x7A, 0x5C,
    0x44, 0x7B, 0x5C, 0x44, 0x7B, 0x5C, 0x45, 0x7B, 0x5C, 0x45, 0x7B, 0x5C, 0x46, 0x7C, 0x5C, 0x46,
    0x7C, 0x5C, 0x47, 0x7C, 0x5C, 0x47, 0x7C, 0x5C, 0x48, 0x7D, 0x5C, 0x48, 0x7D, 0x5C, 0x49, 0x7D,
    0x5C, 0x49, 0x7D, 0x5C, 0x4A, 0x7E, 0x5C, 0x4A, 0x7E, 0x5C, 0x4B, 0x7E, 0x5C, 0x4B, 0x7E, 0x5C,
    0x4C, 0x7E, 0x5C, 0x4C, 0x7F, 0x5C, 0x4D, 0x7F, 0x5C, 0x4D, 0x7F, 0x5C, 0x4E, 0x7F, 0x5C, 0x4E,
    0x80, 0x5C, 0x4F, 0x80, 0x5C, 0x4F, 0x80, 0x5C, 0x50, 0x80, 0x5C, 0x50, 0x81, 0x5C, 0x51, 0x81,
    0x5C, 0x51, 0x81, 0x5C, 0x52, 0x81, 0x5C, 0x52, 0x82, 0x5C, 0x53, 0x82, 0x5C, 0x53, 0x82, 0x5C,
    0x54, 0x82, 0x5C, 0x54, 0x83, 0x5C, 0x55, 0x83, 0x5C, 0x55, 0x83, 0x5C, 0x56, 0x83, 0x5C, 0x56,
    0x84, 0x5C, 0x57, 0x84, 0x5C, 0x57, 0x84, 0x5C, 0x58, 0x84, 0x5C, 0x58, 0x84, 0x5C, 0x59, 0x85,
    0x5C, 0x59, 0x85, 0x5C, 0x5A, 0x85, 0x5C, 0x5A, 0x85, 0x5C, 0x5B, 0x86, 0x5C, 0x5B, 0x86, 0x5C,
    0x5C, 0x86, 0x5C, 0x5C, 0x86, 0x5C, 0x5D, 0x87, 0x5C, 0x5D, 0x87, 0x5C, 0x5E, 0x87, 0x5C, 0x5E,
    0x87, 0x5C, 0x5F, 0x88, 0x5C, 0x5F, 0x88, 0x5C, 0x60, 0x88, 0x5C, 0x60, 0x88, 0x5C, 0x61, 0x89,
    0x5C, 0x61, 0x89, 0x5C, 0x62, 0x89, 0x5C, 0x62, 0x89, 0x5C, 0x63, 0x8A, 0x5C, 0x63, 0x8A, 0x5C,
    0x64, 0x8A, 0x5C, 0x64, 0x8A, 0x5C, 0x65, 0x8A, 0x5C, 0x65, 0x8B, 0x5C, 0x66, 0x8B, 0x5C, 0x66,
    0x8B, 0x5C, 0x67, 0x8B, 0x5C, 0x67, 0x8C, 0x5C, 0x68, 0x8C, 0x5C, 0x68, 0x8C, 0x5C, 0x69, 0x8C,
    0x5C, 0x69, 0x8D, 0x5C, 0x6A, 0x8D, 0x5C, 0x6A, 0x8D, 0x5C, 0x6B, 0x8D, 0x5C, 0x6B, 0x8E, 0x5C,
    0x6C, 0x8E, 0x5C, 0x6C, 0x8E, 0x5C, 0x6D, 0x8E, 0x5C, 0x6D, 0x8F, 0x5C, 0x6E, 0x8F, 0x5C, 0x6E,
    0x8F, 0x5C, 0x6F, 0x8F, 0x5C, 0x6F, 0x69, 0x5D, 0x20, 0x6A, 0x5D, 0x20, 0x6A, 0x5D, 0x21, 0x6A,
    0x5D, 0x21, 0x6A, 0x5D, 0x22, 0x6B, 0x5D, 0x22, 0x6B, 0x5D, 0x23, 0x6B, 0x5D, 0x23, 0x6B, 0x5D,
    0x24, 0x6C, 0x5D, 0x24, 0x6C, 0x5D, 0x25, 0x6C, 0x5D, 0x25, 0x6C, 0x5D, 0x26, 0x6C, 0x5D, 0x26,
    0x6D, 0x5D, 0x27, 0x6D, 0x5D, 0x27, 0x6D, 0x5D, 0x28, 0x6D, 0x5D, 0x28, 0x6E, 0x5D, 0x29, 0x6E,
    0x5D, 0x29, 0x6E, 0x5D, 0x2A, 0x6E, 0x5D, 0x2A, 0x6F, 0x5D, 0x2B, 0x6F, 0x5D, 0x2B, 0x6F, 0x5D,
    0x2C, 0x6F, 0x5D, 0x2C, 0x70, 0x5D, 0x2D, 0x70, 0x5D, 0x2D, 0x70, 0x5D, 0x2E, 0x70, 0x5D, 0x2E,
    0x71, 0x5D, 0x2F, 0x71, 0x5D, 0x2F, 0x71, 0x5D, 0x30, 0x71, 0x5D, 0x30, 0x72, 0x5D, 0x31, 0x72,
    0x5D, 0x31, 0x72, 0x5D, 0x32, 0x72, 0x5D, 0x32, 0x72, 0x5D, 0x33, 0x73, 0x5D, 0x33, 0x73, 0x5D,
    0x34, 0x73, 0x5D, 0x34, 0x73, 0x5D, 0x35, 0x74, 0x5D, 0x35, 0x74, 0x5D, 0x36, 0x74, 0x5D, 0x36,
    0x74, 0x5D, 0x37, 0x75, 0x5D, 0x37, 0x75, 0x5D, 0x38, 0x75, 0x5D, 0x38, 0x75, 0x5D, 0x39, 0x76,
    0x5D, 0x39, 0x76, 0x5D, 0x3A, 0x76, 0x5D, 0x3A, 0x76, 0x5D, 0x3B, 0x77, 0x5D, 0x3B, 0x77, 0x5D,
    0x3C, 0x77, 0x5D, 0x3C, 0x77, 0x5D, 0x3D, 0x78, 0x5D, 0x3D, 0x78, 0x5D, 0x3E, 0x78, 0x5D, 0x3E,
    0x78, 0x5D, 0x3F, 0x78, 0x5D, 0x3F, 0x79, 0x5D, 0x40, 0x79, 0x5D, 0x40, 0x79, 0x5D, 0x41, 0x79,
    0x5D, 0x41, 0x7A, 0x5D, 0x42, 0x7A, 0x5D, 0x42, 0x7A, 0x5D, 0x43, 0x7A, 0x5D, 0x43, 0x7B, 0x5D,
    0x44, 0x7B, 0x5D, 0x44, 0x7B, 0x5D, 0x45, 0x7B, 0x5D, 0x45, 0x7C, 0x5D, 0x46, 0x7C, 0x5D, 0x46,
    0x7C, 0x5D, 0x47, 0x7C, 0x5D, 0x47, 0x7D, 0x5D, 0x48, 0x7D, 0x5D, 0x48, 0x7D, 0x5D, 0x49, 0x7D,
    0x5D, 0x49, 0x7E, 0x5D, 0x4A, 0x7E, 0x5D, 0x4A, 0x7E, 0x5D, 0x4B, 0x7E, 0x5D, 0x4B, 0x7E, 0x5D,
    0x4C, 0x7F, 0x5D, 0x4C, 0x7F, 0x5D, 0x4D, 0x7F, 0x5D, 0x4D, 0x7F, 0x5D, 0x4E, 0x80, 0x5D, 0x4E,
    0x80, 0x5D, 0x4F, 0x80, 0x5D, 0x4F, 0x80, 0x5D, 0x50, 0x81, 0x5D, 0x50, 0x81, 0x5D, 0x51, 0x81,
    0x5D, 0x51, 0x81, 0x5D, 0x52, 0x82, 0x5D, 0x52, 0x82, 0x5D, 0x53, 0x82, 0x5D, 0x53, 0x82, 0x5D,
    0x54, 0x83, 0x5D, 0x54, 0x83, 0x5D, 0x55, 0x83, 0x5D, 0x55, 0x83, 0x5D, 0x56, 0x84, 0x5D, 0x56,
    0x84, 0x5D, 0x57, 0x84, 0x5D, 0x57, 0x84, 0x5D, 0x58, 0x84, 0x5D, 0x58, 0x85, 0x5D, 0x59, 0x85,
    0x5D, 0x59, 0x85, 0x5D, 0x5A, 0x85, 0x5D, 0x5A, 0x86, 0x5D, 0x5B, 0x86, 0x5D, 0x5B, 0x86, 0x5D,
    0x5C, 0x86, 0x5D, 0x5C, 0x87, 0x5D, 0x5D, 0x87, 0x5D, 0x5D, 0x87, 0x5D, 0x5E, 0x87, 0x5D, 0x5E,
    0x88, 0x5D, 0x5F, 0x88, 0x5D, 0x5F, 0x88, 0x5D, 0x60, 0x88, 0x5D, 0x60, 0x89, 0x5D, 0x61, 0x89,
    0x5D, 0x61, 0x89, 0x5D, 0x62, 0x89, 0x5D, 0x62, 0x8A, 0x5D, 0x63, 0x8A, 0x5D, 0x63, 0x8A, 0x5D,
    0x64, 0x8A, 0x5D, 0x64, 0x8A, 0x5D, 0x65, 0x8B, 0x5D, 0x65, 0x8B, 0x5D, 0x66, 0x8B, 0x5D, 0x66,
    0x8B, 0x5D, 0x67, 0x8C, 0x5D, 0x67, 0x8C, 0x5D, 0x68, 0x8C, 0x5D, 0x68, 0x8C, 0x5D, 0x69, 0x8D,
    0x5D, 0x69, 0x8D, 0x5D, 0x6A, 0x8D, 0x5D, 0x6A, 0x8D, 0x5D, 0x6B, 0x8E, 0x5D, 0x6B, 0x8E, 0x5D,
    0x6C, 0x8E, 0x5D, 0x6C, 0x8E, 0x5D, 0x6D, 0x8F, 0x5D, 0x6D, 0x8F, 0x5D, 0x6E, 0x8F, 0x5D, 0x6E,
    0x8F, 0x5D, 0x6F, 0x90, 0x5D, 0x6F, 0x6A, 0x5E, 0x20, 0x6A, 0x5E, 0x20, 0x6A, 0x5E, 0x21, 0x6A,
    0x5E, 0x21, 0x6B, 0x5E, 0x22, 0x6B, 0x5E, 0x22, 0x6B, 0x5E, 0x23, 0x6B, 0x5E, 0x23, 0x6C, 0x5E,
    0x24, 0x6C, 0x5E, 0x24, 0x6C, 0x5E, 0x25, 0x6C, 0x5E, 0x25, 0x6C, 0x5E, 0x26, 0x6D, 0x5E, 0x26,
    0x6D, 0x5E, 0x27, 0x6D, 0x5E, 0x27, 0x6D, 0x5E, 0x28, 0x6E, 0x5E, 0x28, 0x6E, 0x5E, 0x29, 0x6E,
    0x5E, 0x29, 0x6E, 0x5E, 0x2A, 0x6F, 0x5E, 0x2A, 0x6F, 0x5E, 0x2B, 0x6F, 0x5E, 0x2B, 0x6F, 0x5E,
    0x2C, 0x70, 0x5E, 0x2C, 0x70, 0x5E, 0x2D, 0x70, 0x5E, 0x2D, 0x70, 0x5E, 0x2E, 0x71, 0x5E, 0x2E,
    0x71, 0x5E, 0x2F, 0x71, 0x5E, 0x2F, 0x71, 0x5E, 0x30, 0x72, 0x5E, 0x30, 0x72, 0x5E, 0x31, 0x72,
    0x5E, 0x31, 0x72, 0x5E, 0x32, 0x72, 0x5E, 0x32, 0x73, 0x5E, 0x33, 0x73, 0x5E, 0x33, 0x73, 0x5E,
    0x34, 0x73, 0x5E, 0x34, 0x74, 0x5E, 0x35, 0x74, 0x5E, 0x35, 0x74, 0x5E, 0x36, 0x74, 0x5E, 0x36,
    0x75, 0x5E, 0x37, 0x75, 0x5E, 0x37, 0x75, 0x5E, 0x38, 0x75, 0x5E, 0x38, 0x76, 0x5E, 0x39, 0x76,
    0x5E, 0x39, 0x76, 0x5E, 0x3A, 0x76, 0x5E, 0x3A, 0x77, 0x5E, 0x3B, 0x77, 0x5E, 0x3B, 0x77, 0x5E,
    0x3C, 0x77, 0x5E, 0x3C, 0x78, 0x5E, 0x3D, 0x78, 0x5E, 0x3D, 0x78, 0x5E, 0x3E, 0x78, 0x5E, 0x3E,
    0x78, 0x5E, 0x3F, 0x79, 0x5E, 0x3F, 0x79, 0x5E, 0x40, 0x79, 0x5E, 0x40, 0x79, 0x5E, 0x41, 0x7A,
    0x5E, 0x41, 0x7A, 0x5E, 0x42, 0x7A, 0x5E, 0x42, 0x7A, 0x5E, 0x43, 0x7B, 0x5E, 0x43, 0x7B, 0x5E,
    0x44, 0x7B, 0x5E, 0x44, 0x7B, 0x5E, 0x45, 0x7C, 0x5E, 0x45, 0x7C, 0x5E, 0x46, 0x7C, 0x5E, 0x46,
    0x7C, 0x5E, 0x47, 0x7D, 0x5E, 0x47, 0x7D, 0x5E, 0x48, 0x7D, 0x5E, 0x48, 0x7D, 0x5E, 0x49, 0x7E,
    0x5E, 0x49, 0x7E, 0x5E, 0x4A, 0x7E, 0x5E, 0x4A, 0x7E, 0x5E, 0x4B, 0x7E, 0x5E, 0x4B, 0x7F, 0x5E,
    0x4C, 0x7F, 0x5E, 0x4C, 0x7F, 0x5E, 0x4D, 0x7F, 0x5E, 0x4D, 0x80, 0x5E, 0x4E, 0x80, 0x5E, 0x4E,
    0x80, 0x5E, 0x4F, 0x80, 0x5E, 0x4F, 0x81, 0x5E, 0x50, 0x81, 0x5E, 0x50, 0x81, 0x5E, 0x51, 0x81,
    0x5E, 0x51, 0x82, 0x5E, 0x52, 0x82, 0x5E, 0x52, 0x82, 0x5E, 0x53, 0x82, 0x5E, 0x53, 0x83, 0x5E,
    0x54, 0x83, 0x5E, 0x54, 0x83, 0x5E, 0x55, 0x83, 0x5E, 0x55, 0x84, 0x5E, 0x56, 0x84, 0x5E, 0x56,
    0x84, 0x5E, 0x57, 0x84, 0x5E, 0x57, 0x84, 0x5E, 0x58, 0x85, 0x5E, 0x58, 0x85, 0x5E, 0x59, 0x85,
    0x5E, 0x59, 0x85, 0x5E, 0x5A, 0x86, 0x5E, 0x5A, 0x86, 0x5E, 0x5B, 0x86, 0x5E, 0x5B, 0x86, 0x5E,
    0x5C, 0x87, 0x5E, 0x5C, 0x87, 0x5E, 0x5D, 0x87, 0x5E, 0x5D, 0x87, 0x5E, 0x5E, 0x88, 0x5E, 0x5E,
    0x88, 0x5E, 0x5F, 0x88, 0x5E, 0x5F, 0x88, 0x5E, 0x60, 0x89, 0x5E, 0x60, 0x89, 0x5E, 0x61, 0x89,
    0x5E, 0x61, 0x89, 0x5E, 0x62, 0x8A, 0x5E, 0x62, 0x8A, 0x5E, 0x63, 0x8A, 0x5E, 0x63, 0x8A, 0x5E,
    0x64, 0x8A, 0x5E, 0x64, 0x8B, 0x5E, 0x65, 0x8B, 0x5E, 0x65, 0x8B, 0x5E, 0x66, 0x8B, 0x5E, 0x66,
    0x8C, 0x5E, 0x67, 0x8C, 0x5E, 0x67, 0x8C, 0x5E, 0x68, 0x8C, 0x5E, 0x68, 0x8D, 0x5E, 0x69, 0x8D,
    0x5E, 0x69, 0x8D, 0x5E, 0x6A, 0x8D, 0x5E, 0x6A, 0x8E, 0x5E, 0x6B, 0x8E, 0x5E, 0x6B, 0x8E, 0x5E,
    0x6C, 0x8E, 0x5E, 0x6C, 0x8F, 0x5E, 0x6D, 0x8F, 0x5E, 0x6D, 0x8F, 0x5E, 0x6E, 0x8F, 0x5E, 0x6E,
    0x90, 0x5E, 0x6F, 0x90, 0x5E, 0x6F, 0x6A, 0x5F, 0x20, 0x6A, 0x5F, 0x20, 0x6A, 0x5F, 0x21, 0x6B,
    0x5F, 0x21, 0x6B, 0x5F, 0x22, 0x6B, 0x5F, 0x22, 0x6B, 0x5F, 0x23, 0x6C, 0x5F, 0x23, 0x6C, 0x5F,
    0x24, 0x6C, 0x5F, 0x24, 0x6C, 0x5F, 0x25, 0x6C, 0x5F, 0x25, 0x6D, 0x5F, 0x26, 0x6D, 0x5F, 0x26,
    0x6D, 0x5F, 0x27, 0x6D, 0x5F, 0x27, 0x6E, 0x5F, 0x28, 0x6E, 0x5F, 0x28, 0x6E, 0x5F, 0x29, 0x6E,
    0x5F, 0x29, 0x6F, 0x5F, 0x2A, 0x6F, 0x5F, 0x2A, 0x6F, 0x5F, 0x2B, 0x6F, 0x5F, 0x2B, 0x70, 0x5F,
    0x2C, 0x70, 0x5F, 0x2C, 0x70, 0x5F, 0x2D, 0x70, 0x5F, 0x2D, 0x71, 0x5F, 0x2E, 0x71, 0x5F, 0x2E,
    0x71, 0x5F, 0x2F, 0x71, 0x5F, 0x2F, 0x72, 0x5F, 0x30, 0x72, 0x5F, 0x30, 0x72, 0x5F, 0x31, 0x72,
    0x5F, 0x31, 0x72, 0x5F, 0x32, 0x73, 0x5F, 0x32, 0x73, 0x5F, 0x33, 0x73, 0x5F, 0x33, 0x73, 0x5F,
    0x34, 0x74, 0x5F, 0x34, 0x74, 0x5F, 0x35, 0x74, 0x5F, 0x35, 0x74, 0x5F, 0x36, 0x75, 0x5F, 0x36,
    0x75, 0x5F, 0x37, 0x75, 0x5F, 0x37, 0x75, 0x5F, 0x38, 0x76, 0x5F, 0x38, 0x76, 0x5F, 0x39, 0x76,
    0x5F, 0x39, 0x76, 0x5F, 0x3A, 0x77, 0x5F, 0x3A, 0x77, 0x5F, 0x3B, 0x77, 0x5F, 0x3B, 0x77, 0x5F,
    0x3C, 0x78, 0x5F, 0x3C, 0x78, 0x5F, 0x3D, 0x78, 0x5F, 0x3D, 0x78, 0x5F, 0x3E, 0x78, 0x5F, 0x3E,
    0x79, 0x5F, 0x3F, 0x79, 0x5F, 0x3F, 0x79, 0x5F, 0x40, 0x79, 0x5F, 0x40, 0x7A, 0x5F, 0x41, 0x7A,
    0x5F, 0x41, 0x7A, 0x5F, 0x42, 0x7A, 0x5F, 0x42, 0x7B, 0x5F, 0x43, 0x7B, 0x5F, 0x43, 0x7B, 0x5F,
    0x44, 0x7B, 0x5F, 0x44, 0x7C, 0x5F, 0x45, 0x7C, 0x5F, 0x45, 0x7C, 0x5F, 0x46, 0x7C, 0x5F, 0x46,
    0x7D, 0x5F, 0x47, 0x7D, 0x5F, 0x47, 0x7D, 0x5F, 0x48, 0x7D, 0x5F, 0x48, 0x7E, 0x5F, 0x49, 0x7E,
    0x5F, 0x49, 0x7E, 0x5F, 0x4A, 0x7E, 0x5F, 0x4A, 0x7E, 0x5F, 0x4B, 0x7F, 0x5F, 0x4B, 0x7F, 0x5F,
    0x4C, 0x7F, 0x5F, 0x4C, 0x7F, 0x5F, 0x4D, 0x80, 0x5F, 0x4D, 0x80, 0x5F, 0x4E, 0x80, 0x5F, 0x4E,
    0x80, 0x5F, 0x4F, 0x81, 0x5F, 0x4F, 0x81, 0x5F, 0x50, 0x81, 0x5F, 0x50, 0x81, 0x5F, 0x51, 0x82,
    0x5F, 0x51, 0x82, 0x5F, 0x52, 0x82, 0x5F, 0x52, 0x82, 0x5F, 0x53, 0x83, 0x5F, 0x53, 0x83, 0x5F,
    0x54, 0x83, 0x5F, 0x54, 0x83, 0x5F, 0x55, 0x84, 0x5F, 0x55, 0x84, 0x5F, 0x56, 0x84, 0x5F, 0x56,
    0x84, 0x5F, 0x57, 0x84, 0x5F, 0x57, 0x85, 0x5F, 0x58, 0x85, 0x5F, 0x58, 0x85, 0x5F, 0x59, 0x85,
    0x5F, 0x59, 0x86, 0x5F, 0x5A, 0x86, 0x5F, 0x5A, 0x86, 0x5F, 0x5B, 0x86, 0x5F, 0x5B, 0x87, 0x5F,
    0x5C, 0x87, 0x5F, 0x5C, 0x87, 0x5F, 0x5D, 0x87, 0x5F, 0x5D, 0x88, 0x5F, 0x5E, 0x88, 0x5F, 0x5E,
    0x88, 0x5F, 0x5F, 0x88, 0x5F, 0x5F, 0x89, 0x5F, 0x60, 0x89, 0x5F, 0x60, 0x89, 0x5F, 0x61, 0x89,
    0x5F, 0x61, 0x8A, 0x5F, 0x62, 0x8A, 0x5F, 0x62, 0x8A, 0x5F, 0x63, 0x8A, 0x5F, 0x63, 0x8A, 0x5F,
    0x64, 0x8B, 0x5F, 0x64, 0x8B, 0x5F, 0x65, 0x8B, 0x5F, 0x65, 0x8B, 0x5F, 0x66, 0x8C, 0x5F, 0x66,
    0x8C, 0x5F, 0x67, 0x8C, 0x5F, 0x67, 0x8C, 0x5F, 0x68, 0x8D, 0x5F, 0x68, 0x8D, 0x5F, 0x69, 0x8D,
    0x5F, 0x69, 0x8D, 0x5F, 0x6A, 0x8E, 0x5F, 0x6A, 0x8E, 0x5F, 0x6B, 0x8E, 0x5F, 0x6B, 0x8E, 0x5F,
    0x6C, 0x8F, 0x5F, 0x6C, 0x8F, 0x5F, 0x6D, 0x8F, 0x5F, 0x6D, 0x8F, 0x5F, 0x6E, 0x90, 0x5F, 0x6E,
    0x90, 0x5F, 0x6F, 0x90, 0x5F, 0x6F, 0x6A, 0x60, 0x20, 0x6A, 0x60, 0x20, 0x6B, 0x60, 0x21, 0x6B,
    0x60, 0x21, 0x6B, 0x60, 0x22, 0x6B, 0x60, 0x22, 0x6C, 0x60, 0x23, 0x6C, 0x60, 0x23, 0x6C, 0x60,
    0x24, 0x6C, 0x60, 0x24, 0x6C, 0x60, 0x25, 0x6D, 0x60, 0x25, 0x6D, 0x60, 0x26, 0x6D, 0x60, 0x26,
    0x6D, 0x60, 0x27, 0x6E, 0x60, 0x27, 0x6E, 0x60, 0x28, 0x6E, 0x60, 0x28, 0x6E, 0x60, 0x29, 0x6F,
    0x60, 0x29, 0x6F, 0x60, 0x2A, 0x6F, 0x60, 0x2A, 0x6F, 0x60, 0x2B, 0x70, 0x60, 0x2B, 0x70, 0x60,
    0x2C, 0x70, 0x60, 0x2C, 0x70, 0x60, 0x2D, 0x71, 0x60, 0x2D, 0x71, 0x60, 0x2E, 0x71, 0x60, 0x2E,
    0x71, 0x60, 0x2F, 0x72, 0x60, 0x2F, 0x72, 0x60, 0x30, 0x72, 0x60, 0x30, 0x72, 0x60, 0x31, 0x72,
    0x60, 0x31, 0x73, 0x60, 0x32, 0x73, 0x60, 0x32, 0x73, 0x60, 0x33, 0x73, 0x60, 0x33, 0x74, 0x60,
    0x34, 0x74, 0x60, 0x34, 0x74, 0x60, 0x35, 0x74, 0x60, 0x35, 0x75, 0x60, 0x36, 0x75, 0x60, 0x36,
    0x75, 0x60, 0x37, 0x75, 0x60, 0x37, 0x76, 0x60, 0x38, 0x76, 0x60, 0x38, 0x76, 0x60, 0x39, 0x76,
    0x60, 0x39, 0x77, 0x60, 0x3A, 0x77, 0x60, 0x3A, 0x77, 0x60, 0x3B, 0x77, 0x60, 0x3B, 0x78, 0x60,
    0x3C, 0x78, 0x60, 0x3C, 0x78, 0x60, 0x3D, 0x78, 0x60, 0x3D, 0x78, 0x60, 0x3E, 0x79, 0x60, 0x3E,
    0x79, 0x60, 0x3F, 0x79, 0x60, 0x3F, 0x79, 0x60, 0x40, 0x7A, 0x60, 0x40, 0x7A, 0x60, 0x41, 0x7A,
    0x60, 0x41, 0x7A, 0x60, 0x42, 0x7B, 0x60, 0x42, 0x7B, 0x60, 0x43, 0x7B, 0x60, 0x43, 0x7B, 0x60,
    0x44, 0x7C, 0x60, 0x44, 0x7C, 0x60, 0x45, 0x7C, 0x60, 0x45, 0x7C, 0x60, 0x46, 0x7D, 0x60, 0x46,
    0x7D, 0x60, 0x47, 0x7D, 0x60, 0x47, 0x7D, 0x60, 0x48, 0x7E, 0x60, 0x48, 0x7E, 0x60, 0x49, 0x7E,
    0x60, 0x49, 0x7E, 0x60, 0x4A, 0x7E, 0x60, 0x4A, 0x7F, 0x60, 0x4B, 0x7F, 0x60, 0x4B, 0x7F, 0x60,
    0x4C, 0x7F, 0x60, 0x4C, 0x80, 0x60, 0x4D, 0x80, 0x60, 0x4D, 0x80, 0x60, 0x4E, 0x80, 0x60, 0x4E,
    0x81, 0x60, 0x4F, 0x81, 0x60, 0x4F, 0x81, 0x60, 0x50, 0x81, 0x60, 0x50, 0x82, 0x60, 0x51, 0x82,
    0x60, 0x51, 0x82, 0x60, 0x52, 0x82, 0x60, 0x52, 0x83, 0x60, 0x53, 0x83, 0x60, 0x53, 0x83, 0x60,
    0x54, 0x83, 0x60, 0x54, 0x84, 0x60, 0x55, 0x84, 0x60, 0x55, 0x84, 0x60, 0x56, 0x84, 0x60, 0x56,
    0x84, 0x60, 0x57, 0x85, 0x60, 0x57, 0x85, 0x60, 0x58, 0x85, 0x60, 0x58, 0x85, 0x60, 0x59, 0x86,
    0x60, 0x59, 0x86, 0x60, 0x5A, 0x86, 0x60, 0x5A, 0x86, 0x60, 0x5B, 0x87, 0x60, 0x5B, 0x87, 0x60,
    0x5C, 0x87, 0x60, 0x5C, 0x87, 0x60, 0x5D, 0x88, 0x60, 0x5D, 0x88, 0x60, 0x5E, 0x88, 0x60, 0x5E,
    0x88, 0x60, 0x5F, 0x89, 0x60, 0x5F, 0x89, 0x60, 0x60, 0x89, 0x60, 0x60, 0x89, 0x60, 0x61, 0x8A,
    0x60, 0x61, 0x8A, 0x60, 0x62, 0x8A, 0x60, 0x62, 0x8A, 0x60, 0x63, 0x8A, 0x60, 0x63, 0x8B, 0x60,
    0x64, 0x8B, 0x60, 0x64, 0x8B, 0x60, 0x65, 0x8B, 0x60, 0x65, 0x8C, 0x60, 0x66, 0x8C, 0x60, 0x66,
    0x8C, 0x60, 0x67, 0x8C, 0x60, 0x67, 0x8D, 0x60, 0x68, 0x8D, 0x60, 0x68, 0x8D, 0x60, 0x69, 0x8D,
    0x60, 0x69, 0x8E, 0x60, 0x6A, 0x8E, 0x60, 0x6A, 0x8E, 0x60, 0x6B, 0x8E, 0x60, 0x6B, 0x8F, 0x60,
    0x6C, 0x8F, 0x60, 0x6C, 0x8F, 0x60, 0x6D, 0x8F, 0x60, 0x6D, 0x90, 0x60, 0x6E, 0x90, 0x60, 0x6E,
    0x90, 0x60, 0x6F, 0x90, 0x60, 0x6F, 0x6A, 0x62, 0x20, 0x6B, 0x62, 0x20, 0x6B, 0x62, 0x21, 0x6B,
    0x62, 0x21, 0x6B, 0x62, 0x22, 0x6C, 0x62, 0x22, 0x6C, 0x62, 0x23, 0x6C, 0x62, 0x23, 0x6C, 0x62,
    0x24, 0x6C, 0x62, 0x24, 0x6D, 0x62, 0x25, 0x6D, 0x62, 0x25, 0x6D, 0x62, 0x26, 0x6D, 0x62, 0x26,
    0x6E, 0x62, 0x27, 0x6E, 0x62, 0x27, 0x6E, 0x62, 0x28, 0x6E, 0x62, 0x28, 0x6F, 0x62, 0x29, 0x6F,
    0x62, 0x29, 0x6F, 0x62, 0x2A, 0x6F, 0x62, 0x2A, 0x70, 0x62, 0x2B, 0x70, 0x62, 0x2B, 0x70, 0x62,
    0x2C, 0x70, 0x62, 0x2C, 0x71, 0x62, 0x2D, 0x71, 0x62, 0x2D, 0x71, 0x62, 0x2E, 0x71, 0x62, 0x2E,
    0x72, 0x62, 0x2F, 0x72, 0x62, 0x2F, 0x72, 0x62, 0x30, 0x72, 0x62, 0x30, 0x72, 0x62, 0x31, 0x73,
    0x62, 0x31, 0x73, 0x62, 0x32, 0x73, 0x62, 0x32, 0x73, 0x62, 0x33, 0x74, 0x62, 0x33, 0x74, 0x62,
    0x34, 0x74, 0x62, 0x34, 0x74, 0x62, 0x35, 0x75, 0x62, 0x35, 0x75, 0x62, 0x36, 0x75, 0x62, 0x36,
    0x75, 0x62, 0x37, 0x76, 0x62, 0x37, 0x76, 0x62, 0x38, 0x76, 0x62, 0x38, 0x76, 0x62, 0x39, 0x77,
    0x62, 0x39, 0x77, 0x62, 0x3A, 0x77, 0x62, 0x3A, 0x77, 0x62, 0x3B, 0x78, 0x62, 0x3B, 0x78, 0x62,
    0x3C, 0x78, 0x62, 0x3C, 0x78, 0x62, 0x3D, 0x78, 0x62, 0x3D, 0x79, 0x62, 0x3E, 0x79, 0x62, 0x3E,
    0x79, 0x62, 0x3F, 0x79, 0x62, 0x3F, 0x7A, 0x62, 0x40, 0x7A, 0x62, 0x40, 0x7A, 0x62, 0x41, 0x7A,
    0x62, 0x41, 0x7B, 0x62, 0x42, 0x7B, 0x62, 0x42, 0x7B, 0x62, 0x43, 0x7B, 0x62, 0x43, 0x7C, 0x62,
    0x44, 0x7C, 0x62, 0x44, 0x7C, 0x62, 0x45, 0x7C, 0x62, 0x45, 0x7D, 0x62, 0x46, 0x7D, 0x62, 0x46,
    0x7D, 0x62, 0x47, 0x7D, 0x62, 0x47, 0x7E, 0x62, 0x48, 0x7E, 0x62, 0x48, 0x7E, 0x62, 0x49, 0x7E,
    0x62, 0x49, 0x7E, 0x62, 0x4A, 0x7F, 0x62, 0x4A, 0x7F, 0x62, 0x4B, 0x7F, 0x62, 0x4B, 0x7F, 0x62,
    0x4C, 0x80, 0x62, 0x4C, 0x80, 0x62, 0x4D, 0x80, 0x62, 0x4D, 0x80, 0x62, 0x4E, 0x81, 0x62, 0x4E,
    0x81, 0x62, 0x4F, 0x81, 0x62, 0x4F, 0x81, 0x62, 0x50, 0x82, 0x62, 0x50, 0x82, 0x62, 0x51, 0x82,
    0x62, 0x51, 0x82, 0x62, 0x52, 0x83, 0x62, 0x52, 0x83, 0x62, 0x53, 0x83, 0x62, 0x53, 0x83, 0x62,
    0x54, 0x84, 0x62, 0x54, 0x84, 0x62, 0x55, 0x84, 0x62, 0x55, 0x84, 0x62, 0x56, 0x84, 0x62, 0x56,
    0x85, 0x62, 0x57, 0x85, 0x62, 0x57, 0x85, 0x62, 0x58, 0x85, 0x62, 0x58, 0x86, 0x62, 0x59, 0x86,
    0x62, 0x59, 0x86, 0x62, 0x5A, 0x86, 0x62, 0x5A, 0x87, 0x62, 0x5B, 0x87, 0x62, 0x5B, 0x87, 0x62,
    0x5C, 0x87, 0x62, 0x5C, 0x88, 0x62, 0x5D, 0x88, 0x62, 0x5D, 0x88, 0x62, 0x5E, 0x88, 0x62, 0x5E,
    0x89, 0x62, 0x5F, 0x89, 0x62, 0x5F, 0x89, 0x62, 0x60, 0x89, 0x62, 0x60, 0x8A, 0x62, 0x61, 0x8A,
    0x62, 0x61, 0x8A, 0x62, 0x62, 0x8A, 0x62, 0x62, 0x8A, 0x62, 0x63, 0x8B, 0x62, 0x63, 0x8B, 0x62,
    0x64, 0x8B, 0x62, 0x64, 0x8B, 0x62, 0x65, 0x8C, 0x62, 0x65, 0x8C, 0x62, 0x66, 0x8C, 0x62, 0x66,
    0x8C, 0x62, 0x67, 0x8D, 0x62, 0x67, 0x8D, 0x62, 0x68, 0x8D, 0x62, 0x68, 0x8D, 0x62, 0x69, 0x8E,
    0x62, 0x69, 0x8E, 0x62, 0x6A, 0x8E, 0x62, 0x6A, 0x8E, 0x62, 0x6B, 0x8F, 0x62, 0x6B, 0x8F, 0x62,
    0x6C, 0x8F, 0x62, 0x6C, 0x8F, 0x62, 0x6D, 0x90, 0x62, 0x6D, 0x90, 0x62, 0x6E, 0x90, 0x62, 0x6E,
    0x90, 0x62, 0x6F, 0x90, 0x62, 0x6F, 0x6B, 0x63, 0x20, 0x6B, 0x63, 0x20, 0x6B, 0x63, 0x21, 0x6B,
    0x63, 0x21, 0x6C, 0x63, 0x22, 0x6C, 0x63, 0x22, 0x6C, 0x63, 0x23, 0x6C, 0x63, 0x23, 0x6C, 0x63,
    0x24, 0x6D, 0x63, 0x24, 0x6D, 0x63, 0x25, 0x6D, 0x63, 0x25, 0x6D, 0x63, 0x26, 0x6E, 0x63, 0x26,
    0x6E, 0x63, 0x27, 0x6E, 0x63, 0x27, 0x6E, 0x63, 0x28, 0x6F, 0x63, 0x28, 0x6F, 0x63, 0x29, 0x6F,
    0x63, 0x29, 0x6F, 0x63, 0x2A, 0x70, 0x63, 0x2A, 0x70, 0x63, 0x2B, 0x70, 0x63, 0x2B, 0x70, 0x63,
    0x2C, 0x71, 0x63, 0x2C, 0x71, 0x63, 0x2D, 0x71, 0x63, 0x2D, 0x71, 0x63, 0x2E, 0x72, 0x63, 0x2E,
    0x72, 0x63, 0x2F, 0x72, 0x63, 0x2F, 0x72, 0x63, 0x30, 0x72, 0x63, 0x30, 0x73, 0x63, 0x31, 0x73,
    0x63, 0x31, 0x73, 0x63, 0x32, 0x73, 0x63, 0x32, 0x74, 0x63, 0x33, 0x74, 0x63, 0x33, 0x74, 0x63,
    0x34, 0x74, 0x63, 0x34, 0x75, 0x63, 0x35, 0x75, 0x63, 0x35, 0x75, 0x63, 0x36, 0x75, 0x63, 0x36,
    0x76, 0x63, 0x37, 0x76, 0x63, 0x37, 0x76, 0x63, 0x38, 0x76, 0x63, 0x38, 0x77, 0x63, 0x39, 0x77,
    0x63, 0x39, 0x77, 0x63, 0x3A, 0x77, 0x63, 0x3A, 0x78, 0x63, 0x3B, 0x78, 0x63, 0x3B, 0x78, 0x63,
    0x3C, 0x78, 0x63, 0x3C, 0x78, 0x63, 0x3D, 0x79, 0x63, 0x3D, 0x79, 0x63, 0x3E, 0x79, 0x63, 0x3E,
    0x79, 0x63, 0x3F, 0x7A, 0x63, 0x3F, 0x7A, 0x63, 0x40, 0x7A, 0x63, 0x40, 0x7A, 0x63, 0x41, 0x7B,
    0x63, 0x41, 0x7B, 0x63, 0x42, 0x7B, 0x63, 0x42, 0x7B, 0x63, 0x43, 0x7C, 0x63, 0x43, 0x7C, 0x63,
    0x44, 0x7C, 0x63, 0x44, 0x7C, 0x63, 0x45, 0x7D, 0x63, 0x45, 0x7D, 0x63, 0x46, 0x7D, 0x63, 0x46,
    0x7D, 0x63, 0x47, 0x7E, 0x63, 0x47, 0x7E, 0x63, 0x48, 0x7E, 0x63, 0x48, 0x7E, 0x63, 0x49, 0x7E,
    0x63, 0x49, 0x7F, 0x63, 0x4A, 0x7F, 0x63, 0x4A, 0x7F, 0x63, 0x4B, 0x7F, 0x63, 0x4B, 0x80, 0x63,
    0x4C, 0x80, 0x63, 0x4C, 0x80, 0x63, 0x4D, 0x80, 0x63, 0x4D, 0x81, 0x63, 0x4E, 0x81, 0x63, 0x4E,
    0x81, 0x63, 0x4F, 0x81, 0x63, 0x4F, 0x82, 0x63, 0x50, 0x82, 0x63, 0x50, 0x82, 0x63, 0x51, 0x82,
    0x63, 0x51, 0x83, 0x63, 0x52, 0x83, 0x63, 0x52, 0x83, 0x63, 0x53, 0x83, 0x63, 0x53, 0x84, 0x63,
    0x54, 0x84, 0x63, 0x54, 0x84, 0x63, 0x55, 0x84, 0x63, 0x55, 0x84, 0x63, 0x56, 0x85, 0x63, 0x56,
    0x85, 0x63, 0x57, 0x85, 0x63, 0x57, 0x85, 0x63, 0x58, 0x86, 0x63, 0x58, 0x86, 0x63, 0x59, 0x86,
    0x63, 0x59, 0x86, 0x63, 0x5A, 0x87, 0x63, 0x5A, 0x87, 0x63, 0x5B, 0x87, 0x63, 0x5B, 0x87, 0x63,
    0x5C, 0x88, 0x63, 0x5C, 0x88, 0x63, 0x5D, 0x88, 0x63, 0x5D, 0x88, 0x63, 0x5E, 0x89, 0x63, 0x5E,
    0x89, 0x63, 0x5F, 0x89, 0x63, 0x5F, 0x89, 0x63, 0x60, 0x8A, 0x63, 0x60, 0x8A, 0x63, 0x61, 0x8A,
    0x63, 0x61, 0x8A, 0x63, 0x62, 0x8A, 0x63, 0x62, 0x8B, 0x63, 0x63, 0x8B, 0x63, 0x63, 0x8B, 0x63,
    0x64, 0x8B, 0x63, 0x64, 0x8C, 0x63, 0x65, 0x8C, 0x63, 0x65, 0x8C, 0x63, 0x66, 0x8C, 0x63, 0x66,
    0x8D, 0x63, 0x67, 0x8D, 0x63, 0x67, 0x8D, 0x63, 0x68, 0x8D, 0x63, 0x68, 0x8E, 0x63, 0x69, 0x8E,
    0x63, 0x69, 0x8E, 0x63, 0x6A, 0x8E, 0x63, 0x6A, 0x8F, 0x63, 0x6B, 0x8F, 0x63, 0x6B, 0x8F, 0x63,
    0x6C, 0x8F, 0x63, 0x6C, 0x90, 0x63, 0x6D, 0x90, 0x63, 0x6D, 0x90, 0x63, 0x6E, 0x90, 0x63, 0x6E,
    0x90, 0x63, 0x6F, 0x91, 0x63, 0x6F, 0x6B, 0x64, 0x20, 0x6B, 0x64, 0x20, 0x6B, 0x64, 0x21, 0x6C,
    0x64, 0x21, 0x6C, 0x64, 0x22, 0x6C, 0x64, 0x22, 0x6C, 0x64, 0x23, 0x6C, 0x64, 0x23, 0x6D, 0x64,
    0x24, 0x6D, 0x64, 0x24, 0x6D, 0x64, 0x25, 0x6D, 0x64, 0x25, 0x6E, 0x64, 0x26, 0x6E, 0x64, 0x26,
    0x6E, 0x64, 0x27, 0x6E, 0x64, 0x27, 0x6F, 0x64, 0x28, 0x6F, 0x64, 0x28, 0x6F, 0x64, 0x29, 0x6F,
    0x64, 0x29, 0x70, 0x64, 0x2A, 0x70, 0x64, 0x2A, 0x70, 0x64, 0x2B, 0x70, 0x64, 0x2B, 0x71, 0x64,
    0x2C, 0x71, 0x64, 0x2C, 0x71, 0x64, 0x2D, 0x71, 0x64, 0x2D, 0x72, 0x64, 0x2E, 0x72, 0x64, 0x2E,
    0x72, 0x64, 0x2F, 0x72, 0x64, 0x2F, 0x72, 0x64, 0x30, 0x73, 0x64, 0x30, 0x73, 0x64, 0x31, 0x73,
    0x64, 0x31, 0x73, 0x64, 0x32, 0x74, 0x64, 0x32, 0x74, 0x64, 0x33, 0x74, 0x64, 0x33, 0x74, 0x64,
    0x34, 0x75, 0x64, 0x34, 0x75, 0x64, 0x35, 0x75, 0x64, 0x35, 0x75, 0x64, 0x36, 0x76, 0x64, 0x36,
    0x76, 0x64, 0x37, 0x76, 0x64, 0x37, 0x76, 0x64, 0x38, 0x77, 0x64, 0x38, 0x77, 0x64, 0x39, 0x77,
    0x64, 0x39, 0x77, 0x64, 0x3A, 0x78, 0x64, 0x3A, 0x78, 0x64, 0x3B, 0x78, 0x64, 0x3B, 0x78, 0x64,
    0x3C, 0x78, 0x64, 0x3C, 0x79, 0x64, 0x3D, 0x79, 0x64, 0x3D, 0x79, 0x64, 0x3E, 0x79, 0x64, 0x3E,
    0x7A, 0x64, 0x3F, 0x7A, 0x64, 0x3F, 0x7A, 0x64, 0x40, 0x7A, 0x64, 0x40, 0x7B, 0x64, 0x41, 0x7B,
    0x64, 0x41, 0x7B, 0x64, 0x42, 0x7B, 0x64, 0x42, 0x7C, 0x64, 0x43, 0x7C, 0x64, 0x43, 0x7C, 0x64,
    0x44, 0x7C, 0x64, 0x44, 0x7D, 0x64, 0x45, 0x7D, 0x64, 0x45, 0x7D, 0x64, 0x46, 0x7D, 0x64, 0x46,
    0x7E, 0x64, 0x47, 0x7E, 0x64, 0x47, 0x7E, 0x64, 0x48, 0x7E, 0x64, 0x48, 0x7E, 0x64, 0x49, 0x7F,
    0x64, 0x49, 0x7F, 0x64, 0x4A, 0x7F, 0x64, 0x4A, 0x7F, 0x64, 0x4B, 0x80, 0x64, 0x4B, 0x80, 0x64,
    0x4C, 0x80, 0x64, 0x4C, 0x80, 0x64, 0x4D, 0x81, 0x64, 0x4D, 0x81, 0x64, 0x4E, 0x81, 0x64, 0x4E,
    0x81, 0x64, 0x4F, 0x82, 0x64, 0x4F, 0x82, 0x64, 0x50, 0x82, 0x64, 0x50, 0x82, 0x64, 0x51, 0x83,
    0x64, 0x51, 0x83, 0x64, 0x52, 0x83, 0x64, 0x52, 0x83, 0x64, 0x53, 0x84, 0x64, 0x53, 0x84, 0x64,
    0x54, 0x84, 0x64, 0x54, 0x84, 0x64, 0x55, 0x84, 0x64, 0x55, 0x85, 0x64, 0x56, 0x85, 0x64, 0x56,
    0x85, 0x64, 0x57, 0x85, 0x64, 0x57, 0x86, 0x64, 0x58, 0x86, 0x64, 0x58, 0x86, 0x64, 0x59, 0x86,
    0x64, 0x59, 0x87, 0x64, 0x5A, 0x87, 0x64, 0x5A, 0x87, 0x64, 0x5B, 0x87, 0x64, 0x5B, 0x88, 0x64,
    0x5C, 0x88, 0x64, 0x5C, 0x88, 0x64, 0x5D, 0x88, 0x64, 0x5D, 0x89, 0x64, 0x5E, 0x89, 0x64, 0x5E,
    0x89, 0x64, 0x5F, 0x89, 0x64, 0x5F, 0x8A, 0x64, 0x60, 0x8A, 0x64, 0x60, 0x8A, 0x64, 0x61, 0x8A,
    0x64, 0x61, 0x8A, 0x64, 0x62, 0x8B, 0x64, 0x62, 0x8B, 0x64, 0x63, 0x8B, 0x64, 0x63, 0x8B, 0x64,
    0x64, 0x8C, 0x64, 0x64, 0x8C, 0x64, 0x65, 0x8C, 0x64, 0x65, 0x8C, 0x64, 0x66, 0x8D, 0x64, 0x66,
    0x8D, 0x64, 0x67, 0x8D, 0x64, 0x67, 0x8D, 0x64, 0x68, 0x8E, 0x64, 0x68, 0x8E, 0x64, 0x69, 0x8E,
    0x64, 0x69, 0x8E, 0x64, 0x6A, 0x8F, 0x64, 0x6A, 0x8F, 0x64, 0x6B, 0x8F, 0x64, 0x6B, 0x8F, 0x64,
    0x6C, 0x90, 0x64, 0x6C, 0x90, 0x64, 0x6D, 0x90, 0x64, 0x6D, 0x90, 0x64, 0x6E, 0x90, 0x64, 0x6E,
    0x91, 0x64, 0x6F, 0x91, 0x64, 0x6F, 0x6B, 0x65, 0x20, 0x6B, 0x65, 0x20, 0x6C, 0x65, 0x21, 0x6C,
    0x65, 0x21, 0x6C, 0x65, 0x22, 0x6C, 0x65, 0x22, 0x6C, 0x65, 0x23, 0x6D, 0x65, 0x23, 0x6D, 0x65,
    0x24, 0x6D, 0x65, 0x24, 0x6D, 0x65, 0x25, 0x6E, 0x65, 0x25, 0x6E, 0x65, 0x26, 0x6E, 0x65, 0x26,
    0x6E, 0x65, 0x27, 0x6F, 0x65, 0x27, 0x6F, 0x65, 0x28, 0x6F, 0x65, 0x28, 0x6F, 0x65, 0x29, 0x70,
    0x65, 0x29, 0x70, 0x65, 0x2A, 0x70, 0x65, 0x2A, 0x70, 0x65, 0x2B, 0x71, 0x65, 0x2B, 0x71, 0x65,
    0x2C, 0x71, 0x65, 0x2C, 0x71, 0x65, 0x2D, 0x72, 0x65, 0x2D, 0x72, 0x65, 0x2E, 0x72, 0x65, 0x2E,
    0x72, 0x65, 0x2F, 0x72, 0x65, 0x2F, 0x73, 0x65, 0x30, 0x73, 0x65, 0x30, 0x73, 0x65, 0x31, 0x73,
    0x65, 0x31, 0x74, 0x65, 0x32, 0x74, 0x65, 0x32, 0x74, 0x65, 0x33, 0x74, 0x65, 0x33, 0x75, 0x65,
    0x34, 0x75, 0x65, 0x34, 0x75, 0x65, 0x35, 0x75, 0x65, 0x35, 0x76, 0x65, 0x36, 0x76, 0x65, 0x36,
    0x76, 0x65, 0x37, 0x76, 0x65, 0x37, 0x77, 0x65, 0x38, 0x77, 0x65, 0x38, 0x77, 0x65, 0x39, 0x77,
    0x65, 0x39, 0x78, 0x65, 0x3A, 0x78, 0x65, 0x3A, 0x78, 0x65, 0x3B, 0x78, 0x65, 0x3B, 0x78, 0x65,
    0x3C, 0x79, 0x65, 0x3C, 0x79, 0x65, 0x3D, 0x79, 0x65, 0x3D, 0x79, 0x65, 0x3E, 0x7A, 0x65, 0x3E,
    0x7A, 0x65, 0x3F, 0x7A, 0x65, 0x3F, 0x7A, 0x65, 0x40, 0x7B, 0x65, 0x40, 0x7B, 0x65, 0x41, 0x7B,
    0x65, 0x41, 0x7B, 0x65, 0x42, 0x7C, 0x65, 0x42, 0x7C, 0x65, 0x43, 0x7C, 0x65, 0x43, 0x7C, 0x65,
    0x44, 0x7D, 0x65, 0x44, 0x7D, 0x65, 0x45, 0x7D, 0x65, 0x45, 0x7D, 0x65, 0x46, 0x7E, 0x65, 0x46,
    0x7E, 0x65, 0x47, 0x7E, 0x65, 0x47, 0x7E, 0x65, 0x48, 0x7E, 0x65, 0x48, 0x7F, 0x65, 0x49, 0x7F,
    0x65, 0x49, 0x7F, 0x65, 0x4A, 0x7F, 0x65, 0x4A, 0x80, 0x65, 0x4B, 0x80, 0x65, 0x4B, 0x80, 0x65,
    0x4C, 0x80, 0x65, 0x4C, 0x81, 0x65, 0x4D, 0x81, 0x65, 0x4D, 0x81, 0x65, 0x4E, 0x81, 0x65, 0x4E,
    0x82, 0x65, 0x4F, 0x82, 0x65, 0x4F, 0x82, 0x65, 0x50, 0x82, 0x65, 0x50, 0x83, 0x65, 0x51, 0x83,
    0x65, 0x51, 0x83, 0x65, 0x52, 0x83, 0x65, 0x52, 0x84, 0x65, 0x53, 0x84, 0x65, 0x53, 0x84, 0x65,
    0x54, 0x84, 0x65, 0x54, 0x84, 0x65, 0x55, 0x85, 0x65, 0x55, 0x85, 0x65, 0x56, 0x85, 0x65, 0x56,
    0x85, 0x65, 0x57, 0x86, 0x65, 0x57, 0x86, 0x65, 0x58, 0x86, 0x65, 0x58, 0x86, 0x65, 0x59, 0x87,
    0x65, 0x59, 0x87, 0x65, 0x5A, 0x87, 0x65, 0x5A, 0x87, 0x65, 0x5B, 0x88, 0x65, 0x5B, 0x88, 0x65,
    0x5C, 0x88, 0x65, 0x5C, 0x88, 0x65, 0x5D, 0x89, 0x65, 0x5D, 0x89, 0x65, 0x5E, 0x89, 0x65, 0x5E,
    0x89, 0x65, 0x5F, 0x8A, 0x65, 0x5F, 0x8A, 0x65, 0x60, 0x8A, 0x65, 0x60, 0x8A, 0x65, 0x61, 0x8A,
    0x65, 0x61, 0x8B, 0x65, 0x62, 0x8B, 0x65, 0x62, 0x8B, 0x65, 0x63, 0x8B, 0x65, 0x63, 0x8C, 0x65,
    0x64, 0x8C, 0x65, 0x64, 0x8C, 0x65, 0x65, 0x8C, 0x65, 0x65, 0x8D, 0x65, 0x66, 0x8D, 0x65, 0x66,
    0x8D, 0x65, 0x67, 0x8D, 0x65, 0x67, 0x8E, 0x65, 0x68, 0x8E, 0x65, 0x68, 0x8E, 0x65, 0x69, 0x8E,
    0x65, 0x69, 0x8F, 0x65, 0x6A, 0x8F, 0x65, 0x6A, 0x8F, 0x65, 0x6B, 0x8F, 0x65, 0x6B, 0x90, 0x65,
    0x6C, 0x90, 0x65, 0x6C, 0x90, 0x65, 0x6D, 0x90, 0x65, 0x6D, 0x90, 0x65, 0x6E, 0x91, 0x65, 0x6E,
    0x91, 0x65, 0x6F, 0x91, 0x65, 0x6F, 0x6B, 0x66, 0x20, 0x6C, 0x66, 0x20, 0x6C, 0x66, 0x21, 0x6C,
    0x66, 0x21, 0x6C, 0x66, 0x22, 0x6C, 0x66, 0x22, 0x6D, 0x66, 0x23, 0x6D, 0x66, 0x23, 0x6D, 0x66,
    0x24, 0x6D, 0x66, 0x24, 0x6E, 0x66, 0x25, 0x6E, 0x66, 0x25, 0x6E, 0x66, 0x26, 0x6E, 0x66, 0x26,
    0x6F, 0x66, 0x27, 0x6F, 0x66, 0x27, 0x6F, 0x66, 0x28, 0x6F, 0x66, 0x28, 0x70, 0x66, 0x29, 0x70,
    0x66, 0x29, 0x70, 0x66, 0x2A, 0x70, 0x66, 0x2A, 0x71, 0x66, 0x2B, 0x71, 0x66, 0x2B, 0x71, 0x66,
    0x2C, 0x71, 0x66, 0x2C, 0x72, 0x66, 0x2D, 0x72, 0x66, 0x2D, 0x72, 0x66, 0x2E, 0x72, 0x66, 0x2E,
    0x72, 0x66, 0x2F, 0x73, 0x66, 0x2F, 0x73, 0x66, 0x30, 0x73, 0x66, 0x30, 0x73, 0x66, 0x31, 0x74,
    0x66, 0x31, 0x74, 0x66, 0x32, 0x74, 0x66, 0x32, 0x74, 0x66, 0x33, 0x75, 0x66, 0x33, 0x75, 0x66,
    0x34, 0x75, 0x66, 0x34, 0x75, 0x66, 0x35, 0x76, 0x66, 0x35, 0x76, 0x66, 0x36, 0x76, 0x66, 0x36,
    0x76, 0x66, 0x37, 0x77, 0x66, 0x37, 0x77, 0x66, 0x38, 0x77, 0x66, 0x38, 0x77, 0x66, 0x39, 0x78,
    0x66, 0x39, 0x78, 0x66, 0x3A, 0x78, 0x66, 0x3A, 0x78, 0x66, 0x3B, 0x78, 0x66, 0x3B, 0x79, 0x66,
    0x3C, 0x79, 0x66, 0x3C, 0x79, 0x66, 0x3D, 0x79, 0x66, 0x3D, 0x7A, 0x66, 0x3E, 0x7A, 0x66, 0x3E,
    0x7A, 0x66, 0x3F, 0x7A, 0x66, 0x3F, 0x7B, 0x66, 0x40, 0x7B, 0x66, 0x40, 0x7B, 0x66, 0x41, 0x7B,
    0x66, 0x41, 0x7C, 0x66, 0x42, 0x7C, 0x66, 0x42, 0x7C, 0x66, 0x43, 0x7C, 0x66, 0x43, 0x7D, 0x66,
    0x44, 0x7D, 0x66, 0x44, 0x7D, 0x66, 0x45, 0x7D, 0x66, 0x45, 0x7E, 0x66, 0x46, 0x7E, 0x66, 0x46,
    0x7E, 0x66, 0x47, 0x7E, 0x66, 0x47, 0x7E, 0x66, 0x48, 0x7F, 0x66, 0x48, 0x7F, 0x66, 0x49, 0x7F,
    0x66, 0x49, 0x7F, 0x66, 0x4A, 0x80, 0x66, 0x4A, 0x80, 0x66, 0x4B, 0x80, 0x66, 0x4B, 0x80, 0x66,
    0x4C, 0x81, 0x66, 0x4C, 0x81, 0x66, 0x4D, 0x81, 0x66, 0x4D, 0x81, 0x66, 0x4E, 0x82, 0x66, 0x4E,
    0x82, 0x66, 0x4F, 0x82, 0x66, 0x4F, 0x82, 0x66, 0x50, 0x83, 0x66, 0x50, 0x83, 0x66, 0x51, 0x83,
    0x66, 0x51, 0x83, 0x66, 0x52, 0x84, 0x66, 0x52, 0x84, 0x66, 0x53, 0x84, 0x66, 0x53, 0x84, 0x66,
    0x54, 0x84, 0x66, 0x54, 0x85, 0x66, 0x55, 0x85, 0x66, 0x55, 0x85, 0x66, 0x56, 0x85, 0x66, 0x56,
    0x86, 0x66, 0x57, 0x86, 0x66, 0x57, 0x86, 0x66, 0x58, 0x86, 0x66, 0x58, 0x87, 0x66, 0x59, 0x87,
    0x66, 0x59, 0x87, 0x66, 0x5A, 0x87, 0x66, 0x5A, 0x88, 0x66, 0x5B, 0x88, 0x66, 0x5B, 0x88, 0x66,
    0x5C, 0x88, 0x66, 0x5C, 0x89, 0x66, 0x5D, 0x89, 0x66, 0x5D, 0x89, 0x66, 0x5E, 0x89, 0x66, 0x5E,
    0x8A, 0x66, 0x5F, 0x8A, 0x66, 0x5F, 0x8A, 0x66, 0x60, 0x8A, 0x66, 0x60, 0x8A, 0x66, 0x61, 0x8B,
    0x66, 0x61, 0x8B, 0x66, 0x62, 0x8B, 0x66, 0x62, 0x8B, 0x66, 0x63, 0x8C, 0x66, 0x63, 0x8C, 0x66,
    0x64, 0x8C, 0x66, 0x64, 0x8C, 0x66, 0x65, 0x8D, 0x66, 0x65, 0x8D, 0x66, 0x66, 0x8D, 0x66, 0x66,
    0x8D, 0x66, 0x67, 0x8E, 0x66, 0x67, 0x8E, 0x66, 0x68, 0x8E, 0x66, 0x68, 0x8E, 0x66, 0x69, 0x8F,
    0x66, 0x69, 0x8F, 0x66, 0x6A, 0x8F, 0x66, 0x6A, 0x8F, 0x66, 0x6B, 0x90, 0x66, 0x6B, 0x90, 0x66,
    0x6C, 0x90, 0x66, 0x6C, 0x90, 0x66, 0x6D, 0x90, 0x66, 0x6D, 0x91, 0x66, 0x6E, 0x91, 0x66, 0x6E,
    0x91, 0x66, 0x6F, 0x91, 0x66, 0x6F, 0x6C, 0x67, 0x20, 0x6C, 0x67, 0x20, 0x6C, 0x67, 0x21, 0x6C,
    0x67, 0x21, 0x6C, 0x67, 0x22, 0x6D, 0x67, 0x22, 0x6D, 0x67, 0x23, 0x6D, 0x67, 0x23, 0x6D, 0x67,
    0x24, 0x6E, 0x67, 0x24, 0x6E, 0x67, 0x25, 0x6E, 0x67, 0x25, 0x6E, 0x67, 0x26, 0x6F, 0x67, 0x26,
    0x6F, 0x67, 0x27, 0x6F, 0x67, 0x27, 0x6F, 0x67, 0x28, 0x70, 0x67, 0x28, 0x70, 0x67, 0x29, 0x70,
    0x67, 0x29, 0x70, 0x67, 0x2A, 0x71, 0x67, 0x2A, 0x71, 0x67, 0x2B, 0x71, 0x67, 0x2B, 0x71, 0x67,
    0x2C, 0x72, 0x67, 0x2C, 0x72, 0x67, 0x2D, 0x72, 0x67, 0x2D, 0x72, 0x67, 0x2E, 0x72, 0x67, 0x2E,
    0x73, 0x67, 0x2F, 0x73, 0x67, 0x2F, 0x73, 0x67, 0x30, 0x73, 0x67, 0x30, 0x74, 0x67, 0x31, 0x74,
    0x67, 0x31, 0x74, 0x67, 0x32, 0x74, 0x67, 0x32, 0x75, 0x67, 0x33, 0x75, 0x67, 0x33, 0x75, 0x67,
    0x34, 0x75, 0x67, 0x34, 0x76, 0x67, 0x35, 0x76, 0x67, 0x35, 0x76, 0x67, 0x36, 0x76, 0x67, 0x36,
    0x77, 0x67, 0x37, 0x77, 0x67, 0x37, 0x77, 0x67, 0x38, 0x77, 0x67, 0x38, 0x78, 0x67, 0x39, 0x78,
    0x67, 0x39, 0x78, 0x67, 0x3A, 0x78, 0x67, 0x3A, 0x78, 0x67, 0x3B, 0x79, 0x67, 0x3B, 0x79, 0x67,
    0x3C, 0x79, 0x67, 0x3C, 0x79, 0x67, 0x3D, 0x7A, 0x67, 0x3D, 0x7A, 0x67, 0x3E, 0x7A, 0x67, 0x3E,
    0x7A, 0x67, 0x3F, 0x7B, 0x67, 0x3F, 0x7B, 0x67, 0x40, 0x7B, 0x67, 0x40, 0x7B, 0x67, 0x41, 0x7C,
    0x67, 0x41, 0x7C, 0x67, 0x42, 0x7C, 0x67, 0x42, 0x7C, 0x67, 0x43, 0x7D, 0x67, 0x43, 0x7D, 0x67,
    0x44, 0x7D, 0x67, 0x44, 0x7D, 0x67, 0x45, 0x7E, 0x67, 0x45, 0x7E, 0x67, 0x46, 0x7E, 0x67, 0x46,
    0x7E, 0x67, 0x47, 0x7E, 0x67, 0x47, 0x7F, 0x67, 0x48, 0x7F, 0x67, 0x48, 0x7F, 0x67, 0x49, 0x7F,
    0x67, 0x49, 0x80, 0x67, 0x4A, 0x80, 0x67, 0x4A, 0x80, 0x67, 0x4B, 0x80, 0x67, 0x4B, 0x81, 0x67,
    0x4C, 0x81, 0x67, 0x4C, 0x81, 0x67, 0x4D, 0x81, 0x67, 0x4D, 0x82, 0x67, 0x4E, 0x82, 0x67, 0x4E,
    0x82, 0x67, 0x4F, 0x82, 0x67, 0x4F, 0x83, 0x67, 0x50, 0x83, 0x67, 0x50, 0x83, 0x67, 0x51, 0x83,
    0x67, 0x51, 0x84, 0x67, 0x52, 0x84, 0x67, 0x52, 0x84, 0x67, 0x53, 0x84, 0x67, 0x53, 0x84, 0x67,
    0x54, 0x85, 0x67, 0x54, 0x85, 0x67, 0x55, 0x85, 0x67, 0x55, 0x85, 0x67, 0x56, 0x86, 0x67, 0x56,
    0x86, 0x67, 0x57, 0x86, 0x67, 0x57, 0x86, 0x67, 0x58, 0x87, 0x67, 0x58, 0x87, 0x67, 0x59, 0x87,
    0x67, 0x59, 0x87, 0x67, 0x5A, 0x88, 0x67, 0x5A, 0x88, 0x67, 0x5B, 0x88, 0x67, 0x5B, 0x88, 0x67,
    0x5C, 0x89, 0x67, 0x5C, 0x89, 0x67, 0x5D, 0x89, 0x67, 0x5D, 0x89, 0x67, 0x5E, 0x8A, 0x67, 0x5E,
    0x8A, 0x67, 0x5F, 0x8A, 0x67, 0x5F, 0x8A, 0x67, 0x60, 0x8A, 0x67, 0x60, 0x8B, 0x67, 0x61, 0x8B,
    0x67, 0x61, 0x8B, 0x67, 0x62, 0x8B, 0x67, 0x62, 0x8C, 0x67, 0x63, 0x8C, 0x67, 0x63, 0x8C, 0x67,
    0x64, 0x8C, 0x67, 0x64, 0x8D, 0x67, 0x65, 0x8D, 0x67, 0x65, 0x8D, 0x67, 0x66, 0x8D, 0x67, 0x66,
    0x8E, 0x67, 0x67, 0x8E, 0x67, 0x67, 0x8E, 0x67, 0x68, 0x8E, 0x67, 0x68, 0x8F, 0x67, 0x69, 0x8F,
    0x67, 0x69, 0x8F, 0x67, 0x6A, 0x8F, 0x67, 0x6A, 0x90, 0x67, 0x6B, 0x90, 0x67, 0x6B, 0x90, 0x67,
    0x6C, 0x90, 0x67, 0x6C, 0x90, 0x67, 0x6D, 0x91, 0x67, 0x6D, 0x91, 0x67, 0x6E, 0x91, 0x67, 0x6E,
    0x91, 0x67, 0x6F, 0x92, 0x67, 0x6F, 0x6C, 0x68, 0x20, 0x6C, 0x68, 0x20, 0x6C, 0x68, 0x21, 0x6C,
    0x68, 0x21, 0x6D, 0x68, 0x22, 0x6D, 0x68, 0x22, 0x6D, 0x68, 0x23, 0x6D, 0x68, 0x23, 0x6E, 0x68,
    0x24, 0x6E, 0x68, 0x24, 0x6E, 0x68, 0x25, 0x6E, 0x68, 0x25, 0x6F, 0x68, 0x26, 0x6F, 0x68, 0x26,
    0x6F, 0x68, 0x27, 0x6F, 0x68, 0x27, 0x70, 0x68, 0x28, 0x70, 0x68, 0x28, 0x70, 0x68, 0x29, 0x70,
    0x68, 0x29, 0x71, 0x68, 0x2A, 0x71, 0x68, 0x2A, 0x71, 0x68, 0x2B, 0x71, 0x68, 0x2B, 0x72, 0x68,
    0x2C, 0x72, 0x68, 0x2C, 0x72, 0x68, 0x2D, 0x72, 0x68, 0x2D, 0x72, 0x68, 0x2E, 0x73, 0x68, 0x2E,
    0x73, 0x68, 0x2F, 0x73, 0x68, 0x2F, 0x73, 0x68, 0x30, 0x74, 0x68, 0x30, 0x74, 0x68, 0x31, 0x74,
    0x68, 0x31, 0x74, 0x68, 0x32, 0x75, 0x68, 0x32, 0x75, 0x68, 0x33, 0x75, 0x68, 0x33, 0x75, 0x68,
    0x34, 0x76, 0x68, 0x34, 0x76, 0x68, 0x35, 0x76, 0x68, 0x35, 0x76, 0x68, 0x36, 0x77, 0x68, 0x36,
    0x77, 0x68, 0x37, 0x77, 0x68, 0x37, 0x77, 0x68, 0x38, 0x78, 0x68, 0x38, 0x78, 0x68, 0x39, 0x78,
    0x68, 0x39, 0x78, 0x68, 0x3A, 0x78, 0x68, 0x3A, 0x79, 0x68, 0x3B, 0x79, 0x68, 0x3B, 0x79, 0x68,
    0x3C, 0x79, 0x68, 0x3C, 0x7A, 0x68, 0x3D, 0x7A, 0x68, 0x3D, 0x7A, 0x68, 0x3E, 0x7A, 0x68, 0x3E,
    0x7B, 0x68, 0x3F, 0x7B, 0x68, 0x3F, 0x7B, 0x68, 0x40, 0x7B, 0x68, 0x40, 0x7C, 0x68, 0x41, 0x7C,
    0x68, 0x41, 0x7C, 0x68, 0x42, 0x7C, 0x68, 0x42, 0x7D, 0x68, 0x43, 0x7D, 0x68, 0x43, 0x7D, 0x68,
    0x44, 0x7D, 0x68, 0x44, 0x7E, 0x68, 0x45, 0x7E, 0x68, 0x45, 0x7E, 0x68, 0x46, 0x7E, 0x68, 0x46,
    0x7E, 0x68, 0x47, 0x7F, 0x68, 0x47, 0x7F, 0x68, 0x48, 0x7F, 0x68, 0x48, 0x7F, 0x68, 0x49, 0x80,
    0x68, 0x49, 0x80, 0x68, 0x4A, 0x80, 0x68, 0x4A, 0x80, 0x68, 0x4B, 0x81, 0x68, 0x4B, 0x81, 0x68,
    0x4C, 0x81, 0x68, 0x4C, 0x81, 0x68, 0x4D, 0x82, 0x68, 0x4D, 0x82, 0x68, 0x4E, 0x82, 0x68, 0x4E,
    0x82, 0x68, 0x4F, 0x83, 0x68, 0x4F, 0x83, 0x68, 0x50, 0x83, 0x68, 0x50, 0x83, 0x68, 0x51, 0x84,
    0x68, 0x51, 0x84, 0x68, 0x52, 0x84, 0x68, 0x52, 0x84, 0x68, 0x53, 0x84, 0x68, 0x53, 0x85, 0x68,
    0x54, 0x85, 0x68, 0x54, 0x85, 0x68, 0x55, 0x85, 0x68, 0x55, 0x86, 0x68, 0x56, 0x86, 0x68, 0x56,
    0x86, 0x68, 0x57, 0x86, 0x68, 0x57, 0x87, 0x68, 0x58, 0x87, 0x68, 0x58, 0x87, 0x68, 0x59, 0x87,
    0x68, 0x59, 0x88, 0x68, 0x5A, 0x88, 0x68, 0x5A, 0x88, 0x68, 0x5B, 0x88, 0x68, 0x5B, 0x89, 0x68,
    0x5C, 0x89, 0x68, 0x5C, 0x89, 0x68, 0x5D, 0x89, 0x68, 0x5D, 0x8A, 0x68, 0x5E, 0x8A, 0x68, 0x5E,
    0x8A, 0x68, 0x5F, 0x8A, 0x68, 0x5F, 0x8A, 0x68, 0x60, 0x8B, 0x68, 0x60, 0x8B, 0x68, 0x61, 0x8B,
    0x68, 0x61, 0x8B, 0x68, 0x62, 0x8C, 0x68, 0x62, 0x8C, 0x68, 0x63, 0x8C, 0x68, 0x63, 0x8C, 0x68,
    0x64, 0x8D, 0x68, 0x64, 0x8D, 0x68, 0x65, 0x8D, 0x68, 0x65, 0x8D, 0x68, 0x66, 0x8E, 0x68, 0x66,
    0x8E, 0x68, 0x67, 0x8E, 0x68, 0x67, 0x8E, 0x68, 0x68, 0x8F, 0x68, 0x68, 0x8F, 0x68, 0x69, 0x8F,
    0x68, 0x69, 0x8F, 0x68, 0x6A, 0x90, 0x68, 0x6A, 0x90, 0x68, 0x6B, 0x90, 0x68, 0x6B, 0x90, 0x68,
    0x6C, 0x90, 0x68, 0x6C, 0x91, 0x68, 0x6D, 0x91, 0x68, 0x6D, 0x91, 0x68, 0x6E, 0x91, 0x68, 0x6E,
    0x92, 0x68, 0x6F, 0x92, 0x68, 0x6F, 0x6C, 0x69, 0x20, 0x6C, 0x69, 0x20, 0x6C, 0x69, 0x21, 0x6D,
    0x69, 0x21, 0x6D, 0x69, 0x22, 0x6D, 0x69, 0x22, 0x6D, 0x69, 0x23, 0x6E, 0x69, 0x23, 0x6E, 0x69,
    0x24, 0x6E, 0x69, 0x24, 0x6E, 0x69, 0x25, 0x6F, 0x69, 0x25, 0x6F, 0x69, 0x26, 0x6F, 0x69, 0x26,
    0x6F, 0x69, 0x27, 0x70, 0x69, 0x27, 0x70, 0x69, 0x28, 0x70, 0x69, 0x28, 0x70, 0x69, 0x29, 0x71,
    0x69, 0x29, 0x71, 0x69, 0x2A, 0x71, 0x69, 0x2A, 0x71, 0x69, 0x2B, 0x72, 0x69, 0x2B, 0x72, 0x69,
    0x2C, 0x72, 0x69, 0x2C, 0x72, 0x69, 0x2D, 0x72, 0x69, 0x2D, 0x73, 0x69, 0x2E, 0x73, 0x69, 0x2E,
    0x73, 0x69, 0x2F, 0x73, 0x69, 0x2F, 0x74, 0x69, 0x30, 0x74, 0x69, 0x30, 0x74, 0x69, 0x31, 0x74,
    0x69, 0x31, 0x75, 0x69, 0x32, 0x75, 0x69, 0x32, 0x75, 0x69, 0x33, 0x75, 0x69, 0x33, 0x76, 0x69,
    0x34, 0x76, 0x69, 0x34, 0x76, 0x69, 0x35, 0x76, 0x69, 0x35, 0x77, 0x69, 0x36, 0x77, 0x69, 0x36,
    0x77, 0x69, 0x37, 0x77, 0x69, 0x37, 0x78, 0x69, 0x38, 0x78, 0x69, 0x38, 0x78, 0x69, 0x39, 0x78,
    0x69, 0x39, 0x78, 0x69, 0x3A, 0x79, 0x69, 0x3A, 0x79, 0x69, 0x3B, 0x79, 0x69, 0x3B, 0x79, 0x69,
    0x3C, 0x7A, 0x69, 0x3C, 0x7A, 0x69, 0x3D, 0x7A, 0x69, 0x3D, 0x7A, 0x69, 0x3E, 0x7B, 0x69, 0x3E,
    0x7B, 0x69, 0x3F, 0x7B, 0x69, 0x3F, 0x7B, 0x69, 0x40, 0x7C, 0x69, 0x40, 0x7C, 0x69, 0x41, 0x7C,
    0x69, 0x41, 0x7C, 0x69, 0x42, 0x7D, 0x69, 0x42, 0x7D, 0x69, 0x43, 0x7D, 0x69, 0x43, 0x7D, 0x69,
    0x44, 0x7E, 0x69, 0x44, 0x7E, 0x69, 0x45, 0x7E, 0x69, 0x45, 0x7E, 0x69, 0x46, 0x7E, 0x69, 0x46,
    0x7F, 0x69, 0x47, 0x7F, 0x69, 0x47, 0x7F, 0x69, 0x48, 0x7F, 0x69, 0x48, 0x80, 0x69, 0x49, 0x80,
    0x69, 0x49, 0x80, 0x69, 0x4A, 0x80, 0x69, 0x4A, 0x81, 0x69, 0x4B, 0x81, 0x69, 0x4B, 0x81, 0x69,
    0x4C, 0x81, 0x69, 0x4C, 0x82, 0x69, 0x4D, 0x82, 0x69, 0x4D, 0x82, 0x69, 0x4E, 0x82, 0x69, 0x4E,
    0x83, 0x69, 0x4F, 0x83, 0x69, 0x4F, 0x83, 0x69, 0x50, 0x83, 0x69, 0x50, 0x84, 0x69, 0x51, 0x84,
    0x69, 0x51, 0x84, 0x69, 0x52, 0x84, 0x69, 0x52, 0x84, 0x69, 0x53, 0x85, 0x69, 0x53, 0x85, 0x69,
    0x54, 0x85, 0x69, 0x54, 0x85, 0x69, 0x55, 0x86, 0x69, 0x55, 0x86, 0x69, 0x56, 0x86, 0x69, 0x56,
    0x86, 0x69, 0x57, 0x87, 0x69, 0x57, 0x87, 0x69, 0x58, 0x87, 0x69, 0x58, 0x87, 0x69, 0x59, 0x88,
    0x69, 0x59, 0x88, 0x69, 0x5A, 0x88, 0x69, 0x5A, 0x88, 0x69, 0x5B, 0x89, 0x69, 0x5B, 0x89, 0x69,
    0x5C, 0x89, 0x69, 0x5C, 0x89, 0x69, 0x5D, 0x8A, 0x69, 0x5D, 0x8A, 0x69, 0x5E, 0x8A, 0x69, 0x5E,
    0x8A, 0x69, 0x5F, 0x8A, 0x69, 0x5F, 0x8B, 0x69, 0x60, 0x8B, 0x69, 0x60, 0x8B, 0x69, 0x61, 0x8B,
    0x69, 0x61, 0x8C, 0x69, 0x62, 0x8C, 0x69, 0x62, 0x8C, 0x69, 0x63, 0x8C, 0x69, 0x63, 0x8D, 0x69,
    0x64, 0x8D, 0x69, 0x64, 0x8D, 0x69, 0x65, 0x8D, 0x69, 0x65, 0x8E, 0x69, 0x66, 0x8E, 0x69, 0x66,
    0x8E, 0x69, 0x67, 0x8E, 0x69, 0x67, 0x8F, 0x69, 0x68, 0x8F, 0x69, 0x68, 0x8F, 0x69, 0x69, 0x8F,
    0x69, 0x69, 0x90, 0x69, 0x6A, 0x90, 0x69, 0x6A, 0x90, 0x69, 0x6B, 0x90, 0x69, 0x6B, 0x90, 0x69,
    0x6C, 0x91, 0x69, 0x6C, 0x91, 0x69, 0x6D, 0x91, 0x69, 0x6D, 0x91, 0x69, 0x6E, 0x92, 0x69, 0x6E,
    0x92, 0x69, 0x6F, 0x92, 0x69, 0x6F, 0x6C, 0x6A, 0x20, 0x6C, 0x6A, 0x20, 0x6D, 0x6A, 0x21, 0x6D,
    0x6A, 0x21, 0x6D, 0x6A, 0x22, 0x6D, 0x6A, 0x22, 0x6E, 0x6A, 0x23, 0x6E, 0x6A, 0x23, 0x6E, 0x6A,
    0x24, 0x6E, 0x6A, 0x24, 0x6F, 0x6A, 0x25, 0x6F, 0x6A, 0x25, 0x6F, 0x6A, 0x26, 0x6F, 0x6A, 0x26,
    0x70, 0x6A, 0x27, 0x70, 0x6A, 0x27, 0x70, 0x6A, 0x28, 0x70, 0x6A, 0x28, 0x71, 0x6A, 0x29, 0x71,
    0x6A, 0x29, 0x71, 0x6A, 0x2A, 0x71, 0x6A, 0x2A, 0x72, 0x6A, 0x2B, 0x72, 0x6A, 0x2B, 0x72, 0x6A,
    0x2C, 0x72, 0x6A, 0x2C, 0x72, 0x6A, 0x2D, 0x73, 0x6A, 0x2D, 0x73, 0x6A, 0x2E, 0x73, 0x6A, 0x2E,
    0x73, 0x6A, 0x2F, 0x74, 0x6A, 0x2F, 0x74, 0x6A, 0x30, 0x74, 0x6A, 0x30, 0x74, 0x6A, 0x31, 0x75,
    0x6A, 0x31, 0x75, 0x6A, 0x32, 0x75, 0x6A, 0x32, 0x75, 0x6A, 0x33, 0x76, 0x6A, 0x33, 0x76, 0x6A,
    0x34, 0x76, 0x6A, 0x34, 0x76, 0x6A, 0x35, 0x77, 0x6A, 0x35, 0x77, 0x6A, 0x36, 0x77, 0x6A, 0x36,
    0x77, 0x6A, 0x37, 0x78, 0x6A, 0x37, 0x78, 0x6A, 0x38, 0x78, 0x6A, 0x38, 0x78, 0x6A, 0x39, 0x78,
    0x6A, 0x39, 0x79, 0x6A, 0x3A, 0x79, 0x6A, 0x3A, 0x79, 0x6A, 0x3B, 0x79, 0x6A, 0x3B, 0x7A, 0x6A,
    0x3C, 0x7A, 0x6A, 0x3C, 0x7A, 0x6A, 0x3D, 0x7A, 0x6A, 0x3D, 0x7B, 0x6A, 0x3E, 0x7B, 0x6A, 0x3E,
    0x7B, 0x6A, 0x3F, 0x7B, 0x6A, 0x3F, 0x7C, 0x6A, 0x40, 0x7C, 0x6A, 0x40, 0x7C, 0x6A, 0x41, 0x7C,
    0x6A, 0x41, 0x7D, 0x6A, 0x42, 0x7D, 0x6A, 0x42, 0x7D, 0x6A, 0x43, 0x7D, 0x6A, 0x43, 0x7E, 0x6A,
    0x44, 0x7E, 0x6A, 0x44, 0x7E, 0x6A, 0x45, 0x7E, 0x6A, 0x45, 0x7E, 0x6A, 0x46, 0x7F, 0x6A, 0x46,
    0x7F, 0x6A, 0x47, 0x7F, 0x6A, 0x47, 0x7F, 0x6A, 0x48, 0x80, 0x6A, 0x48, 0x80, 0x6A, 0x49, 0x80,
    0x6A, 0x49, 0x80, 0x6A, 0x4A, 0x81, 0x6A, 0x4A, 0x81, 0x6A, 0x4B, 0x81, 0x6A, 0x4B, 0x81, 0x6A,
    0x4C, 0x82, 0x6A, 0x4C, 0x82, 0x6A, 0x4D, 0x82, 0x6A, 0x4D, 0x82, 0x6A, 0x4E, 0x83, 0x6A, 0x4E,
    0x83, 0x6A, 0x4F, 0x83, 0x6A, 0x4F, 0x83, 0x6A, 0x50, 0x84, 0x6A, 0x50, 0x84, 0x6A, 0x51, 0x84,
    0x6A, 0x51, 0x84, 0x6A, 0x52, 0x84, 0x6A, 0x52, 0x85, 0x6A, 0x53, 0x85, 0x6A, 0x53, 0x85, 0x6A,
    0x54, 0x85, 0x6A, 0x54, 0x86, 0x6A, 0x55, 0x86, 0x6A, 0x55, 0x86, 0x6A, 0x56, 0x86, 0x6A, 0x56,
    0x87, 0x6A, 0x57, 0x87, 0x6A, 0x57, 0x87, 0x6A, 0x58, 0x87, 0x6A, 0x58, 0x88, 0x6A, 0x59, 0x88,
    0x6A, 0x59, 0x88, 0x6A, 0x5A, 0x88, 0x6A, 0x5A, 0x89, 0x6A, 0x5B, 0x89, 0x6A, 0x5B, 0x89, 0x6A,
    0x5C, 0x89, 0x6A, 0x5C, 0x8A, 0x6A, 0x5D, 0x8A, 0x6A, 0x5D, 0x8A, 0x6A, 0x5E, 0x8A, 0x6A, 0x5E,
    0x8A, 0x6A, 0x5F, 0x8B, 0x6A, 0x5F, 0x8B, 0x6A, 0x60, 0x8B, 0x6A, 0x60, 0x8B, 0x6A, 0x61, 0x8C,
    0x6A, 0x61, 0x8C, 0x6A, 0x62, 0x8C, 0x6A, 0x62, 0x8C, 0x6A, 0x63, 0x8D, 0x6A, 0x63, 0x8D, 0x6A,
    0x64, 0x8D, 0x6A, 0x64, 0x8D, 0x6A, 0x65, 0x8E, 0x6A, 0x65, 0x8E, 0x6A, 0x66, 0x8E, 0x6A, 0x66,
    0x8E, 0x6A, 0x67, 0x8F, 0x6A, 0x67, 0x8F, 0x6A, 0x68, 0x8F, 0x6A, 0x68, 0x8F, 0x6A, 0x69, 0x90,
    0x6A, 0x69, 0x90, 0x6A, 0x6A, 0x90, 0x6A, 0x6A, 0x90, 0x6A, 0x6B, 0x90, 0x6A, 0x6B, 0x91, 0x6A,
    0x6C, 0x91, 0x6A, 0x6C, 0x91, 0x6A, 0x6D, 0x91, 0x6A, 0x6D, 0x92, 0x6A, 0x6E, 0x92, 0x6A, 0x6E,
    0x92, 0x6A, 0x6F, 0x92, 0x6A, 0x6F, 0x6C, 0x6C, 0x20, 0x6D, 0x6C, 0x20, 0x6D, 0x6C, 0x21, 0x6D,
    0x6C, 0x21, 0x6D, 0x6C, 0x22, 0x6E, 0x6C, 0x22, 0x6E, 0x6C, 0x23, 0x6E, 0x6C, 0x23, 0x6E, 0x6C,
    0x24, 0x6F, 0x6C, 0x24, 0x6F, 0x6C, 0x25, 0x6F, 0x6C, 0x25, 0x6F, 0x6C, 0x26, 0x70, 0x6C, 0x26,
    0x70, 0x6C, 0x27, 0x70, 0x6C, 0x27, 0x70, 0x6C, 0x28, 0x71, 0x6C, 0x28, 0x71, 0x6C, 0x29, 0x71,
    0x6C, 0x29, 0x71, 0x6C, 0x2A, 0x72, 0x6C, 0x2A, 0x72, 0x6C, 0x2B, 0x72, 0x6C, 0x2B, 0x72, 0x6C,
    0x2C, 0x72, 0x6C, 0x2C, 0x73, 0x6C, 0x2D, 0x73, 0x6C, 0x2D, 0x73, 0x6C, 0x2E, 0x73, 0x6C, 0x2E,
    0x74, 0x6C, 0x2F, 0x74, 0x6C, 0x2F, 0x74, 0x6C, 0x30, 0x74, 0x6C, 0x30, 0x75, 0x6C, 0x31, 0x75,
    0x6C, 0x31, 0x75, 0x6C, 0x32, 0x75, 0x6C, 0x32, 0x76, 0x6C, 0x33, 0x76, 0x6C, 0x33, 0x76, 0x6C,
    0x34, 0x76, 0x6C, 0x34, 0x77, 0x6C, 0x35, 0x77, 0x6C, 0x35, 0x77, 0x6C, 0x36, 0x77, 0x6C, 0x36,
    0x78, 0x6C, 0x37, 0x78, 0x6C, 0x37, 0x78, 0x6C, 0x38, 0x78, 0x6C, 0x38, 0x78, 0x6C, 0x39, 0x79,
    0x6C, 0x39, 0x79, 0x6C, 0x3A, 0x79, 0x6C, 0x3A, 0x79, 0x6C, 0x3B, 0x7A, 0x6C, 0x3B, 0x7A, 0x6C,
    0x3C, 0x7A, 0x6C, 0x3C, 0x7A, 0x6C, 0x3D, 0x7B, 0x6C, 0x3D, 0x7B, 0x6C, 0x3E, 0x7B, 0x6C, 0x3E,
    0x7B, 0x6C, 0x3F, 0x7C, 0x6C, 0x3F, 0x7C, 0x6C, 0x40, 0x7C, 0x6C, 0x40, 0x7C, 0x6C, 0x41, 0x7D,
    0x6C, 0x41, 0x7D, 0x6C, 0x42, 0x7D, 0x6C, 0x42, 0x7D, 0x6C, 0x43, 0x7E, 0x6C, 0x43, 0x7E, 0x6C,
    0x44, 0x7E, 0x6C, 0x44, 0x7E, 0x6C, 0x45, 0x7E, 0x6C, 0x45, 0x7F, 0x6C, 0x46, 0x7F, 0x6C, 0x46,
    0x7F, 0x6C, 0x47, 0x7F, 0x6C, 0x47, 0x80, 0x6C, 0x48, 0x80, 0x6C, 0x48, 0x80, 0x6C, 0x49, 0x80,
    0x6C, 0x49, 0x81, 0x6C, 0x4A, 0x81, 0x6C, 0x4A, 0x81, 0x6C, 0x4B, 0x81, 0x6C, 0x4B, 0x82, 0x6C,
    0x4C, 0x82, 0x6C, 0x4C, 0x82, 0x6C, 0x4D, 0x82, 0x6C, 0x4D, 0x83, 0x6C, 0x4E, 0x83, 0x6C, 0x4E,
    0x83, 0x6C, 0x4F, 0x83, 0x6C, 0x4F, 0x84, 0x6C, 0x50, 0x84, 0x6C, 0x50, 0x84, 0x6C, 0x51, 0x84,
    0x6C, 0x51, 0x84, 0x6C, 0x52, 0x85, 0x6C, 0x52, 0x85, 0x6C, 0x53, 0x85, 0x6C, 0x53, 0x85, 0x6C,
    0x54, 0x86, 0x6C, 0x54, 0x86, 0x6C, 0x55, 0x86, 0x6C, 0x55, 0x86, 0x6C, 0x56, 0x87, 0x6C, 0x56,
    0x87, 0x6C, 0x57, 0x87, 0x6C, 0x57, 0x87, 0x6C, 0x58, 0x88, 0x6C, 0x58, 0x88, 0x6C, 0x59, 0x88,
    0x6C, 0x59, 0x88, 0x6C, 0x5A, 0x89, 0x6C, 0x5A, 0x89, 0x6C, 0x5B, 0x89, 0x6C, 0x5B, 0x89, 0x6C,
    0x5C, 0x8A, 0x6C, 0x5C, 0x8A, 0x6C, 0x5D, 0x8A, 0x6C, 0x5D, 0x8A, 0x6C, 0x5E, 0x8A, 0x6C, 0x5E,
    0x8B, 0x6C, 0x5F, 0x8B, 0x6C, 0x5F, 0x8B, 0x6C, 0x60, 0x8B, 0x6C, 0x60, 0x8C, 0x6C, 0x61, 0x8C,
    0x6C, 0x61, 0x8C, 0x6C, 0x62, 0x8C, 0x6C, 0x62, 0x8D, 0x6C, 0x63, 0x8D, 0x6C, 0x63, 0x8D, 0x6C,
    0x64, 0x8D, 0x6C, 0x64, 0x8E, 0x6C, 0x65, 0x8E, 0x6C, 0x65, 0x8E, 0x6C, 0x66, 0x8E, 0x6C, 0x66,
    0x8F, 0x6C, 0x67, 0x8F, 0x6C, 0x67, 0x8F, 0x6C, 0x68, 0x8F, 0x6C, 0x68, 0x90, 0x6C, 0x69, 0x90,
    0x6C, 0x69, 0x90, 0x6C, 0x6A, 0x90, 0x6C, 0x6A, 0x90, 0x6C, 0x6B, 0x91, 0x6C, 0x6B, 0x91, 0x6C,
    0x6C, 0x91, 0x6C, 0x6C, 0x91, 0x6C, 0x6D, 0x92, 0x6C, 0x6D, 0x92, 0x6C, 0x6E, 0x92, 0x6C, 0x6E,
    0x92, 0x6C, 0x6F, 0x93, 0x6C, 0x6F, 0x6D, 0x6D, 0x20, 0x6D, 0x6D, 0x20, 0x6D, 0x6D, 0x21, 0x6D,
    0x6D, 0x21, 0x6E, 0x6D, 0x22, 0x6E, 0x6D, 0x22, 0x6E, 0x6D, 0x23, 0x6E, 0x6D, 0x23, 0x6F, 0x6D,
    0x24, 0x6F, 0x6D, 0x24, 0x6F, 0x6D, 0x25, 0x6F, 0x6D, 0x25, 0x70, 0x6D, 0x26, 0x70, 0x6D, 0x26,
    0x70, 0x6D, 0x27, 0x70, 0x6D, 0x27, 0x71, 0x6D, 0x28, 0x71, 0x6D, 0x28, 0x71, 0x6D, 0x29, 0x71,
    0x6D, 0x29, 0x72, 0x6D, 0x2A, 0x72, 0x6D, 0x2A, 0x72, 0x6D, 0x2B, 0x72, 0x6D, 0x2B, 0x72, 0x6D,
    0x2C, 0x73, 0x6D, 0x2C, 0x73, 0x6D, 0x2D, 0x73, 0x6D, 0x2D, 0x73, 0x6D, 0x2E, 0x74, 0x6D, 0x2E,
    0x74, 0x6D, 0x2F, 0x74, 0x6D, 0x2F, 0x74, 0x6D, 0x30, 0x75, 0x6D, 0x30, 0x75, 0x6D, 0x31, 0x75,
    0x6D, 0x31, 0x75, 0x6D, 0x32, 0x76, 0x6D, 0x32, 0x76, 0x6D, 0x33, 0x76, 0x6D, 0x33, 0x76, 0x6D,
    0x34, 0x77, 0x6D, 0x34, 0x77, 0x6D, 0x35, 0x77, 0x6D, 0x35, 0x77, 0x6D, 0x36, 0x78, 0x6D, 0x36,
    0x78, 0x6D, 0x37, 0x78, 0x6D, 0x37, 0x78, 0x6D, 0x38, 0x78, 0x6D, 0x38, 0x79, 0x6D, 0x39, 0x79,
    0x6D, 0x39, 0x79, 0x6D, 0x3A, 0x79, 0x6D, 0x3A, 0x7A, 0x6D, 0x3B, 0x7A, 0x6D, 0x3B, 0x7A, 0x6D,
    0x3C, 0x7A, 0x6D, 0x3C, 0x7B, 0x6D, 0x3D, 0x7B, 0x6D, 0x3D, 0x7B, 0x6D, 0x3E, 0x7B, 0x6D, 0x3E,
    0x7C, 0x6D, 0x3F, 0x7C, 0x6D, 0x3F, 0x7C, 0x6D, 0x40, 0x7C, 0x6D, 0x40, 0x7D, 0x6D, 0x41, 0x7D,
    0x6D, 0x41, 0x7D, 0x6D, 0x42, 0x7D, 0x6D, 0x42, 0x7E, 0x6D, 0x43, 0x7E, 0x6D, 0x43, 0x7E, 0x6D,
    0x44, 0x7E, 0x6D, 0x44, 0x7E, 0x6D, 0x45, 0x7F, 0x6D, 0x45, 0x7F, 0x6D, 0x46, 0x7F, 0x6D, 0x46,
    0x7F, 0x6D, 0x47, 0x80, 0x6D, 0x47, 0x80, 0x6D, 0x48, 0x80, 0x6D, 0x48, 0x80, 0x6D, 0x49, 0x81,
    0x6D, 0x49, 0x81, 0x6D, 0x4A, 0x81, 0x6D, 0x4A, 0x81, 0x6D, 0x4B, 0x82, 0x6D, 0x4B, 0x82, 0x6D,
    0x4C, 0x82, 0x6D, 0x4C, 0x82, 0x6D, 0x4D, 0x83, 0x6D, 0x4D, 0x83, 0x6D, 0x4E, 0x83, 0x6D, 0x4E,
    0x83, 0x6D, 0x4F, 0x84, 0x6D, 0x4F, 0x84, 0x6D, 0x50, 0x84, 0x6D, 0x50, 0x84, 0x6D, 0x51, 0x84,
    0x6D, 0x51, 0x85, 0x6D, 0x52, 0x85, 0x6D, 0x52, 0x85, 0x6D, 0x53, 0x85, 0x6D, 0x53, 0x86, 0x6D,
    0x54, 0x86, 0x6D, 0x54, 0x86, 0x6D, 0x55, 0x86, 0x6D, 0x55, 0x87, 0x6D, 0x56, 0x87, 0x6D, 0x56,
    0x87, 0x6D, 0x57, 0x87, 0x6D, 0x57, 0x88, 0x6D, 0x58, 0x88, 0x6D, 0x58, 0x88, 0x6D, 0x59, 0x88,
    0x6D, 0x59, 0x89, 0x6D, 0x5A, 0x89, 0x6D, 0x5A, 0x89, 0x6D, 0x5B, 0x89, 0x6D, 0x5B, 0x8A, 0x6D,
    0x5C, 0x8A, 0x6D, 0x5C, 0x8A, 0x6D, 0x5D, 0x8A, 0x6D, 0x5D, 0x8A, 0x6D, 0x5E, 0x8B, 0x6D, 0x5E,
    0x8B, 0x6D, 0x5F, 0x8B, 0x6D, 0x5F, 0x8B, 0x6D, 0x60, 0x8C, 0x6D, 0x60, 0x8C, 0x6D, 0x61, 0x8C,
    0x6D, 0x61, 0x8C, 0x6D, 0x62, 0x8D, 0x6D, 0x62, 0x8D, 0x6D, 0x63, 0x8D, 0x6D, 0x63, 0x8D, 0x6D,
    0x64, 0x8E, 0x6D, 0x64, 0x8E, 0x6D, 0x65, 0x8E, 0x6D, 0x65, 0x8E, 0x6D, 0x66, 0x8F, 0x6D, 0x66,
    0x8F, 0x6D, 0x67, 0x8F, 0x6D, 0x67, 0x8F, 0x6D, 0x68, 0x90, 0x6D, 0x68, 0x90, 0x6D, 0x69, 0x90,
    0x6D, 0x69, 0x90, 0x6D, 0x6A, 0x90, 0x6D, 0x6A, 0x91, 0x6D, 0x6B, 0x91, 0x6D, 0x6B, 0x91, 0x6D,
    0x6C, 0x91, 0x6D, 0x6C, 0x92, 0x6D, 0x6D, 0x92, 0x6D, 0x6D, 0x92, 0x6D, 0x6E, 0x92, 0x6D, 0x6E,
    0x93, 0x6D, 0x6F, 0x93, 0x6D, 0x6F, 0x6D, 0x6E, 0x20, 0x6D, 0x6E, 0x20, 0x6D, 0x6E, 0x21, 0x6E,
    0x6E, 0x21, 0x6E, 0x6E, 0x22, 0x6E, 0x6E, 0x22, 0x6E, 0x6E, 0x23, 0x6F, 0x6E, 0x23, 0x6F, 0x6E,
    0x24, 0x6F, 0x6E, 0x24, 0x6F, 0x6E, 0x25, 0x70, 0x6E, 0x25, 0x70, 0x6E, 0x26, 0x70, 0x6E, 0x26,
    0x70, 0x6E, 0x27, 0x71, 0x6E, 0x27, 0x71, 0x6E, 0x28, 0x71, 0x6E, 0x28, 0x71, 0x6E, 0x29, 0x72,
    0x6E, 0x29, 0x72, 0x6E, 0x2A, 0x72, 0x6E, 0x2A, 0x72, 0x6E, 0x2B, 0x72, 0x6E, 0x2B, 0x73, 0x6E,
    0x2C, 0x73, 0x6E, 0x2C, 0x73, 0x6E, 0x2D, 0x73, 0x6E, 0x2D, 0x74, 0x6E, 0x2E, 0x74, 0x6E, 0x2E,
    0x74, 0x6E, 0x2F, 0x74, 0x6E, 0x2F, 0x75, 0x6E, 0x30, 0x75, 0x6E, 0x30, 0x75, 0x6E, 0x31, 0x75,
    0x6E, 0x31, 0x76, 0x6E, 0x32, 0x76, 0x6E, 0x32, 0x76, 0x6E, 0x33, 0x76, 0x6E, 0x33, 0x77, 0x6E,
    0x34, 0x77, 0x6E, 0x34, 0x77, 0x6E, 0x35, 0x77, 0x6E, 0x35, 0x78, 0x6E, 0x36, 0x78, 0x6E, 0x36,
    0x78, 0x6E, 0x37, 0x78, 0x6E, 0x37, 0x78, 0x6E, 0x38, 0x79, 0x6E, 0x38, 0x79, 0x6E, 0x39, 0x79,
    0x6E, 0x39, 0x79, 0x6E, 0x3A, 0x7A, 0x6E, 0x3A, 0x7A, 0x6E, 0x3B, 0x7A, 0x6E, 0x3B, 0x7A, 0x6E,
    0x3C, 0x7B, 0x6E, 0x3C, 0x7B, 0x6E, 0x3D, 0x7B, 0x6E, 0x3D, 0x7B, 0x6E, 0x3E, 0x7C, 0x6E, 0x3E,
    0x7C, 0x6E, 0x3F, 0x7C, 0x6E, 0x3F, 0x7C, 0x6E, 0x40, 0x7D, 0x6E, 0x40, 0x7D, 0x6E, 0x41, 0x7D,
    0x6E, 0x41, 0x7D, 0x6E, 0x42, 0x7E, 0x6E, 0x42, 0x7E, 0x6E, 0x43, 0x7E, 0x6E, 0x43, 0x7E, 0x6E,
    0x44, 0x7E, 0x6E, 0x44, 0x7F, 0x6E, 0x45, 0x7F, 0x6E, 0x45, 0x7F, 0x6E, 0x46, 0x7F, 0x6E, 0x46,
    0x80, 0x6E, 0x47, 0x80, 0x6E, 0x47, 0x80, 0x6E, 0x48, 0x80, 0x6E, 0x48, 0x81, 0x6E, 0x49, 0x81,
    0x6E, 0x49, 0x81, 0x6E, 0x4A, 0x81, 0x6E, 0x4A, 0x82, 0x6E, 0x4B, 0x82, 0x6E, 0x4B, 0x82, 0x6E,
    0x4C, 0x82, 0x6E, 0x4C, 0x83, 0x6E, 0x4D, 0x83, 0x6E, 0x4D, 0x83, 0x6E, 0x4E, 0x83, 0x6E, 0x4E,
    0x84, 0x6E, 0x4F, 0x84, 0x6E, 0x4F, 0x84, 0x6E, 0x50, 0x84, 0x6E, 0x50, 0x84, 0x6E, 0x51, 0x85,
    0x6E, 0x51, 0x85, 0x6E, 0x52, 0x85, 0x6E, 0x52, 0x85, 0x6E, 0x53, 0x86, 0x6E, 0x53, 0x86, 0x6E,
    0x54, 0x86, 0x6E, 0x54, 0x86, 0x6E, 0x55, 0x87, 0x6E, 0x55, 0x87, 0x6E, 0x56, 0x87, 0x6E, 0x56,
    0x87, 0x6E, 0x57, 0x88, 0x6E, 0x57, 0x88, 0x6E, 0x58, 0x88, 0x6E, 0x58, 0x88, 0x6E, 0x59, 0x89,
    0x6E, 0x59, 0x89, 0x6E, 0x5A, 0x89, 0x6E, 0x5A, 0x89, 0x6E, 0x5B, 0x8A, 0x6E, 0x5B, 0x8A, 0x6E,
    0x5C, 0x8A, 0x6E, 0x5C, 0x8A, 0x6E, 0x5D, 0x8A, 0x6E, 0x5D, 0x8B, 0x6E, 0x5E, 0x8B, 0x6E, 0x5E,
    0x8B, 0x6E, 0x5F, 0x8B, 0x6E, 0x5F, 0x8C, 0x6E, 0x60, 0x8C, 0x6E, 0x60, 0x8C, 0x6E, 0x61, 0x8C,
    0x6E, 0x61, 0x8D, 0x6E, 0x62, 0x8D, 0x6E, 0x62, 0x8D, 0x6E, 0x63, 0x8D, 0x6E, 0x63, 0x8E, 0x6E,
    0x64, 0x8E, 0x6E, 0x64, 0x8E, 0x6E, 0x65, 0x8E, 0x6E, 0x65, 0x8F, 0x6E, 0x66, 0x8F, 0x6E, 0x66,
    0x8F, 0x6E, 0x67, 0x8F, 0x6E, 0x67, 0x90, 0x6E, 0x68, 0x90, 0x6E, 0x68, 0x90, 0x6E, 0x69, 0x90,
    0x6E, 0x69, 0x90, 0x6E, 0x6A, 0x91, 0x6E, 0x6A, 0x91, 0x6E, 0x6B, 0x91, 0x6E, 0x6B, 0x91, 0x6E,
    0x6C, 0x92, 0x6E, 0x6C, 0x92, 0x6E, 0x6D, 0x92, 0x6E, 0x6D, 0x92, 0x6E, 0x6E, 0x93, 0x6E, 0x6E,
    0x93, 0x6E, 0x6F, 0x93, 0x6E, 0x6F, 0x6D, 0x6F, 0x20, 0x6D, 0x6F, 0x20, 0x6E, 0x6F, 0x21, 0x6E,
    0x6F, 0x21, 0x6E, 0x6F, 0x22, 0x6E, 0x6F, 0x22, 0x6F, 0x6F, 0x23, 0x6F, 0x6F, 0x23, 0x6F, 0x6F,
    0x24, 0x6F, 0x6F, 0x24, 0x70, 0x6F, 0x25, 0x70, 0x6F, 0x25, 0x70, 0x6F, 0x26, 0x70, 0x6F, 0x26,
    0x71, 0x6F, 0x27, 0x71, 0x6F, 0x27, 0x71, 0x6F, 0x28, 0x71, 0x6F, 0x28, 0x72, 0x6F, 0x29, 0x72,
    0x6F, 0x29, 0x72, 0x6F, 0x2A, 0x72, 0x6F, 0x2A, 0x72, 0x6F, 0x2B, 0x73, 0x6F, 0x2B, 0x73, 0x6F,
    0x2C, 0x73, 0x6F, 0x2C, 0x73, 0x6F, 0x2D, 0x74, 0x6F, 0x2D, 0x74, 0x6F, 0x2E, 0x74, 0x6F, 0x2E,
    0x74, 0x6F, 0x2F, 0x75, 0x6F, 0x2F, 0x75, 0x6F, 0x30, 0x75, 0x6F, 0x30, 0x75, 0x6F, 0x31, 0x76,
    0x6F, 0x31, 0x76, 0x6F, 0x32, 0x76, 0x6F, 0x32, 0x76, 0x6F, 0x33, 0x77, 0x6F, 0x33, 0x77, 0x6F,
    0x34, 0x77, 0x6F, 0x34, 0x77, 0x6F, 0x35, 0x78, 0x6F, 0x35, 0x78, 0x6F, 0x36, 0x78, 0x6F, 0x36,
    0x78, 0x6F, 0x37, 0x78, 0x6F, 0x37, 0x79, 0x6F, 0x38, 0x79, 0x6F, 0x38, 0x79, 0x6F, 0x39, 0x79,
    0x6F, 0x39, 0x7A, 0x6F, 0x3A, 0x7A, 0x6F, 0x3A, 0x7A, 0x6F, 0x3B, 0x7A, 0x6F, 0x3B, 0x7B, 0x6F,
    0x3C, 0x7B, 0x6F, 0x3C, 0x7B, 0x6F, 0x3D, 0x7B, 0x6F, 0x3D, 0x7C, 0x6F, 0x3E, 0x7C, 0x6F, 0x3E,
    0x7C, 0x6F, 0x3F, 0x7C, 0x6F, 0x3F, 0x7D, 0x6F, 0x40, 0x7D, 0x6F, 0x40, 0x7D, 0x6F, 0x41, 0x7D,
    0x6F, 0x41, 0x7E, 0x6F, 0x42, 0x7E, 0x6F, 0x42, 0x7E, 0x6F, 0x43, 0x7E, 0x6F, 0x43, 0x7E, 0x6F,
    0x44, 0x7F, 0x6F, 0x44, 0x7F, 0x6F, 0x45, 0x7F, 0x6F, 0x45, 0x7F, 0x6F, 0x46, 0x80, 0x6F, 0x46,
    0x80, 0x6F, 0x47, 0x80, 0x6F, 0x47, 0x80, 0x6F, 0x48, 0x81, 0x6F, 0x48, 0x81, 0x6F, 0x49, 0x81,
    0x6F, 0x49, 0x81, 0x6F, 0x4A, 0x82, 0x6F, 0x4A, 0x82, 0x6F, 0x4B, 0x82, 0x6F, 0x4B, 0x82, 0x6F,
    0x4C, 0x83, 0x6F, 0x4C, 0x83, 0x6F, 0x4D, 0x83, 0x6F, 0x4D, 0x83, 0x6F, 0x4E, 0x84, 0x6F, 0x4E,
    0x84, 0x6F, 0x4F, 0x84, 0x6F, 0x4F, 0x84, 0x6F, 0x50, 0x84, 0x6F, 0x50, 0x85, 0x6F, 0x51, 0x85,
    0x6F, 0x51, 0x85, 0x6F, 0x52, 0x85, 0x6F, 0x52, 0x86, 0x6F, 0x53, 0x86, 0x6F, 0x53, 0x86, 0x6F,
    0x54, 0x86, 0x6F, 0x54, 0x87, 0x6F, 0x55, 0x87, 0x6F, 0x55, 0x87, 0x6F, 0x56, 0x87, 0x6F, 0x56,
    0x88, 0x6F, 0x57, 0x88, 0x6F, 0x57, 0x88, 0x6F, 0x58, 0x88, 0x6F, 0x58, 0x89, 0x6F, 0x59, 0x89,
    0x6F, 0x59, 0x89, 0x6F, 0x5A, 0x89, 0x6F, 0x5A, 0x8A, 0x6F, 0x5B, 0x8A, 0x6F, 0x5B, 0x8A, 0x6F,
    0x5C, 0x8A, 0x6F, 0x5C, 0x8A, 0x6F, 0x5D, 0x8B, 0x6F, 0x5D, 0x8B, 0x6F, 0x5E, 0x8B, 0x6F, 0x5E,
    0x8B, 0x6F, 0x5F, 0x8C, 0x6F, 0x5F, 0x8C, 0x6F, 0x60, 0x8C, 0x6F, 0x60, 0x8C, 0x6F, 0x61, 0x8D,
    0x6F, 0x61, 0x8D, 0x6F, 0x62, 0x8D, 0x6F, 0x62, 0x8D, 0x6F, 0x63, 0x8E, 0x6F, 0x63, 0x8E, 0x6F,
    0x64, 0x8E, 0x6F, 0x64, 0x8E, 0x6F, 0x65, 0x8F, 0x6F, 0x65, 0x8F, 0x6F, 0x66, 0x8F, 0x6F, 0x66,
    0x8F, 0x6F, 0x67, 0x90, 0x6F, 0x67, 0x90, 0x6F, 0x68, 0x90, 0x6F, 0x68, 0x90, 0x6F, 0x69, 0x90,
    0x6F, 0x69, 0x91, 0x6F, 0x6A, 0x91, 0x6F, 0x6A, 0x91, 0x6F, 0x6B, 0x91, 0x6F, 0x6B, 0x92, 0x6F,
    0x6C, 0x92, 0x6F, 0x6C, 0x92, 0x6F, 0x6D, 0x92, 0x6F, 0x6D, 0x93, 0x6F, 0x6E, 0x93, 0x6F, 0x6E,
    0x93, 0x6F, 0x6F, 0x93, 0x6F, 0x6F, 0x6D, 0x70, 0x20, 0x6E, 0x70, 0x20, 0x6E, 0x70, 0x21, 0x6E,
    0x70, 0x21, 0x6E, 0x70, 0x22, 0x6F, 0x70, 0x22, 0x6F, 0x70, 0x23, 0x6F, 0x70, 0x23, 0x6F, 0x70,
    0x24, 0x70, 0x70, 0x24, 0x70, 0x70, 0x25, 0x70, 0x70, 0x25, 0x70, 0x70, 0x26, 0x71, 0x70, 0x26,
    0x71, 0x70, 0x27, 0x71, 0x70, 0x27, 0x71, 0x70, 0x28, 0x72, 0x70, 0x28, 0x72, 0x70, 0x29, 0x72,
    0x70, 0x29, 0x72, 0x70, 0x2A, 0x72, 0x70, 0x2A, 0x73, 0x70, 0x2B, 0x73, 0x70, 0x2B, 0x73, 0x70,
    0x2C, 0x73, 0x70, 0x2C, 0x74, 0x70, 0x2D, 0x74, 0x70, 0x2D, 0x74, 0x70, 0x2E, 0x74, 0x70, 0x2E,
    0x75, 0x70, 0x2F, 0x75, 0x70, 0x2F, 0x75, 0x70, 0x30, 0x75, 0x70, 0x30, 0x76, 0x70, 0x31, 0x76,
    0x70, 0x31, 0x76, 0x70, 0x32, 0x76, 0x70, 0x32, 0x77, 0x70, 0x33, 0x77, 0x70, 0x33, 0x77, 0x70,
    0x34, 0x77, 0x70, 0x34, 0x78, 0x70, 0x35, 0x78, 0x70, 0x35, 0x78, 0x70, 0x36, 0x78, 0x70, 0x36,
    0x78, 0x70, 0x37, 0x79, 0x70, 0x37, 0x79, 0x70, 0x38, 0x79, 0x70, 0x38, 0x79, 0x70, 0x39, 0x7A,
    0x70, 0x39, 0x7A, 0x70, 0x3A, 0x7A, 0x70, 0x3A, 0x7A, 0x70, 0x3B, 0x7B, 0x70, 0x3B, 0x7B, 0x70,
    0x3C, 0x7B, 0x70, 0x3C, 0x7B, 0x70, 0x3D, 0x7C, 0x70, 0x3D, 0x7C, 0x70, 0x3E, 0x7C, 0x70, 0x3E,
    0x7C, 0x70, 0x3F, 0x7D, 0x70, 0x3F, 0x7D, 0x70, 0x40, 0x7D, 0x70, 0x40, 0x7D, 0x70, 0x41, 0x7E,
    0x70, 0x41, 0x7E, 0x70, 0x42, 0x7E, 0x70, 0x42, 0x7E, 0x70, 0x43, 0x7E, 0x70, 0x43, 0x7F, 0x70,
    0x44, 0x7F, 0x70, 0x44, 0x7F, 0x70, 0x45, 0x7F, 0x70, 0x45, 0x80, 0x70, 0x46, 0x80, 0x70, 0x46,
    0x80, 0x70, 0x47, 0x80, 0x70, 0x47, 0x81, 0x70, 0x48, 0x81, 0x70, 0x48, 0x81, 0x70, 0x49, 0x81,
    0x70, 0x49, 0x82, 0x70, 0x4A, 0x82, 0x70, 0x4A, 0x82, 0x70, 0x4B, 0x82, 0x70, 0x4B, 0x83, 0x70,
    0x4C, 0x83, 0x70, 0x4C, 0x83, 0x70, 0x4D, 0x83, 0x70, 0x4D, 0x84, 0x70, 0x4E, 0x84, 0x70, 0x4E,
    0x84, 0x70, 0x4F, 0x84, 0x70, 0x4F, 0x84, 0x70, 0x50, 0x85, 0x70, 0x50, 0x85, 0x70, 0x51, 0x85,
    0x70, 0x51, 0x85, 0x70, 0x52, 0x86, 0x70, 0x52, 0x86, 0x70, 0x53, 0x86, 0x70, 0x53, 0x86, 0x70,
    0x54, 0x87, 0x70, 0x54, 0x87, 0x70, 0x55, 0x87, 0x70, 0x55, 0x87, 0x70, 0x56, 0x88, 0x70, 0x56,
    0x88, 0x70, 0x57, 0x88, 0x70, 0x57, 0x88, 0x70, 0x58, 0x89, 0x70, 0x58, 0x89, 0x70, 0x59, 0x89,
    0x70, 0x59, 0x89, 0x70, 0x5A, 0x8A, 0x70, 0x5A, 0x8A, 0x70, 0x5B, 0x8A, 0x70, 0x5B, 0x8A, 0x70,
    0x5C, 0x8A, 0x70, 0x5C, 0x8B, 0x70, 0x5D, 0x8B, 0x70, 0x5D, 0x8B, 0x70, 0x5E, 0x8B, 0x70, 0x5E,
    0x8C, 0x70, 0x5F, 0x8C, 0x70, 0x5F, 0x8C, 0x70, 0x60, 0x8C, 0x70, 0x60, 0x8D, 0x70, 0x61, 0x8D,
    0x70, 0x61, 0x8D, 0x70, 0x62, 0x8D, 0x70, 0x62, 0x8E, 0x70, 0x63, 0x8E, 0x70, 0x63, 0x8E, 0x70,
    0x64, 0x8E, 0x70, 0x64, 0x8F, 0x70, 0x65, 0x8F, 0x70, 0x65, 0x8F, 0x70, 0x66, 0x8F, 0x70, 0x66,
    0x90, 0x70, 0x67, 0x90, 0x70, 0x67, 0x90, 0x70, 0x68, 0x90, 0x70, 0x68, 0x90, 0x70, 0x69, 0x91,
    0x70, 0x69, 0x91, 0x70, 0x6A, 0x91, 0x70, 0x6A, 0x91, 0x70, 0x6B, 0x92, 0x70, 0x6B, 0x92, 0x70,
    0x6C, 0x92, 0x70, 0x6C, 0x92, 0x70, 0x6D, 0x93, 0x70, 0x6D, 0x93, 0x70, 0x6E, 0x93, 0x70, 0x6E,
    0x93, 0x70, 0x6F, 0x94, 0x70, 0x6F, 0x6E, 0x71, 0x20, 0x6E, 0x71, 0x20, 0x6E, 0x71, 0x21, 0x6E,
    0x71, 0x21, 0x6F, 0x71, 0x22, 0x6F, 0x71, 0x22, 0x6F, 0x71, 0x23, 0x6F, 0x71, 0x23, 0x70, 0x71,
    0x24, 0x70, 0x71, 0x24, 0x70, 0x71, 0x25, 0x70, 0x71, 0x25, 0x71, 0x71, 0x26, 0x71, 0x71, 0x26,
    0x71, 0x71, 0x27, 0x71, 0x71, 0x27, 0x72, 0x71, 0x28, 0x72, 0x71, 0x28, 0x72, 0x71, 0x29, 0x72,
    0x71, 0x29, 0x72, 0x71, 0x2A, 0x73, 0x71, 0x2A, 0x73, 0x71, 0x2B, 0x73, 0x71, 0x2B, 0x73, 0x71,
    0x2C, 0x74, 0x71, 0x2C, 0x74, 0x71, 0x2D, 0x74, 0x71, 0x2D, 0x74, 0x71, 0x2E, 0x75, 0x71, 0x2E,
    0x75, 0x71, 0x2F, 0x75, 0x71, 0x2F, 0x75, 0x71, 0x30, 0x76, 0x71, 0x30, 0x76, 0x71, 0x31, 0x76,
    0x71, 0x31, 0x76, 0x71, 0x32, 0x77, 0x71, 0x32, 0x77, 0x71, 0x33, 0x77, 0x71, 0x33, 0x77, 0x71,
    0x34, 0x78, 0x71, 0x34, 0x78, 0x71, 0x35, 0x78, 0x71, 0x35, 0x78, 0x71, 0x36, 0x78, 0x71, 0x36,
    0x79, 0x71, 0x37, 0x79, 0x71, 0x37, 0x79, 0x71, 0x38, 0x79, 0x71, 0x38, 0x7A, 0x71, 0x39, 0x7A,
    0x71, 0x39, 0x7A, 0x71, 0x3A, 0x7A, 0x71, 0x3A, 0x7B, 0x71, 0x3B, 0x7B, 0x71, 0x3B, 0x7B, 0x71,
    0x3C, 0x7B, 0x71, 0x3C, 0x7C, 0x71, 0x3D, 0x7C, 0x71, 0x3D, 0x7C, 0x71, 0x3E, 0x7C, 0x71, 0x3E,
    0x7D, 0x71, 0x3F, 0x7D, 0x71, 0x3F, 0x7D, 0x71, 0x40, 0x7D, 0x71, 0x40, 0x7E, 0x71, 0x41, 0x7E,
    0x71, 0x41, 0x7E, 0x71, 0x42, 0x7E, 0x71, 0x42, 0x7E, 0x71, 0x43, 0x7F, 0x71, 0x43, 0x7F, 0x71,
    0x44, 0x7F, 0x71, 0x44, 0x7F, 0x71, 0x45, 0x80, 0x71, 0x45, 0x80, 0x71, 0x46, 0x80, 0x71, 0x46,
    0x80, 0x71, 0x47, 0x81, 0x71, 0x47, 0x81, 0x71, 0x48, 0x81, 0x71, 0x48, 0x81, 0x71, 0x49, 0x82,
    0x71, 0x49, 0x82, 0x71, 0x4A, 0x82, 0x71, 0x4A, 0x82, 0x71, 0x4B, 0x83, 0x71, 0x4B, 0x83, 0x71,
    0x4C, 0x83, 0x71, 0x4C, 0x83, 0x71, 0x4D, 0x84, 0x71, 0x4D, 0x84, 0x71, 0x4E, 0x84, 0x71, 0x4E,
    0x84, 0x71, 0x4F, 0x84, 0x71, 0x4F, 0x85, 0x71, 0x50, 0x85, 0x71, 0x50, 0x85, 0x71, 0x51, 0x85,
    0x71, 0x51, 0x86, 0x71, 0x52, 0x86, 0x71, 0x52, 0x86, 0x71, 0x53, 0x86, 0x71, 0x53, 0x87, 0x71,
    0x54, 0x87, 0x71, 0x54, 0x87, 0x71, 0x55, 0x87, 0x71, 0x55, 0x88, 0x71, 0x56, 0x88, 0x71, 0x56,
    0x88, 0x71, 0x57, 0x88, 0x71, 0x57, 0x89, 0x71, 0x58, 0x89, 0x71, 0x58, 0x89, 0x71, 0x59, 0x89,
    0x71, 0x59, 0x8A, 0x71, 0x5A, 0x8A, 0x71, 0x5A, 0x8A, 0x71, 0x5B, 0x8A, 0x71, 0x5B, 0x8A, 0x71,
    0x5C, 0x8B, 0x71, 0x5C, 0x8B, 0x71, 0x5D, 0x8B, 0x71, 0x5D, 0x8B, 0x71, 0x5E, 0x8C, 0x71, 0x5E,
    0x8C, 0x71, 0x5F, 0x8C, 0x71, 0x5F, 0x8C, 0x71, 0x60, 0x8D, 0x71, 0x60, 0x8D, 0x71, 0x61, 0x8D,
    0x71, 0x61, 0x8D, 0x71, 0x62, 0x8E, 0x71, 0x62, 0x8E, 0x71, 0x63, 0x8E, 0x71, 0x63, 0x8E, 0x71,
    0x64, 0x8F, 0x71, 0x64, 0x8F, 0x71, 0x65, 0x8F, 0x71, 0x65, 0x8F, 0x71, 0x66, 0x90, 0x71, 0x66,
    0x90, 0x71, 0x67, 0x90, 0x71, 0x67, 0x90, 0x71, 0x68, 0x90, 0x71, 0x68, 0x91, 0x71, 0x69, 0x91,
    0x71, 0x69, 0x91, 0x71, 0x6A, 0x91, 0x71, 0x6A, 0x92, 0x71, 0x6B, 0x92, 0x71, 0x6B, 0x92, 0x71,
    0x6C, 0x92, 0x71, 0x6C, 0x93, 0x71, 0x6D, 0x93, 0x71, 0x6D, 0x93, 0x71, 0x6E, 0x93, 0x71, 0x6E,
    0x94, 0x71, 0x6F, 0x94, 0x71, 0x6F, 0x6E, 0x72, 0x20, 0x6E, 0x72, 0x20, 0x6E, 0x72, 0x21, 0x6F,
    0x72, 0x21, 0x6F, 0x72, 0x22, 0x6F, 0x72, 0x22, 0x6F, 0x72, 0x23, 0x70, 0x72, 0x23, 0x70, 0x72,
    0x24, 0x70, 0x72, 0x24, 0x70, 0x72, 0x25, 0x71, 0x72, 0x25, 0x71, 0x72, 0x26, 0x71, 0x72, 0x26,
    0x71, 0x72, 0x27, 0x72, 0x72, 0x27, 0x72, 0x72, 0x28, 0x72, 0x72, 0x28, 0x72, 0x72, 0x29, 0x72,
    0x72, 0x29, 0x73, 0x72, 0x2A, 0x73, 0x72, 0x2A, 0x73, 0x72, 0x2B, 0x73, 0x72, 0x2B, 0x74, 0x72,
    0x2C, 0x74, 0x72, 0x2C, 0x74, 0x72, 0x2D, 0x74, 0x72, 0x2D, 0x75, 0x72, 0x2E, 0x75, 0x72, 0x2E,
    0x75, 0x72, 0x2F, 0x75, 0x72, 0x2F, 0x76, 0x72, 0x30, 0x76, 0x72, 0x30, 0x76, 0x72, 0x31, 0x76,
    0x72, 0x31, 0x77, 0x72, 0x32, 0x77, 0x72, 0x32, 0x77, 0x72, 0x33, 0x77, 0x72, 0x33, 0x78, 0x72,
    0x34, 0x78, 0x72, 0x34, 0x78, 0x72, 0x35, 0x78, 0x72, 0x35, 0x78, 0x72, 0x36, 0x79, 0x72, 0x36,
    0x79, 0x72, 0x37, 0x79, 0x72, 0x37, 0x79, 0x72, 0x38, 0x7A, 0x72, 0x38, 0x7A, 0x72, 0x39, 0x7A,
    0x72, 0x39, 0x7A, 0x72, 0x3A, 0x7B, 0x72, 0x3A, 0x7B, 0x72, 0x3B, 0x7B, 0x72, 0x3B, 0x7B, 0x72,
    0x3C, 0x7C, 0x72, 0x3C, 0x7C, 0x72, 0x3D, 0x7C, 0x72, 0x3D, 0x7C, 0x72, 0x3E, 0x7D, 0x72, 0x3E,
    0x7D, 0x72, 0x3F, 0x7D, 0x72, 0x3F, 0x7D, 0x72, 0x40, 0x7E, 0x72, 0x40, 0x7E, 0x72, 0x41, 0x7E,
    0x72, 0x41, 0x7E, 0x72, 0x42, 0x7E, 0x72, 0x42, 0x7F, 0x72, 0x43, 0x7F, 0x72, 0x43, 0x7F, 0x72,
    0x44, 0x7F, 0x72, 0x44, 0x80, 0x72, 0x45, 0x80, 0x72, 0x45, 0x80, 0x72, 0x46, 0x80, 0x72, 0x46,
    0x81, 0x72, 0x47, 0x81, 0x72, 0x47, 0x81, 0x72, 0x48, 0x81, 0x72, 0x48, 0x82, 0x72, 0x49, 0x82,
    0x72, 0x49, 0x82, 0x72, 0x4A, 0x82, 0x72, 0x4A, 0x83, 0x72, 0x4B, 0x83, 0x72, 0x4B, 0x83, 0x72,
    0x4C, 0x83, 0x72, 0x4C, 0x84, 0x72, 0x4D, 0x84, 0x72, 0x4D, 0x84, 0x72, 0x4E, 0x84, 0x72, 0x4E,
    0x84, 0x72, 0x4F, 0x85, 0x72, 0x4F, 0x85, 0x72, 0x50, 0x85, 0x72, 0x50, 0x85, 0x72, 0x51, 0x86,
    0x72, 0x51, 0x86, 0x72, 0x52, 0x86, 0x72, 0x52, 0x86, 0x72, 0x53, 0x87, 0x72, 0x53, 0x87, 0x72,
    0x54, 0x87, 0x72, 0x54, 0x87, 0x72, 0x55, 0x88, 0x72, 0x55, 0x88, 0x72, 0x56, 0x88, 0x72, 0x56,
    0x88, 0x72, 0x57, 0x89, 0x72, 0x57, 0x89, 0x72, 0x58, 0x89, 0x72, 0x58, 0x89, 0x72, 0x59, 0x8A,
    0x72, 0x59, 0x8A, 0x72, 0x5A, 0x8A, 0x72, 0x5A, 0x8A, 0x72, 0x5B, 0x8A, 0x72, 0x5B, 0x8B, 0x72,
    0x5C, 0x8B, 0x72, 0x5C, 0x8B, 0x72, 0x5D, 0x8B, 0x72, 0x5D, 0x8C, 0x72, 0x5E, 0x8C, 0x72, 0x5E,
    0x8C, 0x72, 0x5F, 0x8C, 0x72, 0x5F, 0x8D, 0x72, 0x60, 0x8D, 0x72, 0x60, 0x8D, 0x72, 0x61, 0x8D,
    0x72, 0x61, 0x8E, 0x72, 0x62, 0x8E, 0x72, 0x62, 0x8E, 0x72, 0x63, 0x8E, 0x72, 0x63, 0x8F, 0x72,
    0x64, 0x8F, 0x72, 0x64, 0x8F, 0x72, 0x65, 0x8F, 0x72, 0x65, 0x90, 0x72, 0x66, 0x90, 0x72, 0x66,
    0x90, 0x72, 0x67, 0x90, 0x72, 0x67, 0x90, 0x72, 0x68, 0x91, 0x72, 0x68, 0x91, 0x72, 0x69, 0x91,
    0x72, 0x69, 0x91, 0x72, 0x6A, 0x92, 0x72, 0x6A, 0x92, 0x72, 0x6B, 0x92, 0x72, 0x6B, 0x92, 0x72,
    0x6C, 0x93, 0x72, 0x6C, 0x93, 0x72, 0x6D, 0x93, 0x72, 0x6D, 0x93, 0x72, 0x6E, 0x94, 0x72, 0x6E,
    0x94, 0x72, 0x6F, 0x94, 0x72, 0x6F, 0x6E, 0x73, 0x20, 0x6E, 0x73, 0x20, 0x6F, 0x73, 0x21, 0x6F,
    0x73, 0x21, 0x6F, 0x73, 0x22, 0x6F, 0x73, 0x22, 0x70, 0x73, 0x23, 0x70, 0x73, 0x23, 0x70, 0x73,
    0x24, 0x70, 0x73, 0x24, 0x71, 0x73, 0x25, 0x71, 0x73, 0x25, 0x71, 0x73, 0x26, 0x71, 0x73, 0x26,
    0x72, 0x73, 0x27, 0x72, 0x73, 0x27, 0x72, 0x73, 0x28, 0x72, 0x73, 0x28, 0x72, 0x73, 0x29, 0x73,
    0x73, 0x29, 0x73, 0x73, 0x2A, 0x73, 0x73, 0x2A, 0x73, 0x73, 0x2B, 0x74, 0x73, 0x2B, 0x74, 0x73,
    0x2C, 0x74, 0x73, 0x2C, 0x74, 0x73, 0x2D, 0x75, 0x73, 0x2D, 0x75, 0x73, 0x2E, 0x75, 0x73, 0x2E,
    0x75, 0x73, 0x2F, 0x76, 0x73, 0x2F, 0x76, 0x73, 0x30, 0x76, 0x73, 0x30, 0x76, 0x73, 0x31, 0x77,
    0x73, 0x31, 0x77, 0x73, 0x32, 0x77, 0x73, 0x32, 0x77, 0x73, 0x33, 0x78, 0x73, 0x33, 0x78, 0x73,
    0x34, 0x78, 0x73, 0x34, 0x78, 0x73, 0x35, 0x78, 0x73, 0x35, 0x79, 0x73, 0x36, 0x79, 0x73, 0x36,
    0x79, 0x73, 0x37, 0x79, 0x73, 0x37, 0x7A, 0x73, 0x38, 0x7A, 0x73, 0x38, 0x7A, 0x73, 0x39, 0x7A,
    0x73, 0x39, 0x7B, 0x73, 0x3A, 0x7B, 0x73, 0x3A, 0x7B, 0x73, 0x3B, 0x7B, 0x73, 0x3B, 0x7C, 0x73,
    0x3C, 0x7C, 0x73, 0x3C, 0x7C, 0x73, 0x3D, 0x7C, 0x73, 0x3D, 0x7D, 0x73, 0x3E, 0x7D, 0x73, 0x3E,
    0x7D, 0x73, 0x3F, 0x7D, 0x73, 0x3F, 0x7E, 0x73, 0x40, 0x7E, 0x73, 0x40, 0x7E, 0x73, 0x41, 0x7E,
    0x73, 0x41, 0x7E, 0x73, 0x42, 0x7F, 0x73, 0x42, 0x7F, 0x73, 0x43, 0x7F, 0x73, 0x43, 0x7F, 0x73,
    0x44, 0x80, 0x73, 0x44, 0x80, 0x73, 0x45, 0x80, 0x73, 0x45, 0x80, 0x73, 0x46, 0x81, 0x73, 0x46,
    0x81, 0x73, 0x47, 0x81, 0x73, 0x47, 0x81, 0x73, 0x48, 0x82, 0x73, 0x48, 0x82, 0x73, 0x49, 0x82,
    0x73, 0x49, 0x82, 0x73, 0x4A, 0x83, 0x73, 0x4A, 0x83, 0x73, 0x4B, 0x83, 0x73, 0x4B, 0x83, 0x73,
    0x4C, 0x84, 0x73, 0x4C, 0x84, 0x73, 0x4D, 0x84, 0x73, 0x4D, 0x84, 0x73, 0x4E, 0x84, 0x73, 0x4E,
    0x85, 0x73, 0x4F, 0x85, 0x73, 0x4F, 0x85, 0x73, 0x50, 0x85, 0x73, 0x50, 0x86, 0x73, 0x51, 0x86,
    0x73, 0x51, 0x86, 0x73, 0x52, 0x86, 0x73, 0x52, 0x87, 0x73, 0x53, 0x87, 0x73, 0x53, 0x87, 0x73,
    0x54, 0x87, 0x73, 0x54, 0x88, 0x73, 0x55, 0x88, 0x73, 0x55, 0x88, 0x73, 0x56, 0x88, 0x73, 0x56,
    0x89, 0x73, 0x57, 0x89, 0x73, 0x57, 0x89, 0x73, 0x58, 0x89, 0x73, 0x58, 0x8A, 0x73, 0x59, 0x8A,
    0x73, 0x59, 0x8A, 0x73, 0x5A, 0x8A, 0x73, 0x5A, 0x8A, 0x73, 0x5B, 0x8B, 0x73, 0x5B, 0x8B, 0x73,
    0x5C, 0x8B, 0x73, 0x5C, 0x8B, 0x73, 0x5D, 0x8C, 0x73, 0x5D, 0x8C, 0x73, 0x5E, 0x8C, 0x73, 0x5E,
    0x8C, 0x73, 0x5F, 0x8D, 0x73, 0x5F, 0x8D, 0x73, 0x60, 0x8D, 0x73, 0x60, 0x8D, 0x73, 0x61, 0x8E,
    0x73, 0x61, 0x8E, 0x73, 0x62, 0x8E, 0x73, 0x62, 0x8E, 0x73, 0x63, 0x8F, 0x73, 0x63, 0x8F, 0x73,
    0x64, 0x8F, 0x73, 0x64, 0x8F, 0x73, 0x65, 0x90, 0x73, 0x65, 0x90, 0x73, 0x66, 0x90, 0x73, 0x66,
    0x90, 0x73, 0x67, 0x90, 0x73, 0x67, 0x91, 0x73, 0x68, 0x91, 0x73, 0x68, 0x91, 0x73, 0x69, 0x91,
    0x73, 0x69, 0x92, 0x73, 0x6A, 0x92, 0x73, 0x6A, 0x92, 0x73, 0x6B, 0x92, 0x73, 0x6B, 0x93, 0x73,
    0x6C, 0x93, 0x73, 0x6C, 0x93, 0x73, 0x6D, 0x93, 0x73, 0x6D, 0x94, 0x73, 0x6E, 0x94, 0x73, 0x6E,
    0x94, 0x73, 0x6F, 0x94, 0x73, 0x6F, 0x6E, 0x74, 0x20, 0x6F, 0x74, 0x20, 0x6F, 0x74, 0x21, 0x6F,
    0x74, 0x21, 0x6F, 0x74, 0x22, 0x70, 0x74, 0x22, 0x70, 0x74, 0x23, 0x70, 0x74, 0x23, 0x70, 0x74,
    0x24, 0x71, 0x74, 0x24, 0x71, 0x74, 0x25, 0x71, 0x74, 0x25, 0x71, 0x74, 0x26, 0x72, 0x74, 0x26,
    0x72, 0x74, 0x27, 0x72, 0x74, 0x27, 0x72, 0x74, 0x28, 0x72, 0x74, 0x28, 0x73, 0x74, 0x29, 0x73,
    0x74, 0x29, 0x73, 0x74, 0x2A, 0x73, 0x74, 0x2A, 0x74, 0x74, 0x2B, 0x74, 0x74, 0x2B, 0x74, 0x74,
    0x2C, 0x74, 0x74, 0x2C, 0x75, 0x74, 0x2D, 0x75, 0x74, 0x2D, 0x75, 0x74, 0x2E, 0x75, 0x74, 0x2E,
    0x76, 0x74, 0x2F, 0x76, 0x74, 0x2F, 0x76, 0x74, 0x30, 0x76, 0x74, 0x30, 0x77, 0x74, 0x31, 0x77,
    0x74, 0x31, 0x77, 0x74, 0x32, 0x77, 0x74, 0x32, 0x78, 0x74, 0x33, 0x78, 0x74, 0x33, 0x78, 0x74,
    0x34, 0x78, 0x74, 0x34, 0x78, 0x74, 0x35, 0x79, 0x74, 0x35, 0x79, 0x74, 0x36, 0x79, 0x74, 0x36,
    0x79, 0x74, 0x37, 0x7A, 0x74, 0x37, 0x7A, 0x74, 0x38, 0x7A, 0x74, 0x38, 0x7A, 0x74, 0x39, 0x7B,
    0x74, 0x39, 0x7B, 0x74, 0x3A, 0x7B, 0x74, 0x3A, 0x7B, 0x74, 0x3B, 0x7C, 0x74, 0x3B, 0x7C, 0x74,
    0x3C, 0x7C, 0x74, 0x3C, 0x7C, 0x74, 0x3D, 0x7D, 0x74, 0x3D, 0x7D, 0x74, 0x3E, 0x7D, 0x74, 0x3E,
    0x7D, 0x74, 0x3F, 0x7E, 0x74, 0x3F, 0x7E, 0x74, 0x40, 0x7E, 0x74, 0x40, 0x7E, 0x74, 0x41, 0x7E,
    0x74, 0x41, 0x7F, 0x74, 0x42, 0x7F, 0x74, 0x42, 0x7F, 0x74, 0x43, 0x7F, 0x74, 0x43, 0x80, 0x74,
    0x44, 0x80, 0x74, 0x44, 0x80, 0x74, 0x45, 0x80, 0x74, 0x45, 0x81, 0x74, 0x46, 0x81, 0x74, 0x46,
    0x81, 0x74, 0x47, 0x81, 0x74, 0x47, 0x82, 0x74, 0x48, 0x82, 0x74, 0x48, 0x82, 0x74, 0x49, 0x82,
    0x74, 0x49, 0x83, 0x74, 0x4A, 0x83, 0x74, 0x4A, 0x83, 0x74, 0x4B, 0x83, 0x74, 0x4B, 0x84, 0x74,
    0x4C, 0x84, 0x74, 0x4C, 0x84, 0x74, 0x4D, 0x84, 0x74, 0x4D, 0x84, 0x74, 0x4E, 0x85, 0x74, 0x4E,
    0x85, 0x74, 0x4F, 0x85, 0x74, 0x4F, 0x85, 0x74, 0x50, 0x86, 0x74, 0x50, 0x86, 0x74, 0x51, 0x86,
    0x74, 0x51, 0x86, 0x74, 0x52, 0x87, 0x74, 0x52, 0x87, 0x74, 0x53, 0x87, 0x74, 0x53, 0x87, 0x74,
    0x54, 0x88, 0x74, 0x54, 0x88, 0x74, 0x55, 0x88, 0x74, 0x55, 0x88, 0x74, 0x56, 0x89, 0x74, 0x56,
    0x89, 0x74, 0x57, 0x89, 0x74, 0x57, 0x89, 0x74, 0x58, 0x8A, 0x74, 0x58, 0x8A, 0x74, 0x59, 0x8A,
    0x74, 0x59, 0x8A, 0x74, 0x5A, 0x8A, 0x74, 0x5A, 0x8B, 0x74, 0x5B, 0x8B, 0x74, 0x5B, 0x8B, 0x74,
    0x5C, 0x8B, 0x74, 0x5C, 0x8C, 0x74, 0x5D, 0x8C, 0x74, 0x5D, 0x8C, 0x74, 0x5E, 0x8C, 0x74, 0x5E,
    0x8D, 0x74, 0x5F, 0x8D, 0x74, 0x5F, 0x8D, 0x74, 0x60, 0x8D, 0x74, 0x60, 0x8E, 0x74, 0x61, 0x8E,
    0x74, 0x61, 0x8E, 0x74, 0x62, 0x8E, 0x74, 0x62, 0x8F, 0x74, 0x63, 0x8F, 0x74, 0x63, 0x8F, 0x74,
    0x64, 0x8F, 0x74, 0x64, 0x90, 0x74, 0x65, 0x90, 0x74, 0x65, 0x90, 0x74, 0x66, 0x90, 0x74, 0x66,
    0x90, 0x74, 0x67, 0x91, 0x74, 0x67, 0x91, 0x74, 0x68, 0x91, 0x74, 0x68, 0x91, 0x74, 0x69, 0x92,
    0x74, 0x69, 0x92, 0x74, 0x6A, 0x92, 0x74, 0x6A, 0x92, 0x74, 0x6B, 0x93, 0x74, 0x6B, 0x93, 0x74,
    0x6C, 0x93, 0x74, 0x6C, 0x93, 0x74, 0x6D, 0x94, 0x74, 0x6D, 0x94, 0x74, 0x6E, 0x94, 0x74, 0x6E,
    0x94, 0x74, 0x6F, 0x95, 0x74, 0x6F, 0x6F, 0x76, 0x20, 0x6F, 0x76, 0x20, 0x6F, 0x76, 0x21, 0x6F,
    0x76, 0x21, 0x70, 0x76, 0x22, 0x70, 0x76, 0x22, 0x70, 0x76, 0x23, 0x70, 0x76, 0x23, 0x71, 0x76,
    0x24, 0x71, 0x76, 0x24, 0x71, 0x76, 0x25, 0x71, 0x76, 0x25, 0x72, 0x76, 0x26, 0x72, 0x76, 0x26,
    0x72, 0x76, 0x27, 0x72, 0x76, 0x27, 0x72, 0x76, 0x28, 0x73, 0x76, 0x28, 0x73, 0x76, 0x29, 0x73,
    0x76, 0x29, 0x73, 0x76, 0x2A, 0x74, 0x76, 0x2A, 0x74, 0x76, 0x2B, 0x74, 0x76, 0x2B, 0x74, 0x76,
    0x2C, 0x75, 0x76, 0x2C, 0x75, 0x76, 0x2D, 0x75, 0x76, 0x2D, 0x75, 0x76, 0x2E, 0x76, 0x76, 0x2E,
    0x76, 0x76, 0x2F, 0x76, 0x76, 0x2F, 0x76, 0x76, 0x30, 0x77, 0x76, 0x30, 0x77, 0x76, 0x31, 0x77,
    0x76, 0x31, 0x77, 0x76, 0x32, 0x78, 0x76, 0x32, 0x78, 0x76, 0x33, 0x78, 0x76, 0x33, 0x78, 0x76,
    0x34, 0x78, 0x76, 0x34, 0x79, 0x76, 0x35, 0x79, 0x76, 0x35, 0x79, 0x76, 0x36, 0x79, 0x76, 0x36,
    0x7A, 0x76, 0x37, 0x7A, 0x76, 0x37, 0x7A, 0x76, 0x38, 0x7A, 0x76, 0x38, 0x7B, 0x76, 0x39, 0x7B,
    0x76, 0x39, 0x7B, 0x76, 0x3A, 0x7B, 0x76, 0x3A, 0x7C, 0x76, 0x3B, 0x7C, 0x76, 0x3B, 0x7C, 0x76,
    0x3C, 0x7C, 0x76, 0x3C, 0x7D, 0x76, 0x3D, 0x7D, 0x76, 0x3D, 0x7D, 0x76, 0x3E, 0x7D, 0x76, 0x3E,
    0x7E, 0x76, 0x3F, 0x7E, 0x76, 0x3F, 0x7E, 0x76, 0x40, 0x7E, 0x76, 0x40, 0x7E, 0x76, 0x41, 0x7F,
    0x76, 0x41, 0x7F, 0x76, 0x42, 0x7F, 0x76, 0x42, 0x7F, 0x76, 0x43, 0x80, 0x76, 0x43, 0x80, 0x76,
    0x44, 0x80, 0x76, 0x44, 0x80, 0x76, 0x45, 0x81, 0x76, 0x45, 0x81, 0x76, 0x46, 0x81, 0x76, 0x46,
    0x81, 0x76, 0x47, 0x82, 0x76, 0x47, 0x82, 0x76, 0x48, 0x82, 0x76, 0x48, 0x82, 0x76, 0x49, 0x83,
    0x76, 0x49, 0x83, 0x76, 0x4A, 0x83, 0x76, 0x4A, 0x83, 0x76, 0x4B, 0x84, 0x76, 0x4B, 0x84, 0x76,
    0x4C, 0x84, 0x76, 0x4C, 0x84, 0x76, 0x4D, 0x84, 0x76, 0x4D, 0x85, 0x76, 0x4E, 0x85, 0x76, 0x4E,
    0x85, 0x76, 0x4F, 0x85, 0x76, 0x4F, 0x86, 0x76, 0x50, 0x86, 0x76, 0x50, 0x86, 0x76, 0x51, 0x86,
    0x76, 0x51, 0x87, 0x76, 0x52, 0x87, 0x76, 0x52, 0x87, 0x76, 0x53, 0x87, 0x76, 0x53, 0x88, 0x76,
    0x54, 0x88, 0x76, 0x54, 0x88, 0x76, 0x55, 0x88, 0x76, 0x55, 0x89, 0x76, 0x56, 0x89, 0x76, 0x56,
    0x89, 0x76, 0x57, 0x89, 0x76, 0x57, 0x8A, 0x76, 0x58, 0x8A, 0x76, 0x58, 0x8A, 0x76, 0x59, 0x8A,
    0x76, 0x59, 0x8A, 0x76, 0x5A, 0x8B, 0x76, 0x5A, 0x8B, 0x76, 0x5B, 0x8B, 0x76, 0x5B, 0x8B, 0x76,
    0x5C, 0x8C, 0x76, 0x5C, 0x8C, 0x76, 0x5D, 0x8C, 0x76, 0x5D, 0x8C, 0x76, 0x5E, 0x8D, 0x76, 0x5E,
    0x8D, 0x76, 0x5F, 0x8D, 0x76, 0x5F, 0x8D, 0x76, 0x60, 0x8E, 0x76, 0x60, 0x8E, 0x76, 0x61, 0x8E,
    0x76, 0x61, 0x8E, 0x76, 0x62, 0x8F, 0x76, 0x62, 0x8F, 0x76, 0x63, 0x8F, 0x76, 0x63, 0x8F, 0x76,
    0x64, 0x90, 0x76, 0x64, 0x90, 0x76, 0x65, 0x90, 0x76, 0x65, 0x90, 0x76, 0x66, 0x90, 0x76, 0x66,
    0x91, 0x76, 0x67, 0x91, 0x76, 0x67, 0x91, 0x76, 0x68, 0x91, 0x76, 0x68, 0x92, 0x76, 0x69, 0x92,
    0x76, 0x69, 0x92, 0x76, 0x6A, 0x92, 0x76, 0x6A, 0x93, 0x76, 0x6B, 0x93, 0x76, 0x6B, 0x93, 0x76,
    0x6C, 0x93, 0x76, 0x6C, 0x94, 0x76, 0x6D, 0x94, 0x76, 0x6D, 0x94, 0x76, 0x6E, 0x94, 0x76, 0x6E,
    0x95, 0x76, 0x6F, 0x95, 0x76, 0x6F, 0x6F, 0x77, 0x20, 0x6F, 0x77, 0x20, 0x6F, 0x77, 0x21, 0x70,
    0x77, 0x21, 0x70, 0x77, 0x22, 0x70, 0x77, 0x22, 0x70, 0x77, 0x23, 0x71, 0x77, 0x23, 0x71, 0x77,
    0x24, 0x71, 0x77, 0x24, 0x71, 0x77, 0x25, 0x72, 0x77, 0x25, 0x72, 0x77, 0x26, 0x72, 0x77, 0x26,
    0x72, 0x77, 0x27, 0x72, 0x77, 0x27, 0x73, 0x77, 0x28, 0x73, 0x77, 0x28, 0x73, 0x77, 0x29, 0x73,
    0x77, 0x29, 0x74, 0x77, 0x2A, 0x74, 0x77, 0x2A, 0x74, 0x77, 0x2B, 0x74, 0x77, 0x2B, 0x75, 0x77,
    0x2C, 0x75, 0x77, 0x2C, 0x75, 0x77, 0x2D, 0x75, 0x77, 0x2D, 0x76, 0x77, 0x2E, 0x76, 0x77, 0x2E,
    0x76, 0x77, 0x2F, 0x76, 0x77, 0x2F, 0x77, 0x77, 0x30, 0x77, 0x77, 0x30, 0x77, 0x77, 0x31, 0x77,
    0x77, 0x31, 0x78, 0x77, 0x32, 0x78, 0x77, 0x32, 0x78, 0x77, 0x33, 0x78, 0x77, 0x33, 0x78, 0x77,
    0x34, 0x79, 0x77, 0x34, 0x79, 0x77, 0x35, 0x79, 0x77, 0x35, 0x79, 0x77, 0x36, 0x7A, 0x77, 0x36,
    0x7A, 0x77, 0x37, 0x7A, 0x77, 0x37, 0x7A, 0x77, 0x38, 0x7B, 0x77, 0x38, 0x7B, 0x77, 0x39, 0x7B,
    0x77, 0x39, 0x7B, 0x77, 0x3A, 0x7C, 0x77, 0x3A, 0x7C, 0x77, 0x3B, 0x7C, 0x77, 0x3B, 0x7C, 0x77,
    0x3C, 0x7D, 0x77, 0x3C, 0x7D, 0x77, 0x3D, 0x7D, 0x77, 0x3D, 0x7D, 0x77, 0x3E, 0x7E, 0x77, 0x3E,
    0x7E, 0x77, 0x3F, 0x7E, 0x77, 0x3F, 0x7E, 0x77, 0x40, 0x7E, 0x77, 0x40, 0x7F, 0x77, 0x41, 0x7F,
    0x77, 0x41, 0x7F, 0x77, 0x42, 0x7F, 0x77, 0x42, 0x80, 0x77, 0x43, 0x80, 0x77, 0x43, 0x80, 0x77,
    0x44, 0x80, 0x77, 0x44, 0x81, 0x77, 0x45, 0x81, 0x77, 0x45, 0x81, 0x77, 0x46, 0x81, 0x77, 0x46,
    0x82, 0x77, 0x47, 0x82, 0x77, 0x47, 0x82, 0x77, 0x48, 0x82, 0x77, 0x48, 0x83, 0x77, 0x49, 0x83,
    0x77, 0x49, 0x83, 0x77, 0x4A, 0x83, 0x77, 0x4A, 0x84, 0x77, 0x4B, 0x84, 0x77, 0x4B, 0x84, 0x77,
    0x4C, 0x84, 0x77, 0x4C, 0x84, 0x77, 0x4D, 0x85, 0x77, 0x4D, 0x85, 0x77, 0x4E, 0x85, 0x77, 0x4E,
    0x85, 0x77, 0x4F, 0x86, 0x77, 0x4F, 0x86, 0x77, 0x50, 0x86, 0x77, 0x50, 0x86, 0x77, 0x51, 0x87,
    0x77, 0x51, 0x87, 0x77, 0x52, 0x87, 0x77, 0x52, 0x87, 0x77, 0x53, 0x88, 0x77, 0x53, 0x88, 0x77,
    0x54, 0x88, 0x77, 0x54, 0x88, 0x77, 0x55, 0x89, 0x77, 0x55, 0x89, 0x77, 0x56, 0x89, 0x77, 0x56,
    0x89, 0x77, 0x57, 0x8A, 0x77, 0x57, 0x8A, 0x77, 0x58, 0x8A, 0x77, 0x58, 0x8A, 0x77, 0x59, 0x8A,
    0x77, 0x59, 0x8B, 0x77, 0x5A, 0x8B, 0x77, 0x5A, 0x8B, 0x77, 0x5B, 0x8B, 0x77, 0x5B, 0x8C, 0x77,
    0x5C, 0x8C, 0x77, 0x5C, 0x8C, 0x77, 0x5D, 0x8C, 0x77, 0x5D, 0x8D, 0x77, 0x5E, 0x8D, 0x77, 0x5E,
    0x8D, 0x77, 0x5F, 0x8D, 0x77, 0x5F, 0x8E, 0x77, 0x60, 0x8E, 0x77, 0x60, 0x8E, 0x77, 0x61, 0x8E,
    0x77, 0x61, 0x8F, 0x77, 0x62, 0x8F, 0x77, 0x62, 0x8F, 0x77, 0x63, 0x8F, 0x77, 0x63, 0x90, 0x77,
    0x64, 0x90, 0x77, 0x64, 0x90, 0x77, 0x65, 0x90, 0x77, 0x65, 0x90, 0x77, 0x66, 0x91, 0x77, 0x66,
    0x91, 0x77, 0x67, 0x91, 0x77, 0x67, 0x91, 0x77, 0x68, 0x92, 0x77, 0x68, 0x92, 0x77, 0x69, 0x92,
    0x77, 0x69, 0x92, 0x77, 0x6A, 0x93, 0x77, 0x6A, 0x93, 0x77, 0x6B, 0x93, 0x77, 0x6B, 0x93, 0x77,
    0x6C, 0x94, 0x77, 0x6C, 0x94, 0x77, 0x6D, 0x94, 0x77, 0x6D, 0x94, 0x77, 0x6E, 0x95, 0x77, 0x6E,
    0x95, 0x77, 0x6F, 0x95, 0x77, 0x6F, 0x6F, 0x78, 0x20, 0x6F, 0x78, 0x20, 0x70, 0x78, 0x21, 0x70,
    0x78, 0x21, 0x70, 0x78, 0x22, 0x70, 0x78, 0x22, 0x71, 0x78, 0x23, 0x71, 0x78, 0x23, 0x71, 0x78,
    0x24, 0x71, 0x78, 0x24, 0x72, 0x78, 0x25, 0x72, 0x78, 0x25, 0x72, 0x78, 0x26, 0x72, 0x78, 0x26,
    0x72, 0x78, 0x27, 0x73, 0x78, 0x27, 0x73, 0x78, 0x28, 0x73, 0x78, 0x28, 0x73, 0x78, 0x29, 0x74,
    0x78, 0x29, 0x74, 0x78, 0x2A, 0x74, 0x78, 0x2A, 0x74, 0x78, 0x2B, 0x75, 0x78, 0x2B, 0x75, 0x78,
    0x2C, 0x75, 0x78, 0x2C, 0x75, 0x78, 0x2D, 0x76, 0x78, 0x2D, 0x76, 0x78, 0x2E, 0x76, 0x78, 0x2E,
    0x76, 0x78, 0x2F, 0x77, 0x78, 0x2F, 0x77, 0x78, 0x30, 0x77, 0x78, 0x30, 0x77, 0x78, 0x31, 0x78,
    0x78, 0x31, 0x78, 0x78, 0x32, 0x78, 0x78, 0x32, 0x78, 0x78, 0x33, 0x78, 0x78, 0x33, 0x79, 0x78,
    0x34, 0x79, 0x78, 0x34, 0x79, 0x78, 0x35, 0x79, 0x78, 0x35, 0x7A, 0x78, 0x36, 0x7A, 0x78, 0x36,
    0x7A, 0x78, 0x37, 0x7A, 0x78, 0x37, 0x7B, 0x78, 0x38, 0x7B, 0x78, 0x38, 0x7B, 0x78, 0x39, 0x7B,
    0x78, 0x39, 0x7C, 0x78, 0x3A, 0x7C, 0x78, 0x3A, 0x7C, 0x78, 0x3B, 0x7C, 0x78, 0x3B, 0x7D, 0x78,
    0x3C, 0x7D, 0x78, 0x3C, 0x7D, 0x78, 0x3D, 0x7D, 0x78, 0x3D, 0x7E, 0x78, 0x3E, 0x7E, 0x78, 0x3E,
    0x7E, 0x78, 0x3F, 0x7E, 0x78, 0x3F, 0x7E, 0x78, 0x40, 0x7F, 0x78, 0x40, 0x7F, 0x78, 0x41, 0x7F,
    0x78, 0x41, 0x7F, 0x78, 0x42, 0x80, 0x78, 0x42, 0x80, 0x78, 0x43, 0x80, 0x78, 0x43, 0x80, 0x78,
    0x44, 0x81, 0x78, 0x44, 0x81, 0x78, 0x45, 0x81, 0x78, 0x45, 0x81, 0x78, 0x46, 0x82, 0x78, 0x46,
    0x82, 0x78, 0x47, 0x82, 0x78, 0x47, 0x82, 0x78, 0x48, 0x83, 0x78, 0x48, 0x83, 0x78, 0x49, 0x83,
    0x78, 0x49, 0x83, 0x78, 0x4A, 0x84, 0x78, 0x4A, 0x84, 0x78, 0x4B, 0x84, 0x78, 0x4B, 0x84, 0x78,
    0x4C, 0x84, 0x78, 0x4C, 0x85, 0x78, 0x4D, 0x85, 0x78, 0x4D, 0x85, 0x78, 0x4E, 0x85, 0x78, 0x4E,
    0x86, 0x78, 0x4F, 0x86, 0x78, 0x4F, 0x86, 0x78, 0x50, 0x86, 0x78, 0x50, 0x87, 0x78, 0x51, 0x87,
    0x78, 0x51, 0x87, 0x78, 0x52, 0x87, 0x78, 0x52, 0x88, 0x78, 0x53, 0x88, 0x78, 0x53, 0x88, 0x78,
    0x54, 0x88, 0x78, 0x54, 0x89, 0x78, 0x55, 0x89, 0x78, 0x55, 0x89, 0x78, 0x56, 0x89, 0x78, 0x56,
    0x8A, 0x78, 0x57, 0x8A, 0x78, 0x57, 0x8A, 0x78, 0x58, 0x8A, 0x78, 0x58, 0x8A, 0x78, 0x59, 0x8B,
    0x78, 0x59, 0x8B, 0x78, 0x5A, 0x8B, 0x78, 0x5A, 0x8B, 0x78, 0x5B, 0x8C, 0x78, 0x5B, 0x8C, 0x78,
    0x5C, 0x8C, 0x78, 0x5C, 0x8C, 0x78, 0x5D, 0x8D, 0x78, 0x5D, 0x8D, 0x78, 0x5E, 0x8D, 0x78, 0x5E,
    0x8D, 0x78, 0x5F, 0x8E, 0x78, 0x5F, 0x8E, 0x78, 0x60, 0x8E, 0x78, 0x60, 0x8E, 0x78, 0x61, 0x8F,
    0x78, 0x61, 0x8F, 0x78, 0x62, 0x8F, 0x78, 0x62, 0x8F, 0x78, 0x63, 0x90, 0x78, 0x63, 0x90, 0x78,
    0x64, 0x90, 0x78, 0x64, 0x90, 0x78, 0x65, 0x90, 0x78, 0x65, 0x91, 0x78, 0x66, 0x91, 0x78, 0x66,
    0x91, 0x78, 0x67, 0x91, 0x78, 0x67, 0x92, 0x78, 0x68, 0x92, 0x78, 0x68, 0x92, 0x78, 0x69, 0x92,
    0x78, 0x69, 0x93, 0x78, 0x6A, 0x93, 0x78, 0x6A, 0x93, 0x78, 0x6B, 0x93, 0x78, 0x6B, 0x94, 0x78,
    0x6C, 0x94, 0x78, 0x6C, 0x94, 0x78, 0x6D, 0x94, 0x78, 0x6D, 0x95, 0x78, 0x6E, 0x95, 0x78, 0x6E,
    0x95, 0x78, 0x6F, 0x95, 0x78, 0x6F, 0x6F, 0x79, 0x20, 0x70, 0x79, 0x20, 0x70, 0x79, 0x21, 0x70,
    0x79, 0x21, 0x70, 0x79, 0x22, 0x71, 0x79, 0x22, 0x71, 0x79, 0x23, 0x71, 0x79, 0x23, 0x71, 0x79,
    0x24, 0x72, 0x79, 0x24, 0x72, 0x79, 0x25, 0x72, 0x79, 0x25, 0x72, 0x79, 0x26, 0x72, 0x79, 0x26,
    0x73, 0x79, 0x27, 0x73, 0x79, 0x27, 0x73, 0x79, 0x28, 0x73, 0x79, 0x28, 0x74, 0x79, 0x29, 0x74,
    0x79, 0x29, 0x74, 0x79, 0x2A, 0x74, 0x79, 0x2A, 0x75, 0x79, 0x2B, 0x75, 0x79, 0x2B, 0x75, 0x79,
    0x2C, 0x75, 0x79, 0x2C, 0x76, 0x79, 0x2D, 0x76, 0x79, 0x2D, 0x76, 0x79, 0x2E, 0x76, 0x79, 0x2E,
    0x77, 0x79, 0x2F, 0x77, 0x79, 0x2F, 0x77, 0x79, 0x30, 0x77, 0x79, 0x30, 0x78, 0x79, 0x31, 0x78,
    0x79, 0x31, 0x78, 0x79, 0x32, 0x78, 0x79, 0x32, 0x78, 0x79, 0x33, 0x79, 0x79, 0x33, 0x79, 0x79,
    0x34, 0x79, 0x79, 0x34, 0x79, 0x79, 0x35, 0x7A, 0x79, 0x35, 0x7A, 0x79, 0x36, 0x7A, 0x79, 0x36,
    0x7A, 0x79, 0x37, 0x7B, 0x79, 0x37, 0x7B, 0x79, 0x38, 0x7B, 0x79, 0x38, 0x7B, 0x79, 0x39, 0x7C,
    0x79, 0x39, 0x7C, 0x79, 0x3A, 0x7C, 0x79, 0x3A, 0x7C, 0x79, 0x3B, 0x7D, 0x79, 0x3B, 0x7D, 0x79,
    0x3C, 0x7D, 0x79, 0x3C, 0x7D, 0x79, 0x3D, 0x7E, 0x79, 0x3D, 0x7E, 0x79, 0x3E, 0x7E, 0x79, 0x3E,
    0x7E, 0x79, 0x3F, 0x7E, 0x79, 0x3F, 0x7F, 0x79, 0x40, 0x7F, 0x79, 0x40, 0x7F, 0x79, 0x41, 0x7F,
    0x79, 0x41, 0x80, 0x79, 0x42, 0x80, 0x79, 0x42, 0x80, 0x79, 0x43, 0x80, 0x79, 0x43, 0x81, 0x79,
    0x44, 0x81, 0x79, 0x44, 0x81, 0x79, 0x45, 0x81, 0x79, 0x45, 0x82, 0x79, 0x46, 0x82, 0x79, 0x46,
    0x82, 0x79, 0x47, 0x82, 0x79, 0x47, 0x83, 0x79, 0x48, 0x83, 0x79, 0x48, 0x83, 0x79, 0x49, 0x83,
    0x79, 0x49, 0x84, 0x79, 0x4A, 0x84, 0x79, 0x4A, 0x84, 0x79, 0x4B, 0x84, 0x79, 0x4B, 0x84, 0x79,
    0x4C, 0x85, 0x79, 0x4C, 0x85, 0x79, 0x4D, 0x85, 0x79, 0x4D, 0x85, 0x79, 0x4E, 0x86, 0x79, 0x4E,
    0x86, 0x79, 0x4F, 0x86, 0x79, 0x4F, 0x86, 0x79, 0x50, 0x87, 0x79, 0x50, 0x87, 0x79, 0x51, 0x87,
    0x79, 0x51, 0x87, 0x79, 0x52, 0x88, 0x79, 0x52, 0x88, 0x79, 0x53, 0x88, 0x79, 0x53, 0x88, 0x79,
    0x54, 0x89, 0x79, 0x54, 0x89, 0x79, 0x55, 0x89, 0x79, 0x55, 0x89, 0x79, 0x56, 0x8A, 0x79, 0x56,
    0x8A, 0x79, 0x57, 0x8A, 0x79, 0x57, 0x8A, 0x79, 0x58, 0x8A, 0x79, 0x58, 0x8B, 0x79, 0x59, 0x8B,
    0x79, 0x59, 0x8B, 0x79, 0x5A, 0x8B, 0x79, 0x5A, 0x8C, 0x79, 0x5B, 0x8C, 0x79, 0x5B, 0x8C, 0x79,
    0x5C, 0x8C, 0x79, 0x5C, 0x8D, 0x79, 0x5D, 0x8D, 0x79, 0x5D, 0x8D, 0x79, 0x5E, 0x8D, 0x79, 0x5E,
    0x8E, 0x79, 0x5F, 0x8E, 0x79, 0x5F, 0x8E, 0x79, 0x60, 0x8E, 0x79, 0x60, 0x8F, 0x79, 0x61, 0x8F,
    0x79, 0x61, 0x8F, 0x79, 0x62, 0x8F, 0x79, 0x62, 0x90, 0x79, 0x63, 0x90, 0x79, 0x63, 0x90, 0x79,
    0x64, 0x90, 0x79, 0x64, 0x90, 0x79, 0x65, 0x91, 0x79, 0x65, 0x91, 0x79, 0x66, 0x91, 0x79, 0x66,
    0x91, 0x79, 0x67, 0x92, 0x79, 0x67, 0x92, 0x79, 0x68, 0x92, 0x79, 0x68, 0x92, 0x79, 0x69, 0x93,
    0x79, 0x69, 0x93, 0x79, 0x6A, 0x93, 0x79, 0x6A, 0x93, 0x79, 0x6B, 0x94, 0x79, 0x6B, 0x94, 0x79,
    0x6C, 0x94, 0x79, 0x6C, 0x94, 0x79, 0x6D, 0x95, 0x79, 0x6D, 0x95, 0x79, 0x6E, 0x95, 0x79, 0x6E,
    0x95, 0x79, 0x6F, 0x96, 0x79, 0x6F, 0x70, 0x7A, 0x20, 0x70, 0x7A, 0x20, 0x70, 0x7A, 0x21, 0x70,
    0x7A, 0x21, 0x71, 0x7A, 0x22, 0x71, 0x7A, 0x22, 0x71, 0x7A, 0x23, 0x71, 0x7A, 0x23, 0x72, 0x7A,
    0x24, 0x72, 0x7A, 0x24, 0x72, 0x7A, 0x25, 0x72, 0x7A, 0x25, 0x72, 0x7A, 0x26, 0x73, 0x7A, 0x26,
    0x73, 0x7A, 0x27, 0x73, 0x7A, 0x27, 0x73, 0x7A, 0x28, 0x74, 0x7A, 0x28, 0x74, 0x7A, 0x29, 0x74,
    0x7A, 0x29, 0x74, 0x7A, 0x2A, 0x75, 0x7A, 0x2A, 0x75, 0x7A, 0x2B, 0x75, 0x7A, 0x2B, 0x75, 0x7A,
    0x2C, 0x76, 0x7A, 0x2C, 0x76, 0x7A, 0x2D, 0x76, 0x7A, 0x2D, 0x76, 0x7A, 0x2E, 0x77, 0x7A, 0x2E,
    0x77, 0x7A, 0x2F, 0x77, 0x7A, 0x2F, 0x77, 0x7A, 0x30, 0x78, 0x7A, 0x30, 0x78, 0x7A, 0x31, 0x78,
    0x7A, 0x31, 0x78, 0x7A, 0x32, 0x78, 0x7A, 0x32, 0x79, 0x7A, 0x33, 0x79, 0x7A, 0x33, 0x79, 0x7A,
    0x34, 0x79, 0x7A, 0x34, 0x7A, 0x7A, 0x35, 0x7A, 0x7A, 0x35, 0x7A, 0x7A, 0x36, 0x7A, 0x7A, 0x36,
    0x7B, 0x7A, 0x37, 0x7B, 0x7A, 0x37, 0x7B, 0x7A, 0x38, 0x7B, 0x7A, 0x38, 0x7C, 0x7A, 0x39, 0x7C,
    0x7A, 0x39, 0x7C, 0x7A, 0x3A, 0x7C, 0x7A, 0x3A, 0x7D, 0x7A, 0x3B, 0x7D, 0x7A, 0x3B, 0x7D, 0x7A,
    0x3C, 0x7D, 0x7A, 0x3C, 0x7E, 0x7A, 0x3D, 0x7E, 0x7A, 0x3D, 0x7E, 0x7A, 0x3E, 0x7E, 0x7A, 0x3E,
    0x7E, 0x7A, 0x3F, 0x7F, 0x7A, 0x3F, 0x7F, 0x7A, 0x40, 0x7F, 0x7A, 0x40, 0x7F, 0x7A, 0x41, 0x80,
    0x7A, 0x41, 0x80, 0x7A, 0x42, 0x80, 0x7A, 0x42, 0x80, 0x7A, 0x43, 0x81, 0x7A, 0x43, 0x81, 0x7A,
    0x44, 0x81, 0x7A, 0x44, 0x81, 0x7A, 0x45, 0x82, 0x7A, 0x45, 0x82, 0x7A, 0x46, 0x82, 0x7A, 0x46,
    0x82, 0x7A, 0x47, 0x83, 0x7A, 0x47, 0x83, 0x7A, 0x48, 0x83, 0x7A, 0x48, 0x83, 0x7A, 0x49, 0x84,
    0x7A, 0x49, 0x84, 0x7A, 0x4A, 0x84, 0x7A, 0x4A, 0x84, 0x7A, 0x4B, 0x84, 0x7A, 0x4B, 0x85, 0x7A,
    0x4C, 0x85, 0x7A, 0x4C, 0x85, 0x7A, 0x4D, 0x85, 0x7A, 0x4D, 0x86, 0x7A, 0x4E, 0x86, 0x7A, 0x4E,
    0x86, 0x7A, 0x4F, 0x86, 0x7A, 0x4F, 0x87, 0x7A, 0x50, 0x87, 0x7A, 0x50, 0x87, 0x7A, 0x51, 0x87,
    0x7A, 0x51, 0x88, 0x7A, 0x52, 0x88, 0x7A, 0x52, 0x88, 0x7A, 0x53, 0x88, 0x7A, 0x53, 0x89, 0x7A,
    0x54, 0x89, 0x7A, 0x54, 0x89, 0x7A, 0x55, 0x89, 0x7A, 0x55, 0x8A, 0x7A, 0x56, 0x8A, 0x7A, 0x56,
    0x8A, 0x7A, 0x57, 0x8A, 0x7A, 0x57, 0x8A, 0x7A, 0x58, 0x8B, 0x7A, 0x58, 0x8B, 0x7A, 0x59, 0x8B,
    0x7A, 0x59, 0x8B, 0x7A, 0x5A, 0x8C, 0x7A, 0x5A, 0x8C, 0x7A, 0x5B, 0x8C, 0x7A, 0x5B, 0x8C, 0x7A,
    0x5C, 0x8D, 0x7A, 0x5C, 0x8D, 0x7A, 0x5D, 0x8D, 0x7A, 0x5D, 0x8D, 0x7A, 0x5E, 0x8E, 0x7A, 0x5E,
    0x8E, 0x7A, 0x5F, 0x8E, 0x7A, 0x5F, 0x8E, 0x7A, 0x60, 0x8F, 0x7A, 0x60, 0x8F, 0x7A, 0x61, 0x8F,
    0x7A, 0x61, 0x8F, 0x7A, 0x62, 0x90, 0x7A, 0x62, 0x90, 0x7A, 0x63, 0x90, 0x7A, 0x63, 0x90, 0x7A,
    0x64, 0x90, 0x7A, 0x64, 0x91, 0x7A, 0x65, 0x91, 0x7A, 0x65, 0x91, 0x7A, 0x66, 0x91, 0x7A, 0x66,
    0x92, 0x7A, 0x67, 0x92, 0x7A, 0x67, 0x92, 0x7A, 0x68, 0x92, 0x7A, 0x68, 0x93, 0x7A, 0x69, 0x93,
    0x7A, 0x69, 0x93, 0x7A, 0x6A, 0x93, 0x7A, 0x6A, 0x94, 0x7A, 0x6B, 0x94, 0x7A, 0x6B, 0x94, 0x7A,
    0x6C, 0x94, 0x7A, 0x6C, 0x95, 0x7A, 0x6D, 0x95, 0x7A, 0x6D, 0x95, 0x7A, 0x6E, 0x95, 0x7A, 0x6E,
    0x96, 0x7A, 0x6F, 0x96, 0x7A, 0x6F, 0x70, 0x7B, 0x20, 0x70, 0x7B, 0x20, 0x70, 0x7B, 0x21, 0x71,
    0x7B, 0x21, 0x71, 0x7B, 0x22, 0x71, 0x7B, 0x22, 0x71, 0x7B, 0x23, 0x72, 0x7B, 0x23, 0x72, 0x7B,
    0x24, 0x72, 0x7B, 0x24, 0x72, 0x7B, 0x25, 0x72, 0x7B, 0x25, 0x73, 0x7B, 0x26, 0x73, 0x7B, 0x26,
    0x73, 0x7B, 0x27, 0x73, 0x7B, 0x27, 0x74, 0x7B, 0x28, 0x74, 0x7B, 0x28, 0x74, 0x7B, 0x29, 0x74,
    0x7B, 0x29, 0x75, 0x7B, 0x2A, 0x75, 0x7B, 0x2A, 0x75, 0x7B, 0x2B, 0x75, 0x7B, 0x2B, 0x76, 0x7B,
    0x2C, 0x76, 0x7B, 0x2C, 0x76, 0x7B, 0x2D, 0x76, 0x7B, 0x2D, 0x77, 0x7B, 0x2E, 0x77, 0x7B, 0x2E,
    0x77, 0x7B, 0x2F, 0x77, 0x7B, 0x2F, 0x78, 0x7B, 0x30, 0x78, 0x7B, 0x30, 0x78, 0x7B, 0x31, 0x78,
    0x7B, 0x31, 0x78, 0x7B, 0x32, 0x79, 0x7B, 0x32, 0x79, 0x7B, 0x33, 0x79, 0x7B, 0x33, 0x79, 0x7B,
    0x34, 0x7A, 0x7B, 0x34, 0x7A, 0x7B, 0x35, 0x7A, 0x7B, 0x35, 0x7A, 0x7B, 0x36, 0x7B, 0x7B, 0x36,
    0x7B, 0x7B, 0x37, 0x7B, 0x7B, 0x37, 0x7B, 0x7B, 0x38, 0x7C, 0x7B, 0x38, 0x7C, 0x7B, 0x39, 0x7C,
    0x7B, 0x39, 0x7C, 0x7B, 0x3A, 0x7D, 0x7B, 0x3A, 0x7D, 0x7B, 0x3B, 0x7D, 0x7B, 0x3B, 0x7D, 0x7B,
    0x3C, 0x7E, 0x7B, 0x3C, 0x7E, 0x7B, 0x3D, 0x7E, 0x7B, 0x3D, 0x7E, 0x7B, 0x3E, 0x7E, 0x7B, 0x3E,
    0x7F, 0x7B, 0x3F, 0x7F, 0x7B, 0x3F, 0x7F, 0x7B, 0x40, 0x7F, 0x7B, 0x40, 0x80, 0x7B, 0x41, 0x80,
    0x7B, 0x41, 0x80, 0x7B, 0x42, 0x80, 0x7B, 0x42, 0x81, 0x7B, 0x43, 0x81, 0x7B, 0x43, 0x81, 0x7B,
    0x44, 0x81, 0x7B, 0x44, 0x82, 0x7B, 0x45, 0x82, 0x7B, 0x45, 0x82, 0x7B, 0x46, 0x82, 0x7B, 0x46,
    0x83, 0x7B, 0x47, 0x83, 0x7B, 0x47, 0x83, 0x7B, 0x48, 0x83, 0x7B, 0x48, 0x84, 0x7B, 0x49, 0x84,
    0x7B, 0x49, 0x84, 0x7B, 0x4A, 0x84, 0x7B, 0x4A, 0x84, 0x7B, 0x4B, 0x85, 0x7B, 0x4B, 0x85, 0x7B,
    0x4C, 0x85, 0x7B, 0x4C, 0x85, 0x7B, 0x4D, 0x86, 0x7B, 0x4D, 0x86, 0x7B, 0x4E, 0x86, 0x7B, 0x4E,
    0x86, 0x7B, 0x4F, 0x87, 0x7B, 0x4F, 0x87, 0x7B, 0x50, 0x87, 0x7B, 0x50, 0x87, 0x7B, 0x51, 0x88,
    0x7B, 0x51, 0x88, 0x7B, 0x52, 0x88, 0x7B, 0x52, 0x88, 0x7B, 0x53, 0x89, 0x7B, 0x53, 0x89, 0x7B,
    0x54, 0x89, 0x7B, 0x54, 0x89, 0x7B, 0x55, 0x8A, 0x7B, 0x55, 0x8A, 0x7B, 0x56, 0x8A, 0x7B, 0x56,
    0x8A, 0x7B, 0x57, 0x8A, 0x7B, 0x57, 0x8B, 0x7B, 0x58, 0x8B, 0x7B, 0x58, 0x8B, 0x7B, 0x59, 0x8B,
    0x7B, 0x59, 0x8C, 0x7B, 0x5A, 0x8C, 0x7B, 0x5A, 0x8C, 0x7B, 0x5B, 0x8C, 0x7B, 0x5B, 0x8D, 0x7B,
    0x5C, 0x8D, 0x7B, 0x5C, 0x8D, 0x7B, 0x5D, 0x8D, 0x7B, 0x5D, 0x8E, 0x7B, 0x5E, 0x8E, 0x7B, 0x5E,
    0x8E, 0x7B, 0x5F, 0x8E, 0x7B, 0x5F, 0x8F, 0x7B, 0x60, 0x8F, 0x7B, 0x60, 0x8F, 0x7B, 0x61, 0x8F,
    0x7B, 0x61, 0x90, 0x7B, 0x62, 0x90, 0x7B, 0x62, 0x90, 0x7B, 0x63, 0x90, 0x7B, 0x63, 0x90, 0x7B,
    0x64, 0x91, 0x7B, 0x64, 0x91, 0x7B, 0x65, 0x91, 0x7B, 0x65, 0x91, 0x7B, 0x66, 0x92, 0x7B, 0x66,
    0x92, 0x7B, 0x67, 0x92, 0x7B, 0x67, 0x92, 0x7B, 0x68, 0x93, 0x7B, 0x68, 0x93, 0x7B, 0x69, 0x93,
    0x7B, 0x69, 0x93, 0x7B, 0x6A, 0x94, 0x7B, 0x6A, 0x94, 0x7B, 0x6B, 0x94, 0x7B, 0x6B, 0x94, 0x7B,
    0x6C, 0x95, 0x7B, 0x6C, 0x95, 0x7B, 0x6D, 0x95, 0x7B, 0x6D, 0x95, 0x7B, 0x6E, 0x96, 0x7B, 0x6E,
    0x96, 0x7B, 0x6F, 0x96, 0x7B, 0x6F, 0x70, 0x7C, 0x20, 0x70, 0x7C, 0x20, 0x71, 0x7C, 0x21, 0x71,
    0x7C, 0x21, 0x71, 0x7C, 0x22, 0x71, 0x7C, 0x22, 0x72, 0x7C, 0x23, 0x72, 0x7C, 0x23, 0x72, 0x7C,
    0x24, 0x72, 0x7C, 0x24, 0x72, 0x7C, 0x25, 0x73, 0x7C, 0x25, 0x73, 0x7C, 0x26, 0x73, 0x7C, 0x26,
    0x73, 0x7C, 0x27, 0x74, 0x7C, 0x27, 0x74, 0x7C, 0x28, 0x74, 0x7C, 0x28, 0x74, 0x7C, 0x29, 0x75,
    0x7C, 0x29, 0x75, 0x7C, 0x2A, 0x75, 0x7C, 0x2A, 0x75, 0x7C, 0x2B, 0x76, 0x7C, 0x2B, 0x76, 0x7C,
    0x2C, 0x76, 0x7C, 0x2C, 0x76, 0x7C, 0x2D, 0x77, 0x7C, 0x2D, 0x77, 0x7C, 0x2E, 0x77, 0x7C, 0x2E,
    0x77, 0x7C, 0x2F, 0x78, 0x7C, 0x2F, 0x78, 0x7C, 0x30, 0x78, 0x7C, 0x30, 0x78, 0x7C, 0x31, 0x78,
    0x7C, 0x31, 0x79, 0x7C, 0x32, 0x79, 0x7C, 0x32, 0x79, 0x7C, 0x33, 0x79, 0x7C, 0x33, 0x7A, 0x7C,
    0x34, 0x7A, 0x7C, 0x34, 0x7A, 0x7C, 0x35, 0x7A, 0x7C, 0x35, 0x7B, 0x7C, 0x36, 0x7B, 0x7C, 0x36,
    0x7B, 0x7C, 0x37, 0x7B, 0x7C, 0x37, 0x7C, 0x7C, 0x38, 0x7C, 0x7C, 0x38, 0x7C, 0x7C, 0x39, 0x7C,
    0x7C, 0x39, 0x7D, 0x7C, 0x3A, 0x7D, 0x7C, 0x3A, 0x7D, 0x7C, 0x3B, 0x7D, 0x7C, 0x3B, 0x7E, 0x7C,
    0x3C, 0x7E, 0x7C, 0x3C, 0x7E, 0x7C, 0x3D, 0x7E, 0x7C, 0x3D, 0x7E, 0x7C, 0x3E, 0x7F, 0x7C, 0x3E,
    0x7F, 0x7C, 0x3F, 0x7F, 0x7C, 0x3F, 0x7F, 0x7C, 0x40, 0x80, 0x7C, 0x40, 0x80, 0x7C, 0x41, 0x80,
    0x7C, 0x41, 0x80, 0x7C, 0x42, 0x81, 0x7C, 0x42, 0x81, 0x7C, 0x43, 0x81, 0x7C, 0x43, 0x81, 0x7C,
    0x44, 0x82, 0x7C, 0x44, 0x82, 0x7C, 0x45, 0x82, 0x7C, 0x45, 0x82, 0x7C, 0x46, 0x83, 0x7C, 0x46,
    0x83, 0x7C, 0x47, 0x83, 0x7C, 0x47, 0x83, 0x7C, 0x48, 0x84, 0x7C, 0x48, 0x84, 0x7C, 0x49, 0x84,
    0x7C, 0x49, 0x84, 0x7C, 0x4A, 0x84, 0x7C, 0x4A, 0x85, 0x7C, 0x4B, 0x85, 0x7C, 0x4B, 0x85, 0x7C,
    0x4C, 0x85, 0x7C, 0x4C, 0x86, 0x7C, 0x4D, 0x86, 0x7C, 0x4D, 0x86, 0x7C, 0x4E, 0x86, 0x7C, 0x4E,
    0x87, 0x7C, 0x4F, 0x87, 0x7C, 0x4F, 0x87, 0x7C, 0x50, 0x87, 0x7C, 0x50, 0x88, 0x7C, 0x51, 0x88,
    0x7C, 0x51, 0x88, 0x7C, 0x52, 0x88, 0x7C, 0x52, 0x89, 0x7C, 0x53, 0x89, 0x7C, 0x53, 0x89, 0x7C,
    0x54, 0x89, 0x7C, 0x54, 0x8A, 0x7C, 0x55, 0x8A, 0x7C, 0x55, 0x8A, 0x7C, 0x56, 0x8A, 0x7C, 0x56,
    0x8A, 0x7C, 0x57, 0x8B, 0x7C, 0x57, 0x8B, 0x7C, 0x58, 0x8B, 0x7C, 0x58, 0x8B, 0x7C, 0x59, 0x8C,
    0x7C, 0x59, 0x8C, 0x7C, 0x5A, 0x8C, 0x7C, 0x5A, 0x8C, 0x7C, 0x5B, 0x8D, 0x7C, 0x5B, 0x8D, 0x7C,
    0x5C, 0x8D, 0x7C, 0x5C, 0x8D, 0x7C, 0x5D, 0x8E, 0x7C, 0x5D, 0x8E, 0x7C, 0x5E, 0x8E, 0x7C, 0x5E,
    0x8E, 0x7C, 0x5F, 0x8F, 0x7C, 0x5F, 0x8F, 0x7C, 0x60, 0x8F, 0x7C, 0x60, 0x8F, 0x7C, 0x61, 0x90,
    0x7C, 0x61, 0x90, 0x7C, 0x62, 0x90, 0x7C, 0x62, 0x90, 0x7C, 0x63, 0x90, 0x7C, 0x63, 0x91, 0x7C,
    0x64, 0x91, 0x7C, 0x64, 0x91, 0x7C, 0x65, 0x91, 0x7C, 0x65, 0x92, 0x7C, 0x66, 0x92, 0x7C, 0x66,
    0x92, 0x7C, 0x67, 0x92, 0x7C, 0x67, 0x93, 0x7C, 0x68, 0x93, 0x7C, 0x68, 0x93, 0x7C, 0x69, 0x93,
    0x7C, 0x69, 0x94, 0x7C, 0x6A, 0x94, 0x7C, 0x6A, 0x94, 0x7C, 0x6B, 0x94, 0x7C, 0x6B, 0x95, 0x7C,
    0x6C, 0x95, 0x7C, 0x6C, 0x95, 0x7C, 0x6D, 0x95, 0x7C, 0x6D, 0x96, 0x7C, 0x6E, 0x96, 0x7C, 0x6E,
    0x96, 0x7C, 0x6F, 0x96, 0x7C, 0x6F, 0x70, 0x7D, 0x20, 0x71, 0x7D, 0x20, 0x71, 0x7D, 0x21, 0x71,
    0x7D, 0x21, 0x71, 0x7D, 0x22, 0x72, 0x7D, 0x22, 0x72, 0x7D, 0x23, 0x72, 0x7D, 0x23, 0x72, 0x7D,
    0x24, 0x72, 0x7D, 0x24, 0x73, 0x7D, 0x25, 0x73, 0x7D, 0x25, 0x73, 0x7D, 0x26, 0x73, 0x7D, 0x26,
    0x74, 0x7D, 0x27, 0x74, 0x7D, 0x27, 0x74, 0x7D, 0x28, 0x74, 0x7D, 0x28, 0x75, 0x7D, 0x29, 0x75,
    0x7D, 0x29, 0x75, 0x7D, 0x2A, 0x75, 0x7D, 0x2A, 0x76, 0x7D, 0x2B, 0x76, 0x7D, 0x2B, 0x76, 0x7D,
    0x2C, 0x76, 0x7D, 0x2C, 0x77, 0x7D, 0x2D, 0x77, 0x7D, 0x2D, 0x77, 0x7D, 0x2E, 0x77, 0x7D, 0x2E,
    0x78, 0x7D, 0x2F, 0x78, 0x7D, 0x2F, 0x78, 0x7D, 0x30, 0x78, 0x7D, 0x30, 0x78, 0x7D, 0x31, 0x79,
    0x7D, 0x31, 0x79, 0x7D, 0x32, 0x79, 0x7D, 0x32, 0x79, 0x7D, 0x33, 0x7A, 0x7D, 0x33, 0x7A, 0x7D,
    0x34, 0x7A, 0x7D, 0x34, 0x7A, 0x7D, 0x35, 0x7B, 0x7D, 0x35, 0x7B, 0x7D, 0x36, 0x7B, 0x7D, 0x36,
    0x7B, 0x7D, 0x37, 0x7C, 0x7D, 0x37, 0x7C, 0x7D, 0x38, 0x7C, 0x7D, 0x38, 0x7C, 0x7D, 0x39, 0x7D,
    0x7D, 0x39, 0x7D, 0x7D, 0x3A, 0x7D, 0x7D, 0x3A, 0x7D, 0x7D, 0x3B, 0x7E, 0x7D, 0x3B, 0x7E, 0x7D,
    0x3C, 0x7E, 0x7D, 0x3C, 0x7E, 0x7D, 0x3D, 0x7E, 0x7D, 0x3D, 0x7F, 0x7D, 0x3E, 0x7F, 0x7D, 0x3E,
    0x7F, 0x7D, 0x3F, 0x7F, 0x7D, 0x3F, 0x80, 0x7D, 0x40, 0x80, 0x7D, 0x40, 0x80, 0x7D, 0x41, 0x80,
    0x7D, 0x41, 0x81, 0x7D, 0x42, 0x81, 0x7D, 0x42, 0x81, 0x7D, 0x43, 0x81, 0x7D, 0x43, 0x82, 0x7D,
    0x44, 0x82, 0x7D, 0x44, 0x82, 0x7D, 0x45, 0x82, 0x7D, 0x45, 0x83, 0x7D, 0x46, 0x83, 0x7D, 0x46,
    0x83, 0x7D, 0x47, 0x83, 0x7D, 0x47, 0x84, 0x7D, 0x48, 0x84, 0x7D, 0x48, 0x84, 0x7D, 0x49, 0x84,
    0x7D, 0x49, 0x84, 0x7D, 0x4A, 0x85, 0x7D, 0x4A, 0x85, 0x7D, 0x4B, 0x85, 0x7D, 0x4B, 0x85, 0x7D,
    0x4C, 0x86, 0x7D, 0x4C, 0x86, 0x7D, 0x4D, 0x86, 0x7D, 0x4D, 0x86, 0x7D, 0x4E, 0x87, 0x7D, 0x4E,
    0x87, 0x7D, 0x4F, 0x87, 0x7D, 0x4F, 0x87, 0x7D, 0x50, 0x88, 0x7D, 0x50, 0x88, 0x7D, 0x51, 0x88,
    0x7D, 0x51, 0x88, 0x7D, 0x52, 0x89, 0x7D, 0x52, 0x89, 0x7D, 0x53, 0x89, 0x7D, 0x53, 0x89, 0x7D,
    0x54, 0x8A, 0x7D, 0x54, 0x8A, 0x7D, 0x55, 0x8A, 0x7D, 0x55, 0x8A, 0x7D, 0x56, 0x8A, 0x7D, 0x56,
    0x8B, 0x7D, 0x57, 0x8B, 0x7D, 0x57, 0x8B, 0x7D, 0x58, 0x8B, 0x7D, 0x58, 0x8C, 0x7D, 0x59, 0x8C,
    0x7D, 0x59, 0x8C, 0x7D, 0x5A, 0x8C, 0x7D, 0x5A, 0x8D, 0x7D, 0x5B, 0x8D, 0x7D, 0x5B, 0x8D, 0x7D,
    0x5C, 0x8D, 0x7D, 0x5C, 0x8E, 0x7D, 0x5D, 0x8E, 0x7D, 0x5D, 0x8E, 0x7D, 0x5E, 0x8E, 0x7D, 0x5E,
    0x8F, 0x7D, 0x5F, 0x8F, 0x7D, 0x5F, 0x8F, 0x7D, 0x60, 0x8F, 0x7D, 0x60, 0x90, 0x7D, 0x61, 0x90,
    0x7D, 0x61, 0x90, 0x7D, 0x62, 0x90, 0x7D, 0x62, 0x90, 0x7D, 0x63, 0x91, 0x7D, 0x63, 0x91, 0x7D,
    0x64, 0x91, 0x7D, 0x64, 0x91, 0x7D, 0x65, 0x92, 0x7D, 0x65, 0x92, 0x7D, 0x66, 0x92, 0x7D, 0x66,
    0x92, 0x7D, 0x67, 0x93, 0x7D, 0x67, 0x93, 0x7D, 0x68, 0x93, 0x7D, 0x68, 0x93, 0x7D, 0x69, 0x94,
    0x7D, 0x69, 0x94, 0x7D, 0x6A, 0x94, 0x7D, 0x6A, 0x94, 0x7D, 0x6B, 0x95, 0x7D, 0x6B, 0x95, 0x7D,
    0x6C, 0x95, 0x7D, 0x6C, 0x95, 0x7D, 0x6D, 0x96, 0x7D, 0x6D, 0x96, 0x7D, 0x6E, 0x96, 0x7D, 0x6E,
    0x96, 0x7D, 0x6F, 0x96, 0x7D, 0x6F, 0x71, 0x7E, 0x20, 0x71, 0x7E, 0x20, 0x71, 0x7E, 0x21, 0x71,
    0x7E, 0x21, 0x72, 0x7E, 0x22, 0x72, 0x7E, 0x22, 0x72, 0x7E, 0x23, 0x72, 0x7E, 0x23, 0x72, 0x7E,
    0x24, 0x73, 0x7E, 0x24, 0x73, 0x7E, 0x25, 0x73, 0x7E, 0x25, 0x73, 0x7E, 0x26, 0x74, 0x7E, 0x26,
    0x74, 0x7E, 0x27, 0x74, 0x7E, 0x27, 0x74, 0x7E, 0x28, 0x75, 0x7E, 0x28, 0x75, 0x7E, 0x29, 0x75,
    0x7E, 0x29, 0x75, 0x7E, 0x2A, 0x76, 0x7E, 0x2A, 0x76, 0x7E, 0x2B, 0x76, 0x7E, 0x2B, 0x76, 0x7E,
    0x2C, 0x77, 0x7E, 0x2C, 0x77, 0x7E, 0x2D, 0x77, 0x7E, 0x2D, 0x77, 0x7E, 0x2E, 0x78, 0x7E, 0x2E,
    0x78, 0x7E, 0x2F, 0x78, 0x7E, 0x2F, 0x78, 0x7E, 0x30, 0x78, 0x7E, 0x30, 0x79, 0x7E, 0x31, 0x79,
    0x7E, 0x31, 0x79, 0x7E, 0x32, 0x79, 0x7E, 0x32, 0x7A, 0x7E, 0x33, 0x7A, 0x7E, 0x33, 0x7A, 0x7E,
    0x34, 0x7A, 0x7E, 0x34, 0x7B, 0x7E, 0x35, 0x7B, 0x7E, 0x35, 0x7B, 0x7E, 0x36, 0x7B, 0x7E, 0x36,
    0x7C, 0x7E, 0x37, 0x7C, 0x7E, 0x37, 0x7C, 0x7E, 0x38, 0x7C, 0x7E, 0x38, 0x7D, 0x7E, 0x39, 0x7D,
    0x7E, 0x39, 0x7D, 0x7E, 0x3A, 0x7D, 0x7E, 0x3A, 0x7E, 0x7E, 0x3B, 0x7E, 0x7E, 0x3B, 0x7E, 0x7E,
    0x3C, 0x7E, 0x7E, 0x3C, 0x7E, 0x7E, 0x3D, 0x7F, 0x7E, 0x3D, 0x7F, 0x7E, 0x3E, 0x7F, 0x7E, 0x3E,
    0x7F, 0x7E, 0x3F, 0x80, 0x7E, 0x3F, 0x80, 0x7E, 0x40, 0x80, 0x7E, 0x40, 0x80, 0x7E, 0x41, 0x81,
    0x7E, 0x41, 0x81, 0x7E, 0x42, 0x81, 0x7E, 0x42, 0x81, 0x7E, 0x43, 0x82, 0x7E, 0x43, 0x82, 0x7E,
    0x44, 0x82, 0x7E, 0x44, 0x82, 0x7E, 0x45, 0x83, 0x7E, 0x45, 0x83, 0x7E, 0x46, 0x83, 0x7E, 0x46,
    0x83, 0x7E, 0x47, 0x84, 0x7E, 0x47, 0x84, 0x7E, 0x48, 0x84, 0x7E, 0x48, 0x84, 0x7E, 0x49, 0x84,
    0x7E, 0x49, 0x85, 0x7E, 0x4A, 0x85, 0x7E, 0x4A, 0x85, 0x7E, 0x4B, 0x85, 0x7E, 0x4B, 0x86, 0x7E,
    0x4C, 0x86, 0x7E, 0x4C, 0x86, 0x7E, 0x4D, 0x86, 0x7E, 0x4D, 0x87, 0x7E, 0x4E, 0x87, 0x7E, 0x4E,
    0x87, 0x7E, 0x4F, 0x87, 0x7E, 0x4F, 0x88, 0x7E, 0x50, 0x88, 0x7E, 0x50, 0x88, 0x7E, 0x51, 0x88,
    0x7E, 0x51, 0x89, 0x7E, 0x52, 0x89, 0x7E, 0x52, 0x89, 0x7E, 0x53, 0x89, 0x7E, 0x53, 0x8A, 0x7E,
    0x54, 0x8A, 0x7E, 0x54, 0x8A, 0x7E, 0x55, 0x8A, 0x7E, 0x55, 0x8A, 0x7E, 0x56, 0x8B, 0x7E, 0x56,
    0x8B, 0x7E, 0x57, 0x8B, 0x7E, 0x57, 0x8B, 0x7E, 0x58, 0x8C, 0x7E, 0x58, 0x8C, 0x7E, 0x59, 0x8C,
    0x7E, 0x59, 0x8C, 0x7E, 0x5A, 0x8D, 0x7E, 0x5A, 0x8D, 0x7E, 0x5B, 0x8D, 0x7E, 0x5B, 0x8D, 0x7E,
    0x5C, 0x8E, 0x7E, 0x5C, 0x8E, 0x7E, 0x5D, 0x8E, 0x7E, 0x5D, 0x8E, 0x7E, 0x5E, 0x8F, 0x7E, 0x5E,
    0x8F, 0x7E, 0x5F, 0x8F, 0x7E, 0x5F, 0x8F, 0x7E, 0x60, 0x90, 0x7E, 0x60, 0x90, 0x7E, 0x61, 0x90,
    0x7E, 0x61, 0x90, 0x7E, 0x62, 0x90, 0x7E, 0x62, 0x91, 0x7E, 0x63, 0x91, 0x7E, 0x63, 0x91, 0x7E,
    0x64, 0x91, 0x7E, 0x64, 0x92, 0x7E, 0x65, 0x92, 0x7E, 0x65, 0x92, 0x7E, 0x66, 0x92, 0x7E, 0x66,
    0x93, 0x7E, 0x67, 0x93, 0x7E, 0x67, 0x93, 0x7E, 0x68, 0x93, 0x7E, 0x68, 0x94, 0x7E, 0x69, 0x94,
    0x7E, 0x69, 0x94, 0x7E, 0x6A, 0x94, 0x7E, 0x6A, 0x95, 0x7E, 0x6B, 0x95, 0x7E, 0x6B, 0x95, 0x7E,
    0x6C, 0x95, 0x7E, 0x6C, 0x96, 0x7E, 0x6D, 0x96, 0x7E, 0x6D, 0x96, 0x7E, 0x6E, 0x96, 0x7E, 0x6E,
    0x96, 0x7E, 0x6F, 0x97, 0x7E, 0x6F, 0x71, 0x80, 0x20, 0x71, 0x80, 0x20, 0x71, 0x80, 0x21, 0x72,
    0x80, 0x21, 0x72, 0x80, 0x22, 0x72, 0x80, 0x22, 0x72, 0x80, 0x23, 0x72, 0x80, 0x23, 0x73, 0x80,
    0x24, 0x73, 0x80, 0x24, 0x73, 0x80, 0x25, 0x73, 0x80, 0x25, 0x74, 0x80, 0x26, 0x74, 0x80, 0x26,
    0x74, 0x80, 0x27, 0x74, 0x80, 0x27, 0x75, 0x80, 0x28, 0x75, 0x80, 0x28, 0x75, 0x80, 0x29, 0x75,
    0x80, 0x29, 0x76, 0x80, 0x2A, 0x76, 0x80, 0x2A, 0x76, 0x80, 0x2B, 0x76, 0x80, 0x2B, 0x77, 0x80,
    0x2C, 0x77, 0x80, 0x2C, 0x77, 0x80, 0x2D, 0x77, 0x80, 0x2D, 0x78, 0x80, 0x2E, 0x78, 0x80, 0x2E,
    0x78, 0x80, 0x2F, 0x78, 0x80, 0x2F, 0x78, 0x80, 0x30, 0x79, 0x80, 0x30, 0x79, 0x80, 0x31, 0x79,
    0x80, 0x31, 0x79, 0x80, 0x32, 0x7A, 0x80, 0x32, 0x7A, 0x80, 0x33, 0x7A, 0x80, 0x33, 0x7A, 0x80,
    0x34, 0x7B, 0x80, 0x34, 0x7B, 0x80, 0x35, 0x7B, 0x80, 0x35, 0x7B, 0x80, 0x36, 0x7C, 0x80, 0x36,
    0x7C, 0x80, 0x37, 0x7C, 0x80, 0x37, 0x7C, 0x80, 0x38, 0x7D, 0x80, 0x38, 0x7D, 0x80, 0x39, 0x7D,
    0x80, 0x39, 0x7D, 0x80, 0x3A, 0x7E, 0x80, 0x3A, 0x7E, 0x80, 0x3B, 0x7E, 0x80, 0x3B, 0x7E, 0x80,
    0x3C, 0x7E, 0x80, 0x3C, 0x7F, 0x80, 0x3D, 0x7F, 0x80, 0x3D, 0x7F, 0x80, 0x3E, 0x7F, 0x80, 0x3E,
    0x80, 0x80, 0x3F, 0x80, 0x80, 0x3F, 0x80, 0x80, 0x40, 0x80, 0x80, 0x40, 0x81, 0x80, 0x41, 0x81,
    0x80, 0x41, 0x81, 0x80, 0x42, 0x81, 0x80, 0x42, 0x82, 0x80, 0x43, 0x82, 0x80, 0x43, 0x82, 0x80,
    0x44, 0x82, 0x80, 0x44, 0x83, 0x80, 0x45, 0x83, 0x80, 0x45, 0x83, 0x80, 0x46, 0x83, 0x80, 0x46,
    0x84, 0x80, 0x47, 0x84, 0x80, 0x47, 0x84, 0x80, 0x48, 0x84, 0x80, 0x48, 0x84, 0x80, 0x49, 0x85,
    0x80, 0x49, 0x85, 0x80, 0x4A, 0x85, 0x80, 0x4A, 0x85, 0x80, 0x4B, 0x86, 0x80, 0x4B, 0x86, 0x80,
    0x4C, 0x86, 0x80, 0x4C, 0x86, 0x80, 0x4D, 0x87, 0x80, 0x4D, 0x87, 0x80, 0x4E, 0x87, 0x80, 0x4E,
    0x87, 0x80, 0x4F, 0x88, 0x80, 0x4F, 0x88, 0x80, 0x50, 0x88, 0x80, 0x50, 0x88, 0x80, 0x51, 0x89,
    0x80, 0x51, 0x89, 0x80, 0x52, 0x89, 0x80, 0x52, 0x89, 0x80, 0x53, 0x8A, 0x80, 0x53, 0x8A, 0x80,
    0x54, 0x8A, 0x80, 0x54, 0x8A, 0x80, 0x55, 0x8A, 0x80, 0x55, 0x8B, 0x80, 0x56, 0x8B, 0x80, 0x56,
    0x8B, 0x80, 0x57, 0x8B, 0x80, 0x57, 0x8C, 0x80, 0x58, 0x8C, 0x80, 0x58, 0x8C, 0x80, 0x59, 0x8C,
    0x80, 0x59, 0x8D, 0x80, 0x5A, 0x8D, 0x80, 0x5A, 0x8D, 0x80, 0x5B, 0x8D, 0x80, 0x5B, 0x8E, 0x80,
    0x5C, 0x8E, 0x80, 0x5C, 0x8E, 0x80, 0x5D, 0x8E, 0x80, 0x5D, 0x8F, 0x80, 0x5E, 0x8F, 0x80, 0x5E,
    0x8F, 0x80, 0x5F, 0x8F, 0x80, 0x5F, 0x90, 0x80, 0x60, 0x90, 0x80, 0x60, 0x90, 0x80, 0x61, 0x90,
    0x80, 0x61, 0x90, 0x80, 0x62, 0x91, 0x80, 0x62, 0x91, 0x80, 0x63, 0x91, 0x80, 0x63, 0x91, 0x80,
    0x64, 0x92, 0x80, 0x64, 0x92, 0x80, 0x65, 0x92, 0x80, 0x65, 0x92, 0x80, 0x66, 0x93, 0x80, 0x66,
    0x93, 0x80, 0x67, 0x93, 0x80, 0x67, 0x93, 0x80, 0x68, 0x94, 0x80, 0x68, 0x94, 0x80, 0x69, 0x94,
    0x80, 0x69, 0x94, 0x80, 0x6A, 0x95, 0x80, 0x6A, 0x95, 0x80, 0x6B, 0x95, 0x80, 0x6B, 0x95, 0x80,
    0x6C, 0x96, 0x80, 0x6C, 0x96, 0x80, 0x6D, 0x96, 0x80, 0x6D, 0x96, 0x80, 0x6E, 0x96, 0x80, 0x6E,
    0x97, 0x80, 0x6F, 0x97, 0x80, 0x6F, 0x71, 0x81, 0x20, 0x71, 0x81, 0x20, 0x72, 0x81, 0x21, 0x72,
    0x81, 0x21, 0x72, 0x81, 0x22, 0x72, 0x81, 0x22, 0x72, 0x81, 0x23, 0x73, 0x81, 0x23, 0x73, 0x81,
    0x24, 0x73, 0x81, 0x24, 0x73, 0x81, 0x25, 0x74, 0x81, 0x25, 0x74, 0x81, 0x26, 0x74, 0x81, 0x26,
    0x74, 0x81, 0x27, 0x75, 0x81, 0x27, 0x75, 0x81, 0x28, 0x75, 0x81, 0x28, 0x75, 0x81, 0x29, 0x76,
    0x81, 0x29, 0x76, 0x81, 0x2A, 0x76, 0x81, 0x2A, 0x76, 0x81, 0x2B, 0x77, 0x81, 0x2B, 0x77, 0x81,
    0x2C, 0x77, 0x81, 0x2C, 0x77, 0x81, 0x2D, 0x78, 0x81, 0x2D, 0x78, 0x81, 0x2E, 0x78, 0x81, 0x2E,
    0x78, 0x81, 0x2F, 0x78, 0x81, 0x2F, 0x79, 0x81, 0x30, 0x79, 0x81, 0x30, 0x79, 0x81, 0x31, 0x79,
    0x81, 0x31, 0x7A, 0x81, 0x32, 0x7A, 0x81, 0x32, 0x7A, 0x81, 0x33, 0x7A, 0x81, 0x33, 0x7B, 0x81,
    0x34, 0x7B, 0x81, 0x34, 0x7B, 0x81, 0x35, 0x7B, 0x81, 0x35, 0x7C, 0x81, 0x36, 0x7C, 0x81, 0x36,
    0x7C, 0x81, 0x37, 0x7C, 0x81, 0x37, 0x7D, 0x81, 0x38, 0x7D, 0x81, 0x38, 0x7D, 0x81, 0x39, 0x7D,
    0x81, 0x39, 0x7E, 0x81, 0x3A, 0x7E, 0x81, 0x3A, 0x7E, 0x81, 0x3B, 0x7E, 0x81, 0x3B, 0x7E, 0x81,
    0x3C, 0x7F, 0x81, 0x3C, 0x7F, 0x81, 0x3D, 0x7F, 0x81, 0x3D, 0x7F, 0x81, 0x3E, 0x80, 0x81, 0x3E,
    0x80, 0x81, 0x3F, 0x80, 0x81, 0x3F, 0x80, 0x81, 0x40, 0x81, 0x81, 0x40, 0x81, 0x81, 0x41, 0x81,
    0x81, 0x41, 0x81, 0x81, 0x42, 0x82, 0x81, 0x42, 0x82, 0x81, 0x43, 0x82, 0x81, 0x43, 0x82, 0x81,
    0x44, 0x83, 0x81, 0x44, 0x83, 0x81, 0x45, 0x83, 0x81, 0x45, 0x83, 0x81, 0x46, 0x84, 0x81, 0x46,
    0x84, 0x81, 0x47, 0x84, 0x81, 0x47, 0x84, 0x81, 0x48, 0x84, 0x81, 0x48, 0x85, 0x81, 0x49, 0x85,
    0x81, 0x49, 0x85, 0x81, 0x4A, 0x85, 0x81, 0x4A, 0x86, 0x81, 0x4B, 0x86, 0x81, 0x4B, 0x86, 0x81,
    0x4C, 0x86, 0x81, 0x4C, 0x87, 0x81, 0x4D, 0x87, 0x81, 0x4D, 0x87, 0x81, 0x4E, 0x87, 0x81, 0x4E,
    0x88, 0x81, 0x4F, 0x88, 0x81, 0x4F, 0x88, 0x81, 0x50, 0x88, 0x81, 0x50, 0x89, 0x81, 0x51, 0x89,
    0x81, 0x51, 0x89, 0x81, 0x52, 0x89, 0x81, 0x52, 0x8A, 0x81, 0x53, 0x8A, 0x81, 0x53, 0x8A, 0x81,
    0x54, 0x8A, 0x81, 0x54, 0x8A, 0x81, 0x55, 0x8B, 0x81, 0x55, 0x8B, 0x81, 0x56, 0x8B, 0x81, 0x56,
    0x8B, 0x81, 0x57, 0x8C, 0x81, 0x57, 0x8C, 0x81, 0x58, 0x8C, 0x81, 0x58, 0x8C, 0x81, 0x59, 0x8D,
    0x81, 0x59, 0x8D, 0x81, 0x5A, 0x8D, 0x81, 0x5A, 0x8D, 0x81, 0x5B, 0x8E, 0x81, 0x5B, 0x8E, 0x81,
    0x5C, 0x8E, 0x81, 0x5C, 0x8E, 0x81, 0x5D, 0x8F, 0x81, 0x5D, 0x8F, 0x81, 0x5E, 0x8F, 0x81, 0x5E,
    0x8F, 0x81, 0x5F, 0x90, 0x81, 0x5F, 0x90, 0x81, 0x60, 0x90, 0x81, 0x60, 0x90, 0x81, 0x61, 0x90,
    0x81, 0x61, 0x91, 0x81, 0x62, 0x91, 0x81, 0x62, 0x91, 0x81, 0x63, 0x91, 0x81, 0x63, 0x92, 0x81,
    0x64, 0x92, 0x81, 0x64, 0x92, 0x81, 0x65, 0x92, 0x81, 0x65, 0x93, 0x81, 0x66, 0x93, 0x81, 0x66,
    0x93, 0x81, 0x67, 0x93, 0x81, 0x67, 0x94, 0x81, 0x68, 0x94, 0x81, 0x68, 0x94, 0x81, 0x69, 0x94,
    0x81, 0x69, 0x95, 0x81, 0x6A, 0x95, 0x81, 0x6A, 0x95, 0x81, 0x6B, 0x95, 0x81, 0x6B, 0x96, 0x81,
    0x6C, 0x96, 0x81, 0x6C, 0x96, 0x81, 0x6D, 0x96, 0x81, 0x6D, 0x96, 0x81, 0x6E, 0x97, 0x81, 0x6E,
    0x97, 0x81, 0x6F, 0x97, 0x81, 0x6F, 0x71, 0x82, 0x20, 0x72, 0x82, 0x20, 0x72, 0x82, 0x21, 0x72,
    0x82, 0x21, 0x72, 0x82, 0x22, 0x72, 0x82, 0x22, 0x73, 0x82, 0x23, 0x73, 0x82, 0x23, 0x73, 0x82,
    0x24, 0x73, 0x82, 0x24, 0x74, 0x82, 0x25, 0x74, 0x82, 0x25, 0x74, 0x82, 0x26, 0x74, 0x82, 0x26,
    0x75, 0x82, 0x27, 0x75, 0x82, 0x27, 0x75, 0x82, 0x28, 0x75, 0x82, 0x28, 0x76, 0x82, 0x29, 0x76,
    0x82, 0x29, 0x76, 0x82, 0x2A, 0x76, 0x82, 0x2A, 0x77, 0x82, 0x2B, 0x77, 0x82, 0x2B, 0x77, 0x82,
    0x2C, 0x77, 0x82, 0x2C, 0x78, 0x82, 0x2D, 0x78, 0x82, 0x2D, 0x78, 0x82, 0x2E, 0x78, 0x82, 0x2E,
    0x78, 0x82, 0x2F, 0x79, 0x82, 0x2F, 0x79, 0x82, 0x30, 0x79, 0x82, 0x30, 0x79, 0x82, 0x31, 0x7A,
    0x82, 0x31, 0x7A, 0x82, 0x32, 0x7A, 0x82, 0x32, 0x7A, 0x82, 0x33, 0x7B, 0x82, 0x33, 0x7B, 0x82,
    0x34, 0x7B, 0x82, 0x34, 0x7B, 0x82, 0x35, 0x7C, 0x82, 0x35, 0x7C, 0x82, 0x36, 0x7C, 0x82, 0x36,
    0x7C, 0x82, 0x37, 0x7D, 0x82, 0x37, 0x7D, 0x82, 0x38, 0x7D, 0x82, 0x38, 0x7D, 0x82, 0x39, 0x7E,
    0x82, 0x39, 0x7E, 0x82, 0x3A, 0x7E, 0x82, 0x3A, 0x7E, 0x82, 0x3B, 0x7E, 0x82, 0x3B, 0x7F, 0x82,
    0x3C, 0x7F, 0x82, 0x3C, 0x7F, 0x82, 0x3D, 0x7F, 0x82, 0x3D, 0x80, 0x82, 0x3E, 0x80, 0x82, 0x3E,
    0x80, 0x82, 0x3F, 0x80, 0x82, 0x3F, 0x81, 0x82, 0x40, 0x81, 0x82, 0x40, 0x81, 0x82, 0x41, 0x81,
    0x82, 0x41, 0x82, 0x82, 0x42, 0x82, 0x82, 0x42, 0x82, 0x82, 0x43, 0x82, 0x82, 0x43, 0x83, 0x82,
    0x44, 0x83, 0x82, 0x44, 0x83, 0x82, 0x45, 0x83, 0x82, 0x45, 0x84, 0x82, 0x46, 0x84, 0x82, 0x46,
    0x84, 0x82, 0x47, 0x84, 0x82, 0x47, 0x84, 0x82, 0x48, 0x85, 0x82, 0x48, 0x85, 0x82, 0x49, 0x85,
    0x82, 0x49, 0x85, 0x82, 0x4A, 0x86, 0x82, 0x4A, 0x86, 0x82, 0x4B, 0x86, 0x82, 0x4B, 0x86, 0x82,
    0x4C, 0x87, 0x82, 0x4C, 0x87, 0x82, 0x4D, 0x87, 0x82, 0x4D, 0x87, 0x82, 0x4E, 0x88, 0x82, 0x4E,
    0x88, 0x82, 0x4F, 0x88, 0x82, 0x4F, 0x88, 0x82, 0x50, 0x89, 0x82, 0x50, 0x89, 0x82, 0x51, 0x89,
    0x82, 0x51, 0x89, 0x82, 0x52, 0x8A, 0x82, 0x52, 0x8A, 0x82, 0x53, 0x8A, 0x82, 0x53, 0x8A, 0x82,
    0x54, 0x8A, 0x82, 0x54, 0x8B, 0x82, 0x55, 0x8B, 0x82, 0x55, 0x8B, 0x82, 0x56, 0x8B, 0x82, 0x56,
    0x8C, 0x82, 0x57, 0x8C, 0x82, 0x57, 0x8C, 0x82, 0x58, 0x8C, 0x82, 0x58, 0x8D, 0x82, 0x59, 0x8D,
    0x82, 0x59, 0x8D, 0x82, 0x5A, 0x8D, 0x82, 0x5A, 0x8E, 0x82, 0x5B, 0x8E, 0x82, 0x5B, 0x8E, 0x82,
    0x5C, 0x8E, 0x82, 0x5C, 0x8F, 0x82, 0x5D, 0x8F, 0x82, 0x5D, 0x8F, 0x82, 0x5E, 0x8F, 0x82, 0x5E,
    0x90, 0x82, 0x5F, 0x90, 0x82, 0x5F, 0x90, 0x82, 0x60, 0x90, 0x82, 0x60, 0x90, 0x82, 0x61, 0x91,
    0x82, 0x61, 0x91, 0x82, 0x62, 0x91, 0x82, 0x62, 0x91, 0x82, 0x63, 0x92, 0x82, 0x63, 0x92, 0x82,
    0x64, 0x92, 0x82, 0x64, 0x92, 0x82, 0x65, 0x93, 0x82, 0x65, 0x93, 0x82, 0x66, 0x93, 0x82, 0x66,
    0x93, 0x82, 0x67, 0x94, 0x82, 0x67, 0x94, 0x82, 0x68, 0x94, 0x82, 0x68, 0x94, 0x82, 0x69, 0x95,
    0x82, 0x69, 0x95, 0x82, 0x6A, 0x95, 0x82, 0x6A, 0x95, 0x82, 0x6B, 0x96, 0x82, 0x6B, 0x96, 0x82,
    0x6C, 0x96, 0x82, 0x6C, 0x96, 0x82, 0x6D, 0x96, 0x82, 0x6D, 0x97, 0x82, 0x6E, 0x97, 0x82, 0x6E,
    0x97, 0x82, 0x6F, 0x97, 0x82, 0x6F, 0x72, 0x83, 0x20, 0x72, 0x83, 0x20, 0x72, 0x83, 0x21, 0x72,
    0x83, 0x21, 0x72, 0x83, 0x22, 0x73, 0x83, 0x22, 0x73, 0x83, 0x23, 0x73, 0x83, 0x23, 0x73, 0x83,
    0x24, 0x74, 0x83, 0x24, 0x74, 0x83, 0x25, 0x74, 0x83, 0x25, 0x74, 0x83, 0x26, 0x75, 0x83, 0x26,
    0x75, 0x83, 0x27, 0x75, 0x83, 0x27, 0x75, 0x83, 0x28, 0x76, 0x83, 0x28, 0x76, 0x83, 0x29, 0x76,
    0x83, 0x29, 0x76, 0x83, 0x2A, 0x77, 0x83, 0x2A, 0x77, 0x83, 0x2B, 0x77, 0x83, 0x2B, 0x77, 0x83,
    0x2C, 0x78, 0x83, 0x2C, 0x78, 0x83, 0x2D, 0x78, 0x83, 0x2D, 0x78, 0x83, 0x2E, 0x78, 0x83, 0x2E,
    0x79, 0x83, 0x2F, 0x79, 0x83, 0x2F, 0x79, 0x83, 0x30, 0x79, 0x83, 0x30, 0x7A, 0x83, 0x31, 0x7A,
    0x83, 0x31, 0x7A, 0x83, 0x32, 0x7A, 0x83, 0x32, 0x7B, 0x83, 0x33, 0x7B, 0x83, 0x33, 0x7B, 0x83,
    0x34, 0x7B, 0x83, 0x34, 0x7C, 0x83, 0x35, 0x7C, 0x83, 0x35, 0x7C, 0x83, 0x36, 0x7C, 0x83, 0x36,
    0x7D, 0x83, 0x37, 0x7D, 0x83, 0x37, 0x7D, 0x83, 0x38, 0x7D, 0x83, 0x38, 0x7E, 0x83, 0x39, 0x7E,
    0x83, 0x39, 0x7E, 0x83, 0x3A, 0x7E, 0x83, 0x3A, 0x7E, 0x83, 0x3B, 0x7F, 0x83, 0x3B, 0x7F, 0x83,
    0x3C, 0x7F, 0x83, 0x3C, 0x7F, 0x83, 0x3D, 0x80, 0x83, 0x3D, 0x80, 0x83, 0x3E, 0x80, 0x83, 0x3E,
    0x80, 0x83, 0x3F, 0x81, 0x83, 0x3F, 0x81, 0x83, 0x40, 0x81, 0x83, 0x40, 0x81, 0x83, 0x41, 0x82,
    0x83, 0x41, 0x82, 0x83, 0x42, 0x82, 0x83, 0x42, 0x82, 0x83, 0x43, 0x83, 0x83, 0x43, 0x83, 0x83,
    0x44, 0x83, 0x83, 0x44, 0x83, 0x83, 0x45, 0x84, 0x83, 0x45, 0x84, 0x83, 0x46, 0x84, 0x83, 0x46,
    0x84, 0x83, 0x47, 0x84, 0x83, 0x47, 0x85, 0x83, 0x48, 0x85, 0x83, 0x48, 0x85, 0x83, 0x49, 0x85,
    0x83, 0x49, 0x86, 0x83, 0x4A, 0x86, 0x83, 0x4A, 0x86, 0x83, 0x4B, 0x86, 0x83, 0x4B, 0x87, 0x83,
    0x4C, 0x87, 0x83, 0x4C, 0x87, 0x83, 0x4D, 0x87, 0x83, 0x4D, 0x88, 0x83, 0x4E, 0x88, 0x83, 0x4E,
    0x88, 0x83, 0x4F, 0x88, 0x83, 0x4F, 0x89, 0x83, 0x50, 0x89, 0x83, 0x50, 0x89, 0x83, 0x51, 0x89,
    0x83, 0x51, 0x8A, 0x83, 0x52, 0x8A, 0x83, 0x52, 0x8A, 0x83, 0x53, 0x8A, 0x83, 0x53, 0x8A, 0x83,
    0x54, 0x8B, 0x83, 0x54, 0x8B, 0x83, 0x55, 0x8B, 0x83, 0x55, 0x8B, 0x83, 0x56, 0x8C, 0x83, 0x56,
    0x8C, 0x83, 0x57, 0x8C, 0x83, 0x57, 0x8C, 0x83, 0x58, 0x8D, 0x83, 0x58, 0x8D, 0x83, 0x59, 0x8D,
    0x83, 0x59, 0x8D, 0x83, 0x5A, 0x8E, 0x83, 0x5A, 0x8E, 0x83, 0x5B, 0x8E, 0x83, 0x5B, 0x8E, 0x83,
    0x5C, 0x8F, 0x83, 0x5C, 0x8F, 0x83, 0x5D, 0x8F, 0x83, 0x5D, 0x8F, 0x83, 0x5E, 0x90, 0x83, 0x5E,
    0x90, 0x83, 0x5F, 0x90, 0x83, 0x5F, 0x90, 0x83, 0x60, 0x90, 0x83, 0x60, 0x91, 0x83, 0x61, 0x91,
    0x83, 0x61, 0x91, 0x83, 0x62, 0x91, 0x83, 0x62, 0x92, 0x83, 0x63, 0x92, 0x83, 0x63, 0x92, 0x83,
    0x64, 0x92, 0x83, 0x64, 0x93, 0x83, 0x65, 0x93, 0x83, 0x65, 0x93, 0x83, 0x66, 0x93, 0x83, 0x66,
    0x94, 0x83, 0x67, 0x94, 0x83, 0x67, 0x94, 0x83, 0x68, 0x94, 0x83, 0x68, 0x95, 0x83, 0x69, 0x95,
    0x83, 0x69, 0x95, 0x83, 0x6A, 0x95, 0x83, 0x6A, 0x96, 0x83, 0x6B, 0x96, 0x83, 0x6B, 0x96, 0x83,
    0x6C, 0x96, 0x83, 0x6C, 0x96, 0x83, 0x6D, 0x97, 0x83, 0x6D, 0x97, 0x83, 0x6E, 0x97, 0x83, 0x6E,
    0x97, 0x83, 0x6F, 0x98, 0x83, 0x6F, 0x72, 0x84, 0x20, 0x72, 0x84, 0x20, 0x72, 0x84, 0x21, 0x72,
    0x84, 0x21, 0x73, 0x84, 0x22, 0x73, 0x84, 0x22, 0x73, 0x84, 0x23, 0x73, 0x84, 0x23, 0x74, 0x84,
    0x24, 0x74, 0x84, 0x24, 0x74, 0x84, 0x25, 0x74, 0x84, 0x25, 0x75, 0x84, 0x26, 0x75, 0x84, 0x26,
    0x75, 0x84, 0x27, 0x75, 0x84, 0x27, 0x76, 0x84, 0x28, 0x76, 0x84, 0x28, 0x76, 0x84, 0x29, 0x76,
    0x84, 0x29, 0x77, 0x84, 0x2A, 0x77, 0x84, 0x2A, 0x77, 0x84, 0x2B, 0x77, 0x84, 0x2B, 0x78, 0x84,
    0x2C, 0x78, 0x84, 0x2C, 0x78, 0x84, 0x2D, 0x78, 0x84, 0x2D, 0x78, 0x84, 0x2E, 0x79, 0x84, 0x2E,
    0x79, 0x84, 0x2F, 0x79, 0x84, 0x2F, 0x79, 0x84, 0x30, 0x7A, 0x84, 0x30, 0x7A, 0x84, 0x31, 0x7A,
    0x84, 0x31, 0x7A, 0x84, 0x32, 0x7B, 0x84, 0x32, 0x7B, 0x84, 0x33, 0x7B, 0x84, 0x33, 0x7B, 0x84,
    0x34, 0x7C, 0x84, 0x34, 0x7C, 0x84, 0x35, 0x7C, 0x84, 0x35, 0x7C, 0x84, 0x36, 0x7D, 0x84, 0x36,
    0x7D, 0x84, 0x37, 0x7D, 0x84, 0x37, 0x7D, 0x84, 0x38, 0x7E, 0x84, 0x38, 0x7E, 0x84, 0x39, 0x7E,
    0x84, 0x39, 0x7E, 0x84, 0x3A, 0x7E, 0x84, 0x3A, 0x7F, 0x84, 0x3B, 0x7F, 0x84, 0x3B, 0x7F, 0x84,
    0x3C, 0x7F, 0x84, 0x3C, 0x80, 0x84, 0x3D, 0x80, 0x84, 0x3D, 0x80, 0x84, 0x3E, 0x80, 0x84, 0x3E,
    0x81, 0x84, 0x3F, 0x81, 0x84, 0x3F, 0x81, 0x84, 0x40, 0x81, 0x84, 0x40, 0x82, 0x84, 0x41, 0x82,
    0x84, 0x41, 0x82, 0x84, 0x42, 0x82, 0x84, 0x42, 0x83, 0x84, 0x43, 0x83, 0x84, 0x43, 0x83, 0x84,
    0x44, 0x83, 0x84, 0x44, 0x84, 0x84, 0x45, 0x84, 0x84, 0x45, 0x84, 0x84, 0x46, 0x84, 0x84, 0x46,
    0x84, 0x84, 0x47, 0x85, 0x84, 0x47, 0x85, 0x84, 0x48, 0x85, 0x84, 0x48, 0x85, 0x84, 0x49, 0x86,
    0x84, 0x49, 0x86, 0x84, 0x4A, 0x86, 0x84, 0x4A, 0x86, 0x84, 0x4B, 0x87, 0x84, 0x4B, 0x87, 0x84,
    0x4C, 0x87, 0x84, 0x4C, 0x87, 0x84, 0x4D, 0x88, 0x84, 0x4D, 0x88, 0x84, 0x4E, 0x88, 0x84, 0x4E,
    0x88, 0x84, 0x4F, 0x89, 0x84, 0x4F, 0x89, 0x84, 0x50, 0x89, 0x84, 0x50, 0x89, 0x84, 0x51, 0x8A,
    0x84, 0x51, 0x8A, 0x84, 0x52, 0x8A, 0x84, 0x52, 0x8A, 0x84, 0x53, 0x8A, 0x84, 0x53, 0x8B, 0x84,
    0x54, 0x8B, 0x84, 0x54, 0x8B, 0x84, 0x55, 0x8B, 0x84, 0x55, 0x8C, 0x84, 0x56, 0x8C, 0x84, 0x56,
    0x8C, 0x84, 0x57, 0x8C, 0x84, 0x57, 0x8D, 0x84, 0x58, 0x8D, 0x84, 0x58, 0x8D, 0x84, 0x59, 0x8D,
    0x84, 0x59, 0x8E, 0x84, 0x5A, 0x8E, 0x84, 0x5A, 0x8E, 0x84, 0x5B, 0x8E, 0x84, 0x5B, 0x8F, 0x84,
    0x5C, 0x8F, 0x84, 0x5C, 0x8F, 0x84, 0x5D, 0x8F, 0x84, 0x5D, 0x90, 0x84, 0x5E, 0x90, 0x84, 0x5E,
    0x90, 0x84, 0x5F, 0x90, 0x84, 0x5F, 0x90, 0x84, 0x60, 0x91, 0x84, 0x60, 0x91, 0x84, 0x61, 0x91,
    0x84, 0x61, 0x91, 0x84, 0x62, 0x92, 0x84, 0x62, 0x92, 0x84, 0x63, 0x92, 0x84, 0x63, 0x92, 0x84,
    0x64, 0x93, 0x84, 0x64, 0x93, 0x84, 0x65, 0x93, 0x84, 0x65, 0x93, 0x84, 0x66, 0x94, 0x84, 0x66,
    0x94, 0x84, 0x67, 0x94, 0x84, 0x67, 0x94, 0x84, 0x68, 0x95, 0x84, 0x68, 0x95, 0x84, 0x69, 0x95,
    0x84, 0x69, 0x95, 0x84, 0x6A, 0x96, 0x84, 0x6A, 0x96, 0x84, 0x6B, 0x96, 0x84, 0x6B, 0x96, 0x84,
    0x6C, 0x96, 0x84, 0x6C, 0x97, 0x84, 0x6D, 0x97, 0x84, 0x6D, 0x97, 0x84, 0x6E, 0x97, 0x84, 0x6E,
    0x98, 0x84, 0x6F, 0x98, 0x84, 0x6F, 0x72, 0x85, 0x20, 0x72, 0x85, 0x20, 0x72, 0x85, 0x21, 0x73,
    0x85, 0x21, 0x73, 0x85, 0x22, 0x73, 0x85, 0x22, 0x73, 0x85, 0x23, 0x74, 0x85, 0x23, 0x74, 0x85,
    0x24, 0x74, 0x85, 0x24, 0x74, 0x85, 0x25, 0x75, 0x85, 0x25, 0x75, 0x85, 0x26, 0x75, 0x85, 0x26,
    0x75, 0x85, 0x27, 0x76, 0x85, 0x27, 0x76, 0x85, 0x28, 0x76, 0x85, 0x28, 0x76, 0x85, 0x29, 0x77,
    0x85, 0x29, 0x77, 0x85, 0x2A, 0x77, 0x85, 0x2A, 0x77, 0x85, 0x2B, 0x78, 0x85, 0x2B, 0x78, 0x85,
    0x2C, 0x78, 0x85, 0x2C, 0x78, 0x85, 0x2D, 0x78, 0x85, 0x2D, 0x79, 0x85, 0x2E, 0x79, 0x85, 0x2E,
    0x79, 0x85, 0x2F, 0x79, 0x85, 0x2F, 0x7A, 0x85, 0x30, 0x7A, 0x85, 0x30, 0x7A, 0x85, 0x31, 0x7A,
    0x85, 0x31, 0x7B, 0x85, 0x32, 0x7B, 0x85, 0x32, 0x7B, 0x85, 0x33, 0x7B, 0x85, 0x33, 0x7C, 0x85,
    0x34, 0x7C, 0x85, 0x34, 0x7C, 0x85, 0x35, 0x7C, 0x85, 0x35, 0x7D, 0x85, 0x36, 0x7D, 0x85, 0x36,
    0x7D, 0x85, 0x37, 0x7D, 0x85, 0x37, 0x7E, 0x85, 0x38, 0x7E, 0x85, 0x38, 0x7E, 0x85, 0x39, 0x7E,
    0x85, 0x39, 0x7E, 0x85, 0x3A, 0x7F, 0x85, 0x3A, 0x7F, 0x85, 0x3B, 0x7F, 0x85, 0x3B, 0x7F, 0x85,
    0x3C, 0x80, 0x85, 0x3C, 0x80, 0x85, 0x3D, 0x80, 0x85, 0x3D, 0x80, 0x85, 0x3E, 0x81, 0x85, 0x3E,
    0x81, 0x85, 0x3F, 0x81, 0x85, 0x3F, 0x81, 0x85, 0x40, 0x82, 0x85, 0x40, 0x82, 0x85, 0x41, 0x82,
    0x85, 0x41, 0x82, 0x85, 0x42, 0x83, 0x85, 0x42, 0x83, 0x85, 0x43, 0x83, 0x85, 0x43, 0x83, 0x85,
    0x44, 0x84, 0x85, 0x44, 0x84, 0x85, 0x45, 0x84, 0x85, 0x45, 0x84, 0x85, 0x46, 0x84, 0x85, 0x46,
    0x85, 0x85, 0x47, 0x85, 0x85, 0x47, 0x85, 0x85, 0x48, 0x85, 0x85, 0x48, 0x86, 0x85, 0x49, 0x86,
    0x85, 0x49, 0x86, 0x85, 0x4A, 0x86, 0x85, 0x4A, 0x87, 0x85, 0x4B, 0x87, 0x85, 0x4B, 0x87, 0x85,
    0x4C, 0x87, 0x85, 0x4C, 0x88, 0x85, 0x4D, 0x88, 0x85, 0x4D, 0x88, 0x85, 0x4E, 0x88, 0x85, 0x4E,
    0x89, 0x85, 0x4F, 0x89, 0x85, 0x4F, 0x89, 0x85, 0x50, 0x89, 0x85, 0x50, 0x8A, 0x85, 0x51, 0x8A,
    0x85, 0x51, 0x8A, 0x85, 0x52, 0x8A, 0x85, 0x52, 0x8A, 0x85, 0x53, 0x8B, 0x85, 0x53, 0x8B, 0x85,
    0x54, 0x8B, 0x85, 0x54, 0x8B, 0x85, 0x55, 0x8C, 0x85, 0x55, 0x8C, 0x85, 0x56, 0x8C, 0x85, 0x56,
    0x8C, 0x85, 0x57, 0x8D, 0x85, 0x57, 0x8D, 0x85, 0x58, 0x8D, 0x85, 0x58, 0x8D, 0x85, 0x59, 0x8E,
    0x85, 0x59, 0x8E, 0x85, 0x5A, 0x8E, 0x85, 0x5A, 0x8E, 0x85, 0x5B, 0x8F, 0x85, 0x5B, 0x8F, 0x85,
    0x5C, 0x8F, 0x85, 0x5C, 0x8F, 0x85, 0x5D, 0x90, 0x85, 0x5D, 0x90, 0x85, 0x5E, 0x90, 0x85, 0x5E,
    0x90, 0x85, 0x5F, 0x90, 0x85, 0x5F, 0x91, 0x85, 0x60, 0x91, 0x85, 0x60, 0x91, 0x85, 0x61, 0x91,
    0x85, 0x61, 0x92, 0x85, 0x62, 0x92, 0x85, 0x62, 0x92, 0x85, 0x63, 0x92, 0x85, 0x63, 0x93, 0x85,
    0x64, 0x93, 0x85, 0x64, 0x93, 0x85, 0x65, 0x93, 0x85, 0x65, 0x94, 0x85, 0x66, 0x94, 0x85, 0x66,
    0x94, 0x85, 0x67, 0x94, 0x85, 0x67, 0x95, 0x85, 0x68, 0x95, 0x85, 0x68, 0x95, 0x85, 0x69, 0x95,
    0x85, 0x69, 0x96, 0x85, 0x6A, 0x96, 0x85, 0x6A, 0x96, 0x85, 0x6B, 0x96, 0x85, 0x6B, 0x96, 0x85,
    0x6C, 0x97, 0x85, 0x6C, 0x97, 0x85, 0x6D, 0x97, 0x85, 0x6D, 0x97, 0x85, 0x6E, 0x98, 0x85, 0x6E,
    0x98, 0x85, 0x6F, 0x98, 0x85, 0x6F, 0x72, 0x86, 0x20, 0x72, 0x86, 0x20, 0x73, 0x86, 0x21, 0x73,
    0x86, 0x21, 0x73, 0x86, 0x22, 0x73, 0x86, 0x22, 0x74, 0x86, 0x23, 0x74, 0x86, 0x23, 0x74, 0x86,
    0x24, 0x74, 0x86, 0x24, 0x75, 0x86, 0x25, 0x75, 0x86, 0x25, 0x75, 0x86, 0x26, 0x75, 0x86, 0x26,
    0x76, 0x86, 0x27, 0x76, 0x86, 0x27, 0x76, 0x86, 0x28, 0x76, 0x86, 0x28, 0x77, 0x86, 0x29, 0x77,
    0x86, 0x29, 0x77, 0x86, 0x2A, 0x77, 0x86, 0x2A, 0x78, 0x86, 0x2B, 0x78, 0x86, 0x2B, 0x78, 0x86,
    0x2C, 0x78, 0x86, 0x2C, 0x78, 0x86, 0x2D, 0x79, 0x86, 0x2D, 0x79, 0x86, 0x2E, 0x79, 0x86, 0x2E,
    0x79, 0x86, 0x2F, 0x7A, 0x86, 0x2F, 0x7A, 0x86, 0x30, 0x7A, 0x86, 0x30, 0x7A, 0x86, 0x31, 0x7B,
    0x86, 0x31, 0x7B, 0x86, 0x32, 0x7B, 0x86, 0x32, 0x7B, 0x86, 0x33, 0x7C, 0x86, 0x33, 0x7C, 0x86,
    0x34, 0x7C, 0x86, 0x34, 0x7C, 0x86, 0x35, 0x7D, 0x86, 0x35, 0x7D, 0x86, 0x36, 0x7D, 0x86, 0x36,
    0x7D, 0x86, 0x37, 0x7E, 0x86, 0x37, 0x7E, 0x86, 0x38, 0x7E, 0x86, 0x38, 0x7E, 0x86, 0x39, 0x7E,
    0x86, 0x39, 0x7F, 0x86, 0x3A, 0x7F, 0x86, 0x3A, 0x7F, 0x86, 0x3B, 0x7F, 0x86, 0x3B, 0x80, 0x86,
    0x3C, 0x80, 0x86, 0x3C, 0x80, 0x86, 0x3D, 0x80, 0x86, 0x3D, 0x81, 0x86, 0x3E, 0x81, 0x86, 0x3E,
    0x81, 0x86, 0x3F, 0x81, 0x86, 0x3F, 0x82, 0x86, 0x40, 0x82, 0x86, 0x40, 0x82, 0x86, 0x41, 0x82,
    0x86, 0x41, 0x83, 0x86, 0x42, 0x83, 0x86, 0x42, 0x83, 0x86, 0x43, 0x83, 0x86, 0x43, 0x84, 0x86,
    0x44, 0x84, 0x86, 0x44, 0x84, 0x86, 0x45, 0x84, 0x86, 0x45, 0x84, 0x86, 0x46, 0x85, 0x86, 0x46,
    0x85, 0x86, 0x47, 0x85, 0x86, 0x47, 0x85, 0x86, 0x48, 0x86, 0x86, 0x48, 0x86, 0x86, 0x49, 0x86,
    0x86, 0x49, 0x86, 0x86, 0x4A, 0x87, 0x86, 0x4A, 0x87, 0x86, 0x4B, 0x87, 0x86, 0x4B, 0x87, 0x86,
    0x4C, 0x88, 0x86, 0x4C, 0x88, 0x86, 0x4D, 0x88, 0x86, 0x4D, 0x88, 0x86, 0x4E, 0x89, 0x86, 0x4E,
    0x89, 0x86, 0x4F, 0x89, 0x86, 0x4F, 0x89, 0x86, 0x50, 0x8A, 0x86, 0x50, 0x8A, 0x86, 0x51, 0x8A,
    0x86, 0x51, 0x8A, 0x86, 0x52, 0x8A, 0x86, 0x52, 0x8B, 0x86, 0x53, 0x8B, 0x86, 0x53, 0x8B, 0x86,
    0x54, 0x8B, 0x86, 0x54, 0x8C, 0x86, 0x55, 0x8C, 0x86, 0x55, 0x8C, 0x86, 0x56, 0x8C, 0x86, 0x56,
    0x8D, 0x86, 0x57, 0x8D, 0x86, 0x57, 0x8D, 0x86, 0x58, 0x8D, 0x86, 0x58, 0x8E, 0x86, 0x59, 0x8E,
    0x86, 0x59, 0x8E, 0x86, 0x5A, 0x8E, 0x86, 0x5A, 0x8F, 0x86, 0x5B, 0x8F, 0x86, 0x5B, 0x8F, 0x86,
    0x5C, 0x8F, 0x86, 0x5C, 0x90, 0x86, 0x5D, 0x90, 0x86, 0x5D, 0x90, 0x86, 0x5E, 0x90, 0x86, 0x5E,
    0x90, 0x86, 0x5F, 0x91, 0x86, 0x5F, 0x91, 0x86, 0x60, 0x91, 0x86, 0x60, 0x91, 0x86, 0x61, 0x92,
    0x86, 0x61, 0x92, 0x86, 0x62, 0x92, 0x86, 0x62, 0x92, 0x86, 0x63, 0x93, 0x86, 0x63, 0x93, 0x86,
    0x64, 0x93, 0x86, 0x64, 0x93, 0x86, 0x65, 0x94, 0x86, 0x65, 0x94, 0x86, 0x66, 0x94, 0x86, 0x66,
    0x94, 0x86, 0x67, 0x95, 0x86, 0x67, 0x95, 0x86, 0x68, 0x95, 0x86, 0x68, 0x95, 0x86, 0x69, 0x96,
    0x86, 0x69, 0x96, 0x86, 0x6A, 0x96, 0x86, 0x6A, 0x96, 0x86, 0x6B, 0x96, 0x86, 0x6B, 0x97, 0x86,
    0x6C, 0x97, 0x86, 0x6C, 0x97, 0x86, 0x6D, 0x97, 0x86, 0x6D, 0x98, 0x86, 0x6E, 0x98, 0x86, 0x6E,
    0x98, 0x86, 0x6F, 0x98, 0x86, 0x6F, 0x72, 0x87, 0x20, 0x73, 0x87, 0x20, 0x73, 0x87, 0x21, 0x73,
    0x87, 0x21, 0x73, 0x87, 0x22, 0x74, 0x87, 0x22, 0x74, 0x87, 0x23, 0x74, 0x87, 0x23, 0x74, 0x87,
    0x24, 0x75, 0x87, 0x24, 0x75, 0x87, 0x25, 0x75, 0x87, 0x25, 0x75, 0x87, 0x26, 0x76, 0x87, 0x26,
    0x76, 0x87, 0x27, 0x76, 0x87, 0x27, 0x76, 0x87, 0x28, 0x77, 0x87, 0x28, 0x77, 0x87, 0x29, 0x77,
    0x87, 0x29, 0x77, 0x87, 0x2A, 0x78, 0x87, 0x2A, 0x78, 0x87, 0x2B, 0x78, 0x87, 0x2B, 0x78, 0x87,
    0x2C, 0x78, 0x87, 0x2C, 0x79, 0x87, 0x2D, 0x79, 0x87, 0x2D, 0x79, 0x87, 0x2E, 0x79, 0x87, 0x2E,
    0x7A, 0x87, 0x2F, 0x7A, 0x87, 0x2F, 0x7A, 0x87, 0x30, 0x7A, 0x87, 0x30, 0x7B, 0x87, 0x31, 0x7B,
    0x87, 0x31, 0x7B, 0x87, 0x32, 0x7B, 0x87, 0x32, 0x7C, 0x87, 0x33, 0x7C, 0x87, 0x33, 0x7C, 0x87,
    0x34, 0x7C, 0x87, 0x34, 0x7D, 0x87, 0x35, 0x7D, 0x87, 0x35, 0x7D, 0x87, 0x36, 0x7D, 0x87, 0x36,
    0x7E, 0x87, 0x37, 0x7E, 0x87, 0x37, 0x7E, 0x87, 0x38, 0x7E, 0x87, 0x38, 0x7E, 0x87, 0x39, 0x7F,
    0x87, 0x39, 0x7F, 0x87, 0x3A, 0x7F, 0x87, 0x3A, 0x7F, 0x87, 0x3B, 0x80, 0x87, 0x3B, 0x80, 0x87,
    0x3C, 0x80, 0x87, 0x3C, 0x80, 0x87, 0x3D, 0x81, 0x87, 0x3D, 0x81, 0x87, 0x3E, 0x81, 0x87, 0x3E,
    0x81, 0x87, 0x3F, 0x82, 0x87, 0x3F, 0x82, 0x87, 0x40, 0x82, 0x87, 0x40, 0x82, 0x87, 0x41, 0x83,
    0x87, 0x41, 0x83, 0x87, 0x42, 0x83, 0x87, 0x42, 0x83, 0x87, 0x43, 0x84, 0x87, 0x43, 0x84, 0x87,
    0x44, 0x84, 0x87, 0x44, 0x84, 0x87, 0x45, 0x84, 0x87, 0x45, 0x85, 0x87, 0x46, 0x85, 0x87, 0x46,
    0x85, 0x87, 0x47, 0x85, 0x87, 0x47, 0x86, 0x87, 0x48, 0x86, 0x87, 0x48, 0x86, 0x87, 0x49, 0x86,
    0x87, 0x49, 0x87, 0x87, 0x4A, 0x87, 0x87, 0x4A, 0x87, 0x87, 0x4B, 0x87, 0x87, 0x4B, 0x88, 0x87,
    0x4C, 0x88, 0x87, 0x4C, 0x88, 0x87, 0x4D, 0x88, 0x87, 0x4D, 0x89, 0x87, 0x4E, 0x89, 0x87, 0x4E,
    0x89, 0x87, 0x4F, 0x89, 0x87, 0x4F, 0x8A, 0x87, 0x50, 0x8A, 0x87, 0x50, 0x8A, 0x87, 0x51, 0x8A,
    0x87, 0x51, 0x8A, 0x87, 0x52, 0x8B, 0x87, 0x52, 0x8B, 0x87, 0x53, 0x8B, 0x87, 0x53, 0x8B, 0x87,
    0x54, 0x8C, 0x87, 0x54, 0x8C, 0x87, 0x55, 0x8C, 0x87, 0x55, 0x8C, 0x87, 0x56, 0x8D, 0x87, 0x56,
    0x8D, 0x87, 0x57, 0x8D, 0x87, 0x57, 0x8D, 0x87, 0x58, 0x8E, 0x87, 0x58, 0x8E, 0x87, 0x59, 0x8E,
    0x87, 0x59, 0x8E, 0x87, 0x5A, 0x8F, 0x87, 0x5A, 0x8F, 0x87, 0x5B, 0x8F, 0x87, 0x5B, 0x8F, 0x87,
    0x5C, 0x90, 0x87, 0x5C, 0x90, 0x87, 0x5D, 0x90, 0x87, 0x5D, 0x90, 0x87, 0x5E, 0x90, 0x87, 0x5E,
    0x91, 0x87, 0x5F, 0x91, 0x87, 0x5F, 0x91, 0x87, 0x60, 0x91, 0x87, 0x60, 0x92, 0x87, 0x61, 0x92,
    0x87, 0x61, 0x92, 0x87, 0x62, 0x92, 0x87, 0x62, 0x93, 0x87, 0x63, 0x93, 0x87, 0x63, 0x93, 0x87,
    0x64, 0x93, 0x87, 0x64, 0x94, 0x87, 0x65, 0x94, 0x87, 0x65, 0x94, 0x87, 0x66, 0x94, 0x87, 0x66,
    0x95, 0x87, 0x67, 0x95, 0x87, 0x67, 0x95, 0x87, 0x68, 0x95, 0x87, 0x68, 0x96, 0x87, 0x69, 0x96,
    0x87, 0x69, 0x96, 0x87, 0x6A, 0x96, 0x87, 0x6A, 0x96, 0x87, 0x6B, 0x97, 0x87, 0x6B, 0x97, 0x87,
    0x6C, 0x97, 0x87, 0x6C, 0x97, 0x87, 0x6D, 0x98, 0x87, 0x6D, 0x98, 0x87, 0x6E, 0x98, 0x87, 0x6E,
    0x98, 0x87, 0x6F, 0x99, 0x87, 0x6F, 0x73, 0x88, 0x20, 0x73, 0x88, 0x20, 0x73, 0x88, 0x21, 0x73,
    0x88, 0x21, 0x74, 0x88, 0x22, 0x74, 0x88, 0x22, 0x74, 0x88, 0x23, 0x74, 0x88, 0x23, 0x75, 0x88,
    0x24, 0x75, 0x88, 0x24, 0x75, 0x88, 0x25, 0x75, 0x88, 0x25, 0x76, 0x88, 0x26, 0x76, 0x88, 0x26,
    0x76, 0x88, 0x27, 0x76, 0x88, 0x27, 0x77, 0x88, 0x28, 0x77, 0x88, 0x28, 0x77, 0x88, 0x29, 0x77,
    0x88, 0x29, 0x78, 0x88, 0x2A, 0x78, 0x88, 0x2A, 0x78, 0x88, 0x2B, 0x78, 0x88, 0x2B, 0x78, 0x88,
    0x2C, 0x79, 0x88, 0x2C, 0x79, 0x88, 0x2D, 0x79, 0x88, 0x2D, 0x79, 0x88, 0x2E, 0x7A, 0x88, 0x2E,
    0x7A, 0x88, 0x2F, 0x7A, 0x88, 0x2F, 0x7A, 0x88, 0x30, 0x7B, 0x88, 0x30, 0x7B, 0x88, 0x31, 0x7B,
    0x88, 0x31, 0x7B, 0x88, 0x32, 0x7C, 0x88, 0x32, 0x7C, 0x88, 0x33, 0x7C, 0x88, 0x33, 0x7C, 0x88,
    0x34, 0x7D, 0x88, 0x34, 0x7D, 0x88, 0x35, 0x7D, 0x88, 0x35, 0x7D, 0x88, 0x36, 0x7E, 0x88, 0x36,
    0x7E, 0x88, 0x37, 0x7E, 0x88, 0x37, 0x7E, 0x88, 0x38, 0x7E, 0x88, 0x38, 0x7F, 0x88, 0x39, 0x7F,
    0x88, 0x39, 0x7F, 0x88, 0x3A, 0x7F, 0x88, 0x3A, 0x80, 0x88, 0x3B, 0x80, 0x88, 0x3B, 0x80, 0x88,
    0x3C, 0x80, 0x88, 0x3C, 0x81, 0x88, 0x3D, 0x81, 0x88, 0x3D, 0x81, 0x88, 0x3E, 0x81, 0x88, 0x3E,
    0x82, 0x88, 0x3F, 0x82, 0x88, 0x3F, 0x82, 0x88, 0x40, 0x82, 0x88, 0x40, 0x83, 0x88, 0x41, 0x83,
    0x88, 0x41, 0x83, 0x88, 0x42, 0x83, 0x88, 0x42, 0x84, 0x88, 0x43, 0x84, 0x88, 0x43, 0x84, 0x88,
    0x44, 0x84, 0x88, 0x44, 0x84, 0x88, 0x45, 0x85, 0x88, 0x45, 0x85, 0x88, 0x46, 0x85, 0x88, 0x46,
    0x85, 0x88, 0x47, 0x86, 0x88, 0x47, 0x86, 0x88, 0x48, 0x86, 0x88, 0x48, 0x86, 0x88, 0x49, 0x87,
    0x88, 0x49, 0x87, 0x88, 0x4A, 0x87, 0x88, 0x4A, 0x87, 0x88, 0x4B, 0x88, 0x88, 0x4B, 0x88, 0x88,
    0x4C, 0x88, 0x88, 0x4C, 0x88, 0x88, 0x4D, 0x89, 0x88, 0x4D, 0x89, 0x88, 0x4E, 0x89, 0x88, 0x4E,
    0x89, 0x88, 0x4F, 0x8A, 0x88, 0x4F, 0x8A, 0x88, 0x50, 0x8A, 0x88, 0x50, 0x8A, 0x88, 0x51, 0x8A,
    0x88, 0x51, 0x8B, 0x88, 0x52, 0x8B, 0x88, 0x52, 0x8B, 0x88, 0x53, 0x8B, 0x88, 0x53, 0x8C, 0x88,
    0x54, 0x8C, 0x88, 0x54, 0x8C, 0x88, 0x55, 0x8C, 0x88, 0x55, 0x8D, 0x88, 0x56, 0x8D, 0x88, 0x56,
    0x8D, 0x88, 0x57, 0x8D, 0x88, 0x57, 0x8E, 0x88, 0x58, 0x8E, 0x88, 0x58, 0x8E, 0x88, 0x59, 0x8E,
    0x88, 0x59, 0x8F, 0x88, 0x5A, 0x8F, 0x88, 0x5A, 0x8F, 0x88, 0x5B, 0x8F, 0x88, 0x5B, 0x90, 0x88,
    0x5C, 0x90, 0x88, 0x5C, 0x90, 0x88, 0x5D, 0x90, 0x88, 0x5D, 0x90, 0x88, 0x5E, 0x91, 0x88, 0x5E,
    0x91, 0x88, 0x5F, 0x91, 0x88, 0x5F, 0x91, 0x88, 0x60, 0x92, 0x88, 0x60, 0x92, 0x88, 0x61, 0x92,
    0x88, 0x61, 0x92, 0x88, 0x62, 0x93, 0x88, 0x62, 0x93, 0x88, 0x63, 0x93, 0x88, 0x63, 0x93, 0x88,
    0x64, 0x94, 0x88, 0x64, 0x94, 0x88, 0x65, 0x94, 0x88, 0x65, 0x94, 0x88, 0x66, 0x95, 0x88, 0x66,
    0x95, 0x88, 0x67, 0x95, 0x88, 0x67, 0x95, 0x88, 0x68, 0x96, 0x88, 0x68, 0x96, 0x88, 0x69, 0x96,
    0x88, 0x69, 0x96, 0x88, 0x6A, 0x96, 0x88, 0x6A, 0x97, 0x88, 0x6B, 0x97, 0x88, 0x6B, 0x97, 0x88,
    0x6C, 0x97, 0x88, 0x6C, 0x98, 0x88, 0x6D, 0x98, 0x88, 0x6D, 0x98, 0x88, 0x6E, 0x98, 0x88, 0x6E,
    0x99, 0x88, 0x6F, 0x99, 0x88, 0x6F, 0x73, 0x8A, 0x20, 0x73, 0x8A, 0x20, 0x73, 0x8A, 0x21, 0x74,
    0x8A, 0x21, 0x74, 0x8A, 0x22, 0x74, 0x8A, 0x22, 0x74, 0x8A, 0x23, 0x75, 0x8A, 0x23, 0x75, 0x8A,
    0x24, 0x75, 0x8A, 0x24, 0x75, 0x8A, 0x25, 0x76, 0x8A, 0x25, 0x76, 0x8A, 0x26, 0x76, 0x8A, 0x26,
    0x76, 0x8A, 0x27, 0x77, 0x8A, 0x27, 0x77, 0x8A, 0x28, 0x77, 0x8A, 0x28, 0x77, 0x8A, 0x29, 0x78,
    0x8A, 0x29, 0x78, 0x8A, 0x2A, 0x78, 0x8A, 0x2A, 0x78, 0x8A, 0x2B, 0x78, 0x8A, 0x2B, 0x79, 0x8A,
    0x2C, 0x79, 0x8A, 0x2C, 0x79, 0x8A, 0x2D, 0x79, 0x8A, 0x2D, 0x7A, 0x8A, 0x2E, 0x7A, 0x8A, 0x2E,
    0x7A, 0x8A, 0x2F, 0x7A, 0x8A, 0x2F, 0x7B, 0x8A, 0x30, 0x7B, 0x8A, 0x30, 0x7B, 0x8A, 0x31, 0x7B,
    0x8A, 0x31, 0x7C, 0x8A, 0x32, 0x7C, 0x8A, 0x32, 0x7C, 0x8A, 0x33, 0x7C, 0x8A, 0x33, 0x7D, 0x8A,
    0x34, 0x7D, 0x8A, 0x34, 0x7D, 0x8A, 0x35, 0x7D, 0x8A, 0x35, 0x7E, 0x8A, 0x36, 0x7E, 0x8A, 0x36,
    0x7E, 0x8A, 0x37, 0x7E, 0x8A, 0x37, 0x7E, 0x8A, 0x38, 0x7F, 0x8A, 0x38, 0x7F, 0x8A, 0x39, 0x7F,
    0x8A, 0x39, 0x7F, 0x8A, 0x3A, 0x80, 0x8A, 0x3A, 0x80, 0x8A, 0x3B, 0x80, 0x8A, 0x3B, 0x80, 0x8A,
    0x3C, 0x81, 0x8A, 0x3C, 0x81, 0x8A, 0x3D, 0x81, 0x8A, 0x3D, 0x81, 0x8A, 0x3E, 0x82, 0x8A, 0x3E,
    0x82, 0x8A, 0x3F, 0x82, 0x8A, 0x3F, 0x82, 0x8A, 0x40, 0x83, 0x8A, 0x40, 0x83, 0x8A, 0x41, 0x83,
    0x8A, 0x41, 0x83, 0x8A, 0x42, 0x84, 0x8A, 0x42, 0x84, 0x8A, 0x43, 0x84, 0x8A, 0x43, 0x84, 0x8A,
    0x44, 0x84, 0x8A, 0x44, 0x85, 0x8A, 0x45, 0x85, 0x8A, 0x45, 0x85, 0x8A, 0x46, 0x85, 0x8A, 0x46,
    0x86, 0x8A, 0x47, 0x86, 0x8A, 0x47, 0x86, 0x8A, 0x48, 0x86, 0x8A, 0x48, 0x87, 0x8A, 0x49, 0x87,
    0x8A, 0x49, 0x87, 0x8A, 0x4A, 0x87, 0x8A, 0x4A, 0x88, 0x8A, 0x4B, 0x88, 0x8A, 0x4B, 0x88, 0x8A,
    0x4C, 0x88, 0x8A, 0x4C, 0x89, 0x8A, 0x4D, 0x89, 0x8A, 0x4D, 0x89, 0x8A, 0x4E, 0x89, 0x8A, 0x4E,
    0x8A, 0x8A, 0x4F, 0x8A, 0x8A, 0x4F, 0x8A, 0x8A, 0x50, 0x8A, 0x8A, 0x50, 0x8A, 0x8A, 0x51, 0x8B,
    0x8A, 0x51, 0x8B, 0x8A, 0x52, 0x8B, 0x8A, 0x52, 0x8B, 0x8A, 0x53, 0x8C, 0x8A, 0x53, 0x8C, 0x8A,
    0x54, 0x8C, 0x8A, 0x54, 0x8C, 0x8A, 0x55, 0x8D, 0x8A, 0x55, 0x8D, 0x8A, 0x56, 0x8D, 0x8A, 0x56,
    0x8D, 0x8A, 0x57, 0x8E, 0x8A, 0x57, 0x8E, 0x8A, 0x58, 0x8E, 0x8A, 0x58, 0x8E, 0x8A, 0x59, 0x8F,
    0x8A, 0x59, 0x8F, 0x8A, 0x5A, 0x8F, 0x8A, 0x5A, 0x8F, 0x8A, 0x5B, 0x90, 0x8A, 0x5B, 0x90, 0x8A,
    0x5C, 0x90, 0x8A, 0x5C, 0x90, 0x8A, 0x5D, 0x90, 0x8A, 0x5D, 0x91, 0x8A, 0x5E, 0x91, 0x8A, 0x5E,
    0x91, 0x8A, 0x5F, 0x91, 0x8A, 0x5F, 0x92, 0x8A, 0x60, 0x92, 0x8A, 0x60, 0x92, 0x8A, 0x61, 0x92,
    0x8A, 0x61, 0x93, 0x8A, 0x62, 0x93, 0x8A, 0x62, 0x93, 0x8A, 0x63, 0x93, 0x8A, 0x63, 0x94, 0x8A,
    0x64, 0x94, 0x8A, 0x64, 0x94, 0x8A, 0x65, 0x94, 0x8A, 0x65, 0x95, 0x8A, 0x66, 0x95, 0x8A, 0x66,
    0x95, 0x8A, 0x67, 0x95, 0x8A, 0x67, 0x96, 0x8A, 0x68, 0x96, 0x8A, 0x68, 0x96, 0x8A, 0x69, 0x96,
    0x8A, 0x69, 0x96, 0x8A, 0x6A, 0x97, 0x8A, 0x6A, 0x97, 0x8A, 0x6B, 0x97, 0x8A, 0x6B, 0x97, 0x8A,
    0x6C, 0x98, 0x8A, 0x6C, 0x98, 0x8A, 0x6D, 0x98, 0x8A, 0x6D, 0x98, 0x8A, 0x6E, 0x99, 0x8A, 0x6E,
    0x99, 0x8A, 0x6F, 0x99, 0x8A, 0x6F, 0x73, 0x8B, 0x20, 0x73, 0x8B, 0x20, 0x74, 0x8B, 0x21, 0x74,
    0x8B, 0x21, 0x74, 0x8B, 0x22, 0x74, 0x8B, 0x22, 0x75, 0x8B, 0x23, 0x75, 0x8B, 0x23, 0x75, 0x8B,
    0x24, 0x75, 0x8B, 0x24, 0x76, 0x8B, 0x25, 0x76, 0x8B, 0x25, 0x76, 0x8B, 0x26, 0x76, 0x8B, 0x26,
    0x77, 0x8B, 0x27, 0x77, 0x8B, 0x27, 0x77, 0x8B, 0x28, 0x77, 0x8B, 0x28, 0x78, 0x8B, 0x29, 0x78,
    0x8B, 0x29, 0x78, 0x8B, 0x2A, 0x78, 0x8B, 0x2A, 0x78, 0x8B, 0x2B, 0x79, 0x8B, 0x2B, 0x79, 0x8B,
    0x2C, 0x79, 0x8B, 0x2C, 0x79, 0x8B, 0x2D, 0x7A, 0x8B, 0x2D, 0x7A, 0x8B, 0x2E, 0x7A, 0x8B, 0x2E,
    0x7A, 0x8B, 0x2F, 0x7B, 0x8B, 0x2F, 0x7B, 0x8B, 0x30, 0x7B, 0x8B, 0x30, 0x7B, 0x8B, 0x31, 0x7C,
    0x8B, 0x31, 0x7C, 0x8B, 0x32, 0x7C, 0x8B, 0x32, 0x7C, 0x8B, 0x33, 0x7D, 0x8B, 0x33, 0x7D, 0x8B,
    0x34, 0x7D, 0x8B, 0x34, 0x7D, 0x8B, 0x35, 0x7E, 0x8B, 0x35, 0x7E, 0x8B, 0x36, 0x7E, 0x8B, 0x36,
    0x7E, 0x8B, 0x37, 0x7E, 0x8B, 0x37, 0x7F, 0x8B, 0x38, 0x7F, 0x8B, 0x38, 0x7F, 0x8B, 0x39, 0x7F,
    0x8B, 0x39, 0x80, 0x8B, 0x3A, 0x80, 0x8B, 0x3A, 0x80, 0x8B, 0x3B, 0x80, 0x8B, 0x3B, 0x81, 0x8B,
    0x3C, 0x81, 0x8B, 0x3C, 0x81, 0x8B, 0x3D, 0x81, 0x8B, 0x3D, 0x82, 0x8B, 0x3E, 0x82, 0x8B, 0x3E,
    0x82, 0x8B, 0x3F, 0x82, 0x8B, 0x3F, 0x83, 0x8B, 0x40, 0x83, 0x8B, 0x40, 0x83, 0x8B, 0x41, 0x83,
    0x8B, 0x41, 0x84, 0x8B, 0x42, 0x84, 0x8B, 0x42, 0x84, 0x8B, 0x43, 0x84, 0x8B, 0x43, 0x84, 0x8B,
    0x44, 0x85, 0x8B, 0x44, 0x85, 0x8B, 0x45, 0x85, 0x8B, 0x45, 0x85, 0x8B, 0x46, 0x86, 0x8B, 0x46,
    0x86, 0x8B, 0x47, 0x86, 0x8B, 0x47, 0x86, 0x8B, 0x48, 0x87, 0x8B, 0x48, 0x87, 0x8B, 0x49, 0x87,
    0x8B, 0x49, 0x87, 0x8B, 0x4A, 0x88, 0x8B, 0x4A, 0x88, 0x8B, 0x4B, 0x88, 0x8B, 0x4B, 0x88, 0x8B,
    0x4C, 0x89, 0x8B, 0x4C, 0x89, 0x8B, 0x4D, 0x89, 0x8B, 0x4D, 0x89, 0x8B, 0x4E, 0x8A, 0x8B, 0x4E,
    0x8A, 0x8B, 0x4F, 0x8A, 0x8B, 0x4F, 0x8A, 0x8B, 0x50, 0x8A, 0x8B, 0x50, 0x8B, 0x8B, 0x51, 0x8B,
    0x8B, 0x51, 0x8B, 0x8B, 0x52, 0x8B, 0x8B, 0x52, 0x8C, 0x8B, 0x53, 0x8C, 0x8B, 0x53, 0x8C, 0x8B,
    0x54, 0x8C, 0x8B, 0x54, 0x8D, 0x8B, 0x55, 0x8D, 0x8B, 0x55, 0x8D, 0x8B, 0x56, 0x8D, 0x8B, 0x56,
    0x8E, 0x8B, 0x57, 0x8E, 0x8B, 0x57, 0x8E, 0x8B, 0x58, 0x8E, 0x8B, 0x58, 0x8F, 0x8B, 0x59, 0x8F,
    0x8B, 0x59, 0x8F, 0x8B, 0x5A, 0x8F, 0x8B, 0x5A, 0x90, 0x8B, 0x5B, 0x90, 0x8B, 0x5B, 0x90, 0x8B,
    0x5C, 0x90, 0x8B, 0x5C, 0x90, 0x8B, 0x5D, 0x91, 0x8B, 0x5D, 0x91, 0x8B, 0x5E, 0x91, 0x8B, 0x5E,
    0x91, 0x8B, 0x5F, 0x92, 0x8B, 0x5F, 0x92, 0x8B, 0x60, 0x92, 0x8B, 0x60, 0x92, 0x8B, 0x61, 0x93,
    0x8B, 0x61, 0x93, 0x8B, 0x62, 0x93, 0x8B, 0x62, 0x93, 0x8B, 0x63, 0x94, 0x8B, 0x63, 0x94, 0x8B,
    0x64, 0x94, 0x8B, 0x64, 0x94, 0x8B, 0x65, 0x95, 0x8B, 0x65, 0x95, 0x8B, 0x66, 0x95, 0x8B, 0x66,
    0x95, 0x8B, 0x67, 0x96, 0x8B, 0x67, 0x96, 0x8B, 0x68, 0x96, 0x8B, 0x68, 0x96, 0x8B, 0x69, 0x96,
    0x8B, 0x69, 0x97, 0x8B, 0x6A, 0x97, 0x8B, 0x6A, 0x97, 0x8B, 0x6B, 0x97, 0x8B, 0x6B, 0x98, 0x8B,
    0x6C, 0x98, 0x8B, 0x6C, 0x98, 0x8B, 0x6D, 0x98, 0x8B, 0x6D, 0x99, 0x8B, 0x6E, 0x99, 0x8B, 0x6E,
    0x99, 0x8B, 0x6F, 0x99, 0x8B, 0x6F, 0x73, 0x8C, 0x20, 0x74, 0x8C, 0x20, 0x74, 0x8C, 0x21, 0x74,
    0x8C, 0x21, 0x74, 0x8C, 0x22, 0x75, 0x8C, 0x22, 0x75, 0x8C, 0x23, 0x75, 0x8C, 0x23, 0x75, 0x8C,
    0x24, 0x76, 0x8C, 0x24, 0x76, 0x8C, 0x25, 0x76, 0x8C, 0x25, 0x76, 0x8C, 0x26, 0x77, 0x8C, 0x26,
    0x77, 0x8C, 0x27, 0x77, 0x8C, 0x27, 0x77, 0x8C, 0x28, 0x78, 0x8C, 0x28, 0x78, 0x8C, 0x29, 0x78,
    0x8C, 0x29, 0x78, 0x8C, 0x2A, 0x78, 0x8C, 0x2A, 0x79, 0x8C, 0x2B, 0x79, 0x8C, 0x2B, 0x79, 0x8C,
    0x2C, 0x79, 0x8C, 0x2C, 0x7A, 0x8C, 0x2D, 0x7A, 0x8C, 0x2D, 0x7A, 0x8C, 0x2E, 0x7A, 0x8C, 0x2E,
    0x7B, 0x8C, 0x2F, 0x7B, 0x8C, 0x2F, 0x7B, 0x8C, 0x30, 0x7B, 0x8C, 0x30, 0x7C, 0x8C, 0x31, 0x7C,
    0x8C, 0x31, 0x7C, 0x8C, 0x32, 0x7C, 0x8C, 0x32, 0x7D, 0x8C, 0x33, 0x7D, 0x8C, 0x33, 0x7D, 0x8C,
    0x34, 0x7D, 0x8C, 0x34, 0x7E, 0x8C, 0x35, 0x7E, 0x8C, 0x35, 0x7E, 0x8C, 0x36, 0x7E, 0x8C, 0x36,
    0x7E, 0x8C, 0x37, 0x7F, 0x8C, 0x37, 0x7F, 0x8C, 0x38, 0x7F, 0x8C, 0x38, 0x7F, 0x8C, 0x39, 0x80,
    0x8C, 0x39, 0x80, 0x8C, 0x3A, 0x80, 0x8C, 0x3A, 0x80, 0x8C, 0x3B, 0x81, 0x8C, 0x3B, 0x81, 0x8C,
    0x3C, 0x81, 0x8C, 0x3C, 0x81, 0x8C, 0x3D, 0x82, 0x8C, 0x3D, 0x82, 0x8C, 0x3E, 0x82, 0x8C, 0x3E,
    0x82, 0x8C, 0x3F, 0x83, 0x8C, 0x3F, 0x83, 0x8C, 0x40, 0x83, 0x8C, 0x40, 0x83, 0x8C, 0x41, 0x84,
    0x8C, 0x41, 0x84, 0x8C, 0x42, 0x84, 0x8C, 0x42, 0x84, 0x8C, 0x43, 0x84, 0x8C, 0x43, 0x85, 0x8C,
    0x44, 0x85, 0x8C, 0x44, 0x85, 0x8C, 0x45, 0x85, 0x8C, 0x45, 0x86, 0x8C, 0x46, 0x86, 0x8C, 0x46,
    0x86, 0x8C, 0x47, 0x86, 0x8C, 0x47, 0x87, 0x8C, 0x48, 0x87, 0x8C, 0x48, 0x87, 0x8C, 0x49, 0x87,
    0x8C, 0x49, 0x88, 0x8C, 0x4A, 0x88, 0x8C, 0x4A, 0x88, 0x8C, 0x4B, 0x88, 0x8C, 0x4B, 0x89, 0x8C,
    0x4C, 0x89, 0x8C, 0x4C, 0x89, 0x8C, 0x4D, 0x89, 0x8C, 0x4D, 0x8A, 0x8C, 0x4E, 0x8A, 0x8C, 0x4E,
    0x8A, 0x8C, 0x4F, 0x8A, 0x8C, 0x4F, 0x8A, 0x8C, 0x50, 0x8B, 0x8C, 0x50, 0x8B, 0x8C, 0x51, 0x8B,
    0x8C, 0x51, 0x8B, 0x8C, 0x52, 0x8C, 0x8C, 0x52, 0x8C, 0x8C, 0x53, 0x8C, 0x8C, 0x53, 0x8C, 0x8C,
    0x54, 0x8D, 0x8C, 0x54, 0x8D, 0x8C, 0x55, 0x8D, 0x8C, 0x55, 0x8D, 0x8C, 0x56, 0x8E, 0x8C, 0x56,
    0x8E, 0x8C, 0x57, 0x8E, 0x8C, 0x57, 0x8E, 0x8C, 0x58, 0x8F, 0x8C, 0x58, 0x8F, 0x8C, 0x59, 0x8F,
    0x8C, 0x59, 0x8F, 0x8C, 0x5A, 0x90, 0x8C, 0x5A, 0x90, 0x8C, 0x5B, 0x90, 0x8C, 0x5B, 0x90, 0x8C,
    0x5C, 0x90, 0x8C, 0x5C, 0x91, 0x8C, 0x5D, 0x91, 0x8C, 0x5D, 0x91, 0x8C, 0x5E, 0x91, 0x8C, 0x5E,
    0x92, 0x8C, 0x5F, 0x92, 0x8C, 0x5F, 0x92, 0x8C, 0x60, 0x92, 0x8C, 0x60, 0x93, 0x8C, 0x61, 0x93,
    0x8C, 0x61, 0x93, 0x8C, 0x62, 0x93, 0x8C, 0x62, 0x94, 0x8C, 0x63, 0x94, 0x8C, 0x63, 0x94, 0x8C,
    0x64, 0x94, 0x8C, 0x64, 0x95, 0x8C, 0x65, 0x95, 0x8C, 0x65, 0x95, 0x8C, 0x66, 0x95, 0x8C, 0x66,
    0x96, 0x8C, 0x67, 0x96, 0x8C, 0x67, 0x96, 0x8C, 0x68, 0x96, 0x8C, 0x68, 0x96, 0x8C, 0x69, 0x97,
    0x8C, 0x69, 0x97, 0x8C, 0x6A, 0x97, 0x8C, 0x6A, 0x97, 0x8C, 0x6B, 0x98, 0x8C, 0x6B, 0x98, 0x8C,
    0x6C, 0x98, 0x8C, 0x6C, 0x98, 0x8C, 0x6D, 0x99, 0x8C, 0x6D, 0x99, 0x8C, 0x6E, 0x99, 0x8C, 0x6E,
    0x99, 0x8C, 0x6F, 0x9A, 0x8C, 0x6F, 0x74, 0x8D, 0x20, 0x74, 0x8D, 0x20, 0x74, 0x8D, 0x21, 0x74,
    0x8D, 0x21, 0x75, 0x8D, 0x22, 0x75, 0x8D, 0x22, 0x75, 0x8D, 0x23, 0x75, 0x8D, 0x23, 0x76, 0x8D,
    0x24, 0x76, 0x8D, 0x24, 0x76, 0x8D, 0x25, 0x76, 0x8D, 0x25, 0x77, 0x8D, 0x26, 0x77, 0x8D, 0x26,
    0x77, 0x8D, 0x27, 0x77, 0x8D, 0x27, 0x78, 0x8D, 0x28, 0x78, 0x8D, 0x28, 0x78, 0x8D, 0x29, 0x78,
    0x8D, 0x29, 0x78, 0x8D, 0x2A, 0x79, 0x8D, 0x2A, 0x79, 0x8D, 0x2B, 0x79, 0x8D, 0x2B, 0x79, 0x8D,
    0x2C, 0x7A, 0x8D, 0x2C, 0x7A, 0x8D, 0x2D, 0x7A, 0x8D, 0x2D, 0x7A, 0x8D, 0x2E, 0x7B, 0x8D, 0x2E,
    0x7B, 0x8D, 0x2F, 0x7B, 0x8D, 0x2F, 0x7B, 0x8D, 0x30, 0x7C, 0x8D, 0x30, 0x7C, 0x8D, 0x31, 0x7C,
    0x8D, 0x31, 0x7C, 0x8D, 0x32, 0x7D, 0x8D, 0x32, 0x7D, 0x8D, 0x33, 0x7D, 0x8D, 0x33, 0x7D, 0x8D,
    0x34, 0x7E, 0x8D, 0x34, 0x7E, 0x8D, 0x35, 0x7E, 0x8D, 0x35, 0x7E, 0x8D, 0x36, 0x7E, 0x8D, 0x36,
    0x7F, 0x8D, 0x37, 0x7F, 0x8D, 0x37, 0x7F, 0x8D, 0x38, 0x7F, 0x8D, 0x38, 0x80, 0x8D, 0x39, 0x80,
    0x8D, 0x39, 0x80, 0x8D, 0x3A, 0x80, 0x8D, 0x3A, 0x81, 0x8D, 0x3B, 0x81, 0x8D, 0x3B, 0x81, 0x8D,
    0x3C, 0x81, 0x8D, 0x3C, 0x82, 0x8D, 0x3D, 0x82, 0x8D, 0x3D, 0x82, 0x8D, 0x3E, 0x82, 0x8D, 0x3E,
    0x83, 0x8D, 0x3F, 0x83, 0x8D, 0x3F, 0x83, 0x8D, 0x40, 0x83, 0x8D, 0x40, 0x84, 0x8D, 0x41, 0x84,
    0x8D, 0x41, 0x84, 0x8D, 0x42, 0x84, 0x8D, 0x42, 0x84, 0x8D, 0x43, 0x85, 0x8D, 0x43, 0x85, 0x8D,
    0x44, 0x85, 0x8D, 0x44, 0x85, 0x8D, 0x45, 0x86, 0x8D, 0x45, 0x86, 0x8D, 0x46, 0x86, 0x8D, 0x46,
    0x86, 0x8D, 0x47, 0x87, 0x8D, 0x47, 0x87, 0x8D, 0x48, 0x87, 0x8D, 0x48, 0x87, 0x8D, 0x49, 0x88,
    0x8D, 0x49, 0x88, 0x8D, 0x4A, 0x88, 0x8D, 0x4A, 0x88, 0x8D, 0x4B, 0x89, 0x8D, 0x4B, 0x89, 0x8D,
    0x4C, 0x89, 0x8D, 0x4C, 0x89, 0x8D, 0x4D, 0x8A, 0x8D, 0x4D, 0x8A, 0x8D, 0x4E, 0x8A, 0x8D, 0x4E,
    0x8A, 0x8D, 0x4F, 0x8A, 0x8D, 0x4F, 0x8B, 0x8D, 0x50, 0x8B, 0x8D, 0x50, 0x8B, 0x8D, 0x51, 0x8B,
    0x8D, 0x51, 0x8C, 0x8D, 0x52, 0x8C, 0x8D, 0x52, 0x8C, 0x8D, 0x53, 0x8C, 0x8D, 0x53, 0x8D, 0x8D,
    0x54, 0x8D, 0x8D, 0x54, 0x8D, 0x8D, 0x55, 0x8D, 0x8D, 0x55, 0x8E, 0x8D, 0x56, 0x8E, 0x8D, 0x56,
    0x8E, 0x8D, 0x57, 0x8E, 0x8D, 0x57, 0x8F, 0x8D, 0x58, 0x8F, 0x8D, 0x58, 0x8F, 0x8D, 0x59, 0x8F,
    0x8D, 0x59, 0x90, 0x8D, 0x5A, 0x90, 0x8D, 0x5A, 0x90, 0x8D, 0x5B, 0x90, 0x8D, 0x5B, 0x90, 0x8D,
    0x5C, 0x91, 0x8D, 0x5C, 0x91, 0x8D, 0x5D, 0x91, 0x8D, 0x5D, 0x91, 0x8D, 0x5E, 0x92, 0x8D, 0x5E,
    0x92, 0x8D, 0x5F, 0x92, 0x8D, 0x5F, 0x92, 0x8D, 0x60, 0x93, 0x8D, 0x60, 0x93, 0x8D, 0x61, 0x93,
    0x8D, 0x61, 0x93, 0x8D, 0x62, 0x94, 0x8D, 0x62, 0x94, 0x8D, 0x63, 0x94, 0x8D, 0x63, 0x94, 0x8D,
    0x64, 0x95, 0x8D, 0x64, 0x95, 0x8D, 0x65, 0x95, 0x8D, 0x65, 0x95, 0x8D, 0x66, 0x96, 0x8D, 0x66,
    0x96, 0x8D, 0x67, 0x96, 0x8D, 0x67, 0x96, 0x8D, 0x68, 0x96, 0x8D, 0x68, 0x97, 0x8D, 0x69, 0x97,
    0x8D, 0x69, 0x97, 0x8D, 0x6A, 0x97, 0x8D, 0x6A, 0x98, 0x8D, 0x6B, 0x98, 0x8D, 0x6B, 0x98, 0x8D,
    0x6C, 0x98, 0x8D, 0x6C, 0x99, 0x8D, 0x6D, 0x99, 0x8D, 0x6D, 0x99, 0x8D, 0x6E, 0x99, 0x8D, 0x6E,
    0x9A, 0x8D, 0x6F, 0x9A, 0x8D, 0x6F, 0x74, 0x8E, 0x20, 0x74, 0x8E, 0x20, 0x74, 0x8E, 0x21, 0x75,
    0x8E, 0x21, 0x75, 0x8E, 0x22, 0x75, 0x8E, 0x22, 0x75, 0x8E, 0x23, 0x76, 0x8E, 0x23, 0x76, 0x8E,
    0x24, 0x76, 0x8E, 0x24, 0x76, 0x8E, 0x25, 0x77, 0x8E, 0x25, 0x77, 0x8E, 0x26, 0x77, 0x8E, 0x26,
    0x77, 0x8E, 0x27, 0x78, 0x8E, 0x27, 0x78, 0x8E, 0x28, 0x78, 0x8E, 0x28, 0x78, 0x8E, 0x29, 0x78,
    0x8E, 0x29, 0x79, 0x8E, 0x2A, 0x79, 0x8E, 0x2A, 0x79, 0x8E, 0x2B, 0x79, 0x8E, 0x2B, 0x7A, 0x8E,
    0x2C, 0x7A, 0x8E, 0x2C, 0x7A, 0x8E, 0x2D, 0x7A, 0x8E, 0x2D, 0x7B, 0x8E, 0x2E, 0x7B, 0x8E, 0x2E,
    0x7B, 0x8E, 0x2F, 0x7B, 0x8E, 0x2F, 0x7C, 0x8E, 0x30, 0x7C, 0x8E, 0x30, 0x7C, 0x8E, 0x31, 0x7C,
    0x8E, 0x31, 0x7D, 0x8E, 0x32, 0x7D, 0x8E, 0x32, 0x7D, 0x8E, 0x33, 0x7D, 0x8E, 0x33, 0x7E, 0x8E,
    0x34, 0x7E, 0x8E, 0x34, 0x7E, 0x8E, 0x35, 0x7E, 0x8E, 0x35, 0x7E, 0x8E, 0x36, 0x7F, 0x8E, 0x36,
    0x7F, 0x8E, 0x37, 0x7F, 0x8E, 0x37, 0x7F, 0x8E, 0x38, 0x80, 0x8E, 0x38, 0x80, 0x8E, 0x39, 0x80,
    0x8E, 0x39, 0x80, 0x8E, 0x3A, 0x81, 0x8E, 0x3A, 0x81, 0x8E, 0x3B, 0x81, 0x8E, 0x3B, 0x81, 0x8E,
    0x3C, 0x82, 0x8E, 0x3C, 0x82, 0x8E, 0x3D, 0x82, 0x8E, 0x3D, 0x82, 0x8E, 0x3E, 0x83, 0x8E, 0x3E,
    0x83, 0x8E, 0x3F, 0x83, 0x8E, 0x3F, 0x83, 0x8E, 0x40, 0x84, 0x8E, 0x40, 0x84, 0x8E, 0x41, 0x84,
    0x8E, 0x41, 0x84, 0x8E, 0x42, 0x84, 0x8E, 0x42, 0x85, 0x8E, 0x43, 0x85, 0x8E, 0x43, 0x85, 0x8E,
    0x44, 0x85, 0x8E, 0x44, 0x86, 0x8E, 0x45, 0x86, 0x8E, 0x45, 0x86, 0x8E, 0x46, 0x86, 0x8E, 0x46,
    0x87, 0x8E, 0x47, 0x87, 0x8E, 0x47, 0x87, 0x8E, 0x48, 0x87, 0x8E, 0x48, 0x88, 0x8E, 0x49, 0x88,
    0x8E, 0x49, 0x88, 0x8E, 0x4A, 0x88, 0x8E, 0x4A, 0x89, 0x8E, 0x4B, 0x89, 0x8E, 0x4B, 0x89, 0x8E,
    0x4C, 0x89, 0x8E, 0x4C, 0x8A, 0x8E, 0x4D, 0x8A, 0x8E, 0x4D, 0x8A, 0x8E, 0x4E, 0x8A, 0x8E, 0x4E,
    0x8A, 0x8E, 0x4F, 0x8B, 0x8E, 0x4F, 0x8B, 0x8E, 0x50, 0x8B, 0x8E, 0x50, 0x8B, 0x8E, 0x51, 0x8C,
    0x8E, 0x51, 0x8C, 0x8E, 0x52, 0x8C, 0x8E, 0x52, 0x8C, 0x8E, 0x53, 0x8D, 0x8E, 0x53, 0x8D, 0x8E,
    0x54, 0x8D, 0x8E, 0x54, 0x8D, 0x8E, 0x55, 0x8E, 0x8E, 0x55, 0x8E, 0x8E, 0x56, 0x8E, 0x8E, 0x56,
    0x8E, 0x8E, 0x57, 0x8F, 0x8E, 0x57, 0x8F, 0x8E, 0x58, 0x8F, 0x8E, 0x58, 0x8F, 0x8E, 0x59, 0x90,
    0x8E, 0x59, 0x90, 0x8E, 0x5A, 0x90, 0x8E, 0x5A, 0x90, 0x8E, 0x5B, 0x90, 0x8E, 0x5B, 0x91, 0x8E,
    0x5C, 0x91, 0x8E, 0x5C, 0x91, 0x8E, 0x5D, 0x91, 0x8E, 0x5D, 0x92, 0x8E, 0x5E, 0x92, 0x8E, 0x5E,
    0x92, 0x8E, 0x5F, 0x92, 0x8E, 0x5F, 0x93, 0x8E, 0x60, 0x93, 0x8E, 0x60, 0x93, 0x8E, 0x61, 0x93,
    0x8E, 0x61, 0x94, 0x8E, 0x62, 0x94, 0x8E, 0x62, 0x94, 0x8E, 0x63, 0x94, 0x8E, 0x63, 0x95, 0x8E,
    0x64, 0x95, 0x8E, 0x64, 0x95, 0x8E, 0x65, 0x95, 0x8E, 0x65, 0x96, 0x8E, 0x66, 0x96, 0x8E, 0x66,
    0x96, 0x8E, 0x67, 0x96, 0x8E, 0x67, 0x96, 0x8E, 0x68, 0x97, 0x8E, 0x68, 0x97, 0x8E, 0x69, 0x97,
    0x8E, 0x69, 0x97, 0x8E, 0x6A, 0x98, 0x8E, 0x6A, 0x98, 0x8E, 0x6B, 0x98, 0x8E, 0x6B, 0x98, 0x8E,
    0x6C, 0x99, 0x8E, 0x6C, 0x99, 0x8E, 0x6D, 0x99, 0x8E, 0x6D, 0x99, 0x8E, 0x6E, 0x9A, 0x8E, 0x6E,
    0x9A, 0x8E, 0x6F, 0x9A, 0x8E, 0x6F, 0x74, 0x8F, 0x20, 0x74, 0x8F, 0x20, 0x75, 0x8F, 0x21, 0x75,
    0x8F, 0x21, 0x75, 0x8F, 0x22, 0x75, 0x8F, 0x22, 0x76, 0x8F, 0x23, 0x76, 0x8F, 0x23, 0x76, 0x8F,
    0x24, 0x76, 0x8F, 0x24, 0x77, 0x8F, 0x25, 0x77, 0x8F, 0x25, 0x77, 0x8F, 0x26, 0x77, 0x8F, 0x26,
    0x78, 0x8F, 0x27, 0x78, 0x8F, 0x27, 0x78, 0x8F, 0x28, 0x78, 0x8F, 0x28, 0x78, 0x8F, 0x29, 0x79,
    0x8F, 0x29, 0x79, 0x8F, 0x2A, 0x79, 0x8F, 0x2A, 0x79, 0x8F, 0x2B, 0x7A, 0x8F, 0x2B, 0x7A, 0x8F,
    0x2C, 0x7A, 0x8F, 0x2C, 0x7A, 0x8F, 0x2D, 0x7B, 0x8F, 0x2D, 0x7B, 0x8F, 0x2E, 0x7B, 0x8F, 0x2E,
    0x7B, 0x8F, 0x2F, 0x7C, 0x8F, 0x2F, 0x7C, 0x8F, 0x30, 0x7C, 0x8F, 0x30, 0x7C, 0x8F, 0x31, 0x7D,
    0x8F, 0x31, 0x7D, 0x8F, 0x32, 0x7D, 0x8F, 0x32, 0x7D, 0x8F, 0x33, 0x7E, 0x8F, 0x33, 0x7E, 0x8F,
    0x34, 0x7E, 0x8F, 0x34, 0x7E, 0x8F, 0x35, 0x7E, 0x8F, 0x35, 0x7F, 0x8F, 0x36, 0x7F, 0x8F, 0x36,
    0x7F, 0x8F, 0x37, 0x7F, 0x8F, 0x37, 0x80, 0x8F, 0x38, 0x80, 0x8F, 0x38, 0x80, 0x8F, 0x39, 0x80,
    0x8F, 0x39, 0x81, 0x8F, 0x3A, 0x81, 0x8F, 0x3A, 0x81, 0x8F, 0x3B, 0x81, 0x8F, 0x3B, 0x82, 0x8F,
    0x3C, 0x82, 0x8F, 0x3C, 0x82, 0x8F, 0x3D, 0x82, 0x8F, 0x3D, 0x83, 0x8F, 0x3E, 0x83, 0x8F, 0x3E,
    0x83, 0x8F, 0x3F, 0x83, 0x8F, 0x3F, 0x84, 0x8F, 0x40, 0x84, 0x8F, 0x40, 0x84, 0x8F, 0x41, 0x84,
    0x8F, 0x41, 0x84, 0x8F, 0x42, 0x85, 0x8F, 0x42, 0x85, 0x8F, 0x43, 0x85, 0x8F, 0x43, 0x85, 0x8F,
    0x44, 0x86, 0x8F, 0x44, 0x86, 0x8F, 0x45, 0x86, 0x8F, 0x45, 0x86, 0x8F, 0x46, 0x87, 0x8F, 0x46,
    0x87, 0x8F, 0x47, 0x87, 0x8F, 0x47, 0x87, 0x8F, 0x48, 0x88, 0x8F, 0x48, 0x88, 0x8F, 0x49, 0x88,
    0x8F, 0x49, 0x88, 0x8F, 0x4A, 0x89, 0x8F, 0x4A, 0x89, 0x8F, 0x4B, 0x89, 0x8F, 0x4B, 0x89, 0x8F,
    0x4C, 0x8A, 0x8F, 0x4C, 0x8A, 0x8F, 0x4D, 0x8A, 0x8F, 0x4D, 0x8A, 0x8F, 0x4E, 0x8A, 0x8F, 0x4E,
    0x8B, 0x8F, 0x4F, 0x8B, 0x8F, 0x4F, 0x8B, 0x8F, 0x50, 0x8B, 0x8F, 0x50, 0x8C, 0x8F, 0x51, 0x8C,
    0x8F, 0x51, 0x8C, 0x8F, 0x52, 0x8C, 0x8F, 0x52, 0x8D, 0x8F, 0x53, 0x8D, 0x8F, 0x53, 0x8D, 0x8F,
    0x54, 0x8D, 0x8F, 0x54, 0x8E, 0x8F, 0x55, 0x8E, 0x8F, 0x55, 0x8E, 0x8F, 0x56, 0x8E, 0x8F, 0x56,
    0x8F, 0x8F, 0x57, 0x8F, 0x8F, 0x57, 0x8F, 0x8F, 0x58, 0x8F, 0x8F, 0x58, 0x90, 0x8F, 0x59, 0x90,
    0x8F, 0x59, 0x90, 0x8F, 0x5A, 0x90, 0x8F, 0x5A, 0x90, 0x8F, 0x5B, 0x91, 0x8F, 0x5B, 0x91, 0x8F,
    0x5C, 0x91, 0x8F, 0x5C, 0x91, 0x8F, 0x5D, 0x92, 0x8F, 0x5D, 0x92, 0x8F, 0x5E, 0x92, 0x8F, 0x5E,
    0x92, 0x8F, 0x5F, 0x93, 0x8F, 0x5F, 0x93, 0x8F, 0x60, 0x93, 0x8F, 0x60, 0x93, 0x8F, 0x61, 0x94,
    0x8F, 0x61, 0x94, 0x8F, 0x62, 0x94, 0x8F, 0x62, 0x94, 0x8F, 0x63, 0x95, 0x8F, 0x63, 0x95, 0x8F,
    0x64, 0x95, 0x8F, 0x64, 0x95, 0x8F, 0x65, 0x96, 0x8F, 0x65, 0x96, 0x8F, 0x66, 0x96, 0x8F, 0x66,
    0x96, 0x8F, 0x67, 0x96, 0x8F, 0x67, 0x97, 0x8F, 0x68, 0x97, 0x8F, 0x68, 0x97, 0x8F, 0x69, 0x97,
    0x8F, 0x69, 0x98, 0x8F, 0x6A, 0x98, 0x8F, 0x6A, 0x98, 0x8F, 0x6B, 0x98, 0x8F, 0x6B, 0x99, 0x8F,
    0x6C, 0x99, 0x8F, 0x6C, 0x99, 0x8F, 0x6D, 0x99, 0x8F, 0x6D, 0x9A, 0x8F, 0x6E, 0x9A, 0x8F, 0x6E,
    0x9A, 0x8F, 0x6F, 0x9A, 0x8F, 0x6F, 0x74, 0x90, 0x20, 0x75, 0x90, 0x20, 0x75, 0x90, 0x21, 0x75,
    0x90, 0x21, 0x75, 0x90, 0x22, 0x76, 0x90, 0x22, 0x76, 0x90, 0x23, 0x76, 0x90, 0x23, 0x76, 0x90,
    0x24, 0x77, 0x90, 0x24, 0x77, 0x90, 0x25, 0x77, 0x90, 0x25, 0x77, 0x90, 0x26, 0x78, 0x90, 0x26,
    0x78, 0x90, 0x27, 0x78, 0x90, 0x27, 0x78, 0x90, 0x28, 0x78, 0x90, 0x28, 0x79, 0x90, 0x29, 0x79,
    0x90, 0x29, 0x79, 0x90, 0x2A, 0x79, 0x90, 0x2A, 0x7A, 0x90, 0x2B, 0x7A, 0x90, 0x2B, 0x7A, 0x90,
    0x2C, 0x7A, 0x90, 0x2C, 0x7B, 0x90, 0x2D, 0x7B, 0x90, 0x2D, 0x7B, 0x90, 0x2E, 0x7B, 0x90, 0x2E,
    0x7C, 0x90, 0x2F, 0x7C, 0x90, 0x2F, 0x7C, 0x90, 0x30, 0x7C, 0x90, 0x30, 0x7D, 0x90, 0x31, 0x7D,
    0x90, 0x31, 0x7D, 0x90, 0x32, 0x7D, 0x90, 0x32, 0x7E, 0x90, 0x33, 0x7E, 0x90, 0x33, 0x7E, 0x90,
    0x34, 0x7E, 0x90, 0x34, 0x7E, 0x90, 0x35, 0x7F, 0x90, 0x35, 0x7F, 0x90, 0x36, 0x7F, 0x90, 0x36,
    0x7F, 0x90, 0x37, 0x80, 0x90, 0x37, 0x80, 0x90, 0x38, 0x80, 0x90, 0x38, 0x80, 0x90, 0x39, 0x81,
    0x90, 0x39, 0x81, 0x90, 0x3A, 0x81, 0x90, 0x3A, 0x81, 0x90, 0x3B, 0x82, 0x90, 0x3B, 0x82, 0x90,
    0x3C, 0x82, 0x90, 0x3C, 0x82, 0x90, 0x3D, 0x83, 0x90, 0x3D, 0x83, 0x90, 0x3E, 0x83, 0x90, 0x3E,
    0x83, 0x90, 0x3F, 0x84, 0x90, 0x3F, 0x84, 0x90, 0x40, 0x84, 0x90, 0x40, 0x84, 0x90, 0x41, 0x84,
    0x90, 0x41, 0x85, 0x90, 0x42, 0x85, 0x90, 0x42, 0x85, 0x90, 0x43, 0x85, 0x90, 0x43, 0x86, 0x90,
    0x44, 0x86, 0x90, 0x44, 0x86, 0x90, 0x45, 0x86, 0x90, 0x45, 0x87, 0x90, 0x46, 0x87, 0x90, 0x46,
    0x87, 0x90, 0x47, 0x87, 0x90, 0x47, 0x88, 0x90, 0x48, 0x88, 0x90, 0x48, 0x88, 0x90, 0x49, 0x88,
    0x90, 0x49, 0x89, 0x90, 0x4A, 0x89, 0x90, 0x4A, 0x89, 0x90, 0x4B, 0x89, 0x90, 0x4B, 0x8A, 0x90,
    0x4C, 0x8A, 0x90, 0x4C, 0x8A, 0x90, 0x4D, 0x8A, 0x90, 0x4D, 0x8A, 0x90, 0x4E, 0x8B, 0x90, 0x4E,
    0x8B, 0x90, 0x4F, 0x8B, 0x90, 0x4F, 0x8B, 0x90, 0x50, 0x8C, 0x90, 0x50, 0x8C, 0x90, 0x51, 0x8C,
    0x90, 0x51, 0x8C, 0x90, 0x52, 0x8D, 0x90, 0x52, 0x8D, 0x90, 0x53, 0x8D, 0x90, 0x53, 0x8D, 0x90,
    0x54, 0x8E, 0x90, 0x54, 0x8E, 0x90, 0x55, 0x8E, 0x90, 0x55, 0x8E, 0x90, 0x56, 0x8F, 0x90, 0x56,
    0x8F, 0x90, 0x57, 0x8F, 0x90, 0x57, 0x8F, 0x90, 0x58, 0x90, 0x90, 0x58, 0x90, 0x90, 0x59, 0x90,
    0x90, 0x59, 0x90, 0x90, 0x5A, 0x90, 0x90, 0x5A, 0x91, 0x90, 0x5B, 0x91, 0x90, 0x5B, 0x91, 0x90,
    0x5C, 0x91, 0x90, 0x5C, 0x92, 0x90, 0x5D, 0x92, 0x90, 0x5D, 0x92, 0x90, 0x5E, 0x92, 0x90, 0x5E,
    0x93, 0x90, 0x5F, 0x93, 0x90, 0x5F, 0x93, 0x90, 0x60, 0x93, 0x90, 0x60, 0x94, 0x90, 0x61, 0x94,
    0x90, 0x61, 0x94, 0x90, 0x62, 0x94, 0x90, 0x62, 0x95, 0x90, 0x63, 0x95, 0x90, 0x63, 0x95, 0x90,
    0x64, 0x95, 0x90, 0x64, 0x96, 0x90, 0x65, 0x96, 0x90, 0x65, 0x96, 0x90, 0x66, 0x96, 0x90, 0x66,
    0x96, 0x90, 0x67, 0x97, 0x90, 0x67, 0x97, 0x90, 0x68, 0x97, 0x90, 0x68, 0x97, 0x90, 0x69, 0x98,
    0x90, 0x69, 0x98, 0x90, 0x6A, 0x98, 0x90, 0x6A, 0x98, 0x90, 0x6B, 0x99, 0x90, 0x6B, 0x99, 0x90,
    0x6C, 0x99, 0x90, 0x6C, 0x99, 0x90, 0x6D, 0x9A, 0x90, 0x6D, 0x9A, 0x90, 0x6E, 0x9A, 0x90, 0x6E,
    0x9A, 0x90, 0x6F, 0x9B, 0x90, 0x6F, 0x75, 0x91, 0x20, 0x75, 0x91, 0x20, 0x75, 0x91, 0x21, 0x75,
    0x91, 0x21, 0x76, 0x91, 0x22, 0x76, 0x91, 0x22, 0x76, 0x91, 0x23, 0x76, 0x91, 0x23, 0x77, 0x91,
    0x24, 0x77, 0x91, 0x24, 0x77, 0x91, 0x25, 0x77, 0x91, 0x25, 0x78, 0x91, 0x26, 0x78, 0x91, 0x26,
    0x78, 0x91, 0x27, 0x78, 0x91, 0x27, 0x78, 0x91, 0x28, 0x79, 0x91, 0x28, 0x79, 0x91, 0x29, 0x79,
    0x91, 0x29, 0x79, 0x91, 0x2A, 0x7A, 0x91, 0x2A, 0x7A, 0x91, 0x2B, 0x7A, 0x91, 0x2B, 0x7A, 0x91,
    0x2C, 0x7B, 0x91, 0x2C, 0x7B, 0x91, 0x2D, 0x7B, 0x91, 0x2D, 0x7B, 0x91, 0x2E, 0x7C, 0x91, 0x2E,
    0x7C, 0x91, 0x2F, 0x7C, 0x91, 0x2F, 0x7C, 0x91, 0x30, 0x7D, 0x91, 0x30, 0x7D, 0x91, 0x31, 0x7D,
    0x91, 0x31, 0x7D, 0x91, 0x32, 0x7E, 0x91, 0x32, 0x7E, 0x91, 0x33, 0x7E, 0x91, 0x33, 0x7E, 0x91,
    0x34, 0x7E, 0x91, 0x34, 0x7F, 0x91, 0x35, 0x7F, 0x91, 0x35, 0x7F, 0x91, 0x36, 0x7F, 0x91, 0x36,
    0x80, 0x91, 0x37, 0x80, 0x91, 0x37, 0x80, 0x91, 0x38, 0x80, 0x91, 0x38, 0x81, 0x91, 0x39, 0x81,
    0x91, 0x39, 0x81, 0x91, 0x3A, 0x81, 0x91, 0x3A, 0x82, 0x91, 0x3B, 0x82, 0x91, 0x3B, 0x82, 0x91,
    0x3C, 0x82, 0x91, 0x3C, 0x83, 0x91, 0x3D, 0x83, 0x91, 0x3D, 0x83, 0x91, 0x3E, 0x83, 0x91, 0x3E,
    0x84, 0x91, 0x3F, 0x84, 0x91, 0x3F, 0x84, 0x91, 0x40, 0x84, 0x91, 0x40, 0x84, 0x91, 0x41, 0x85,
    0x91, 0x41, 0x85, 0x91, 0x42, 0x85, 0x91, 0x42, 0x85, 0x91, 0x43, 0x86, 0x91, 0x43, 0x86, 0x91,
    0x44, 0x86, 0x91, 0x44, 0x86, 0x91, 0x45, 0x87, 0x91, 0x45, 0x87, 0x91, 0x46, 0x87, 0x91, 0x46,
    0x87, 0x91, 0x47, 0x88, 0x91, 0x47, 0x88, 0x91, 0x48, 0x88, 0x91, 0x48, 0x88, 0x91, 0x49, 0x89,
    0x91, 0x49, 0x89, 0x91, 0x4A, 0x89, 0x91, 0x4A, 0x89, 0x91, 0x4B, 0x8A, 0x91, 0x4B, 0x8A, 0x91,
    0x4C, 0x8A, 0x91, 0x4C, 0x8A, 0x91, 0x4D, 0x8A, 0x91, 0x4D, 0x8B, 0x91, 0x4E, 0x8B, 0x91, 0x4E,
    0x8B, 0x91, 0x4F, 0x8B, 0x91, 0x4F, 0x8C, 0x91, 0x50, 0x8C, 0x91, 0x50, 0x8C, 0x91, 0x51, 0x8C,
    0x91, 0x51, 0x8D, 0x91, 0x52, 0x8D, 0x91, 0x52, 0x8D, 0x91, 0x53, 0x8D, 0x91, 0x53, 0x8E, 0x91,
    0x54, 0x8E, 0x91, 0x54, 0x8E, 0x91, 0x55, 0x8E, 0x91, 0x55, 0x8F, 0x91, 0x56, 0x8F, 0x91, 0x56,
    0x8F, 0x91, 0x57, 0x8F, 0x91, 0x57, 0x90, 0x91, 0x58, 0x90, 0x91, 0x58, 0x90, 0x91, 0x59, 0x90,
    0x91, 0x59, 0x90, 0x91, 0x5A, 0x91, 0x91, 0x5A, 0x91, 0x91, 0x5B, 0x91, 0x91, 0x5B, 0x91, 0x91,
    0x5C, 0x92, 0x91, 0x5C, 0x92, 0x91, 0x5D, 0x92, 0x91, 0x5D, 0x92, 0x91, 0x5E, 0x93, 0x91, 0x5E,
    0x93, 0x91, 0x5F, 0x93, 0x91, 0x5F, 0x93, 0x91, 0x60, 0x94, 0x91, 0x60, 0x94, 0x91, 0x61, 0x94,
    0x91, 0x61, 0x94, 0x91, 0x62, 0x95, 0x91, 0x62, 0x95, 0x91, 0x63, 0x95, 0x91, 0x63, 0x95, 0x91,
    0x64, 0x96, 0x91, 0x64, 0x96, 0x91, 0x65, 0x96, 0x91, 0x65, 0x96, 0x91, 0x66, 0x96, 0x91, 0x66,
    0x97, 0x91, 0x67, 0x97, 0x91, 0x67, 0x97, 0x91, 0x68, 0x97, 0x91, 0x68, 0x98, 0x91, 0x69, 0x98,
    0x91, 0x69, 0x98, 0x91, 0x6A, 0x98, 0x91, 0x6A, 0x99, 0x91, 0x6B, 0x99, 0x91, 0x6B, 0x99, 0x91,
    0x6C, 0x99, 0x91, 0x6C, 0x9A, 0x91, 0x6D, 0x9A, 0x91, 0x6D, 0x9A, 0x91, 0x6E, 0x9A, 0x91, 0x6E,
    0x9B, 0x91, 0x6F, 0x9B, 0x91, 0x6F, 0x75, 0x92, 0x20, 0x75, 0x92, 0x20, 0x75, 0x92, 0x21, 0x76,
    0x92, 0x21, 0x76, 0x92, 0x22, 0x76, 0x92, 0x22, 0x76, 0x92, 0x23, 0x77, 0x92, 0x23, 0x77, 0x92,
    0x24, 0x77, 0x92, 0x24, 0x77, 0x92, 0x25, 0x78, 0x92, 0x25, 0x78, 0x92, 0x26, 0x78, 0x92, 0x26,
    0x78, 0x92, 0x27, 0x78, 0x92, 0x27, 0x79, 0x92, 0x28, 0x79, 0x92, 0x28, 0x79, 0x92, 0x29, 0x79,
    0x92, 0x29, 0x7A, 0x92, 0x2A, 0x7A, 0x92, 0x2A, 0x7A, 0x92, 0x2B, 0x7A, 0x92, 0x2B, 0x7B, 0x92,
    0x2C, 0x7B, 0x92, 0x2C, 0x7B, 0x92, 0x2D, 0x7B, 0x92, 0x2D, 0x7C, 0x92, 0x2E, 0x7C, 0x92, 0x2E,
    0x7C, 0x92, 0x2F, 0x7C, 0x92, 0x2F, 0x7D, 0x92, 0x30, 0x7D, 0x92, 0x30, 0x7D, 0x92, 0x31, 0x7D,
    0x92, 0x31, 0x7E, 0x92, 0x32, 0x7E, 0x92, 0x32, 0x7E, 0x92, 0x33, 0x7E, 0x92, 0x33, 0x7E, 0x92,
    0x34, 0x7F, 0x92, 0x34, 0x7F, 0x92, 0x35, 0x7F, 0x92, 0x35, 0x7F, 0x92, 0x36, 0x80, 0x92, 0x36,
    0x80, 0x92, 0x37, 0x80, 0x92, 0x37, 0x80, 0x92, 0x38, 0x81, 0x92, 0x38, 0x81, 0x92, 0x39, 0x81,
    0x92, 0x39, 0x81, 0x92, 0x3A, 0x82, 0x92, 0x3A, 0x82, 0x92, 0x3B, 0x82, 0x92, 0x3B, 0x82, 0x92,
    0x3C, 0x83, 0x92, 0x3C, 0x83, 0x92, 0x3D, 0x83, 0x92, 0x3D, 0x83, 0x92, 0x3E, 0x84, 0x92, 0x3E,
    0x84, 0x92, 0x3F, 0x84, 0x92, 0x3F, 0x84, 0x92, 0x40, 0x84, 0x92, 0x40, 0x85, 0x92, 0x41, 0x85,
    0x92, 0x41, 0x85, 0x92, 0x42, 0x85, 0x92, 0x42, 0x86, 0x92, 0x43, 0x86, 0x92, 0x43, 0x86, 0x92,
    0x44, 0x86, 0x92, 0x44, 0x87, 0x92, 0x45, 0x87, 0x92, 0x45, 0x87, 0x92, 0x46, 0x87, 0x92, 0x46,
    0x88, 0x92, 0x47, 0x88, 0x92, 0x47, 0x88, 0x92, 0x48, 0x88, 0x92, 0x48, 0x89, 0x92, 0x49, 0x89,
    0x92, 0x49, 0x89, 0x92, 0x4A, 0x89, 0x92, 0x4A, 0x8A, 0x92, 0x4B, 0x8A, 0x92, 0x4B, 0x8A, 0x92,
    0x4C, 0x8A, 0x92, 0x4C, 0x8A, 0x92, 0x4D, 0x8B, 0x92, 0x4D, 0x8B, 0x92, 0x4E, 0x8B, 0x92, 0x4E,
    0x8B, 0x92, 0x4F, 0x8C, 0x92, 0x4F, 0x8C, 0x92, 0x50, 0x8C, 0x92, 0x50, 0x8C, 0x92, 0x51, 0x8D,
    0x92, 0x51, 0x8D, 0x92, 0x52, 0x8D, 0x92, 0x52, 0x8D, 0x92, 0x53, 0x8E, 0x92, 0x53, 0x8E, 0x92,
    0x54, 0x8E, 0x92, 0x54, 0x8E, 0x92, 0x55, 0x8F, 0x92, 0x55, 0x8F, 0x92, 0x56, 0x8F, 0x92, 0x56,
    0x8F, 0x92, 0x57, 0x90, 0x92, 0x57, 0x90, 0x92, 0x58, 0x90, 0x92, 0x58, 0x90, 0x92, 0x59, 0x90,
    0x92, 0x59, 0x91, 0x92, 0x5A, 0x91, 0x92, 0x5A, 0x91, 0x92, 0x5B, 0x91, 0x92, 0x5B, 0x92, 0x92,
    0x5C, 0x92, 0x92, 0x5C, 0x92, 0x92, 0x5D, 0x92, 0x92, 0x5D, 0x93, 0x92, 0x5E, 0x93, 0x92, 0x5E,
    0x93, 0x92, 0x5F, 0x93, 0x92, 0x5F, 0x94, 0x92, 0x60, 0x94, 0x92, 0x60, 0x94, 0x92, 0x61, 0x94,
    0x92, 0x61, 0x95, 0x92, 0x62, 0x95, 0x92, 0x62, 0x95, 0x92, 0x63, 0x95, 0x92, 0x63, 0x96, 0x92,
    0x64, 0x96, 0x92, 0x64, 0x96, 0x92, 0x65, 0x96, 0x92, 0x65, 0x96, 0x92, 0x66, 0x97, 0x92, 0x66,
    0x97, 0x92, 0x67, 0x97, 0x92, 0x67, 0x97, 0x92, 0x68, 0x98, 0x92, 0x68, 0x98, 0x92, 0x69, 0x98,
    0x92, 0x69, 0x98, 0x92, 0x6A, 0x99, 0x92, 0x6A, 0x99, 0x92, 0x6B, 0x99, 0x92, 0x6B, 0x99, 0x92,
    0x6C, 0x9A, 0x92, 0x6C, 0x9A, 0x92, 0x6D, 0x9A, 0x92, 0x6D, 0x9A, 0x92, 0x6E, 0x9B, 0x92, 0x6E,
    0x9B, 0x92, 0x6F, 0x9B, 0x92, 0x6F,
};
const UINT32 gBmpWallSize = 43254;

